formula,A_en_min,A_en_max,A_en_mean,A_r_ion_min,A_r_ion_max,A_r_ion_mean,A_ie1_min,A_ie1_max,A_ie1_mean,A_ea_min,A_ea_max,A_ea_mean,A_period_min,A_period_max,A_period_mean,A_group_min,A_group_max,A_group_mean,A_n_d_min,A_n_d_max,A_n_d_mean,B_en_min,B_en_max,B_en_mean,B_r_ion_min,B_r_ion_max,B_r_ion_mean,B_ie1_min,B_ie1_max,B_ie1_mean,B_ea_min,B_ea_max,B_ea_mean,B_period_min,B_period_max,B_period_mean,B_group_min,B_group_max,B_group_mean,B_n_d_min,B_n_d_max,B_n_d_mean,tolerance_factor,octahedral_factor,A_ox_sum,A_lone_pair_count,B_r_mismatch,dEN_O_minus_B,dEN_O_minus_A
AgNbLaAlO6,1.1,1.93,1.5150000000000001,128.0,136.0,132.0,5.577,7.576,6.576499999999999,0.47,1.302,0.886,5.0,6.0,5.5,3.0,11.0,7.0,0.0,10.0,5.0,1.6,1.61,1.605,53.5,64.0,58.75,5.986,6.759,6.3725000000000005,0.433,0.917,0.675,3.0,5.0,4.0,5.0,13.0,9.0,0.0,0.0,0.0,0.9677134313597028,0.41964285714285715,4.0,0.0,10.5,1.835,1.9249999999999998
AgNbLaGaO6,1.1,1.93,1.5150000000000001,128.0,136.0,132.0,5.577,7.576,6.576499999999999,0.47,1.302,0.886,5.0,6.0,5.5,3.0,11.0,7.0,0.0,10.0,5.0,1.6,1.81,1.705,62.0,64.0,63.0,5.999,6.759,6.379,0.43,0.917,0.6735,4.0,5.0,4.5,5.0,13.0,9.0,0.0,10.0,5.0,0.9474534210972458,0.45,4.0,0.0,2.0,1.7349999999999999,1.9249999999999998
AgNbLaInO6,1.1,1.93,1.5150000000000001,128.0,136.0,132.0,5.577,7.576,6.576499999999999,0.47,1.302,0.886,5.0,6.0,5.5,3.0,11.0,7.0,0.0,10.0,5.0,1.6,1.78,1.69,64.0,80.0,72.0,5.786,6.759,6.2725,0.3,0.917,0.6085,5.0,5.0,5.0,5.0,13.0,9.0,0.0,10.0,5.0,0.9072313418997212,0.5142857142857142,4.0,0.0,16.0,1.75,1.9249999999999998
AgNbMgTiO6,1.31,1.93,1.62,89.0,128.0,108.5,7.576,7.646,7.611,0.0,1.302,0.651,3.0,5.0,4.0,2.0,11.0,6.5,0.0,10.0,5.0,1.54,1.6,1.57,60.5,64.0,62.25,6.759,6.828,6.7935,0.079,0.917,0.498,4.0,5.0,4.5,4.0,5.0,4.5,0.0,0.0,0.0,0.8688061069214192,0.4446428571428571,3.0,0.0,3.5,1.8699999999999999,1.8199999999999998
AgNbSnTiO6,1.93,1.96,1.9449999999999998,118.0,128.0,123.0,7.344,7.576,7.46,1.112,1.302,1.207,5.0,5.0,5.0,11.0,14.0,12.5,10.0,10.0,10.0,1.54,1.6,1.57,60.5,64.0,62.25,6.759,6.828,6.7935,0.079,0.917,0.498,4.0,5.0,4.5,4.0,5.0,4.5,0.0,0.0,0.0,0.919501030665325,0.4446428571428571,3.0,1.0,3.5,1.8699999999999999,1.495
AgNbYAlO6,1.22,1.93,1.575,107.5,128.0,117.75,6.217,7.576,6.8965,0.307,1.302,0.8045,5.0,5.0,5.0,3.0,11.0,7.0,0.0,10.0,5.0,1.6,1.61,1.605,53.5,64.0,58.75,5.986,6.759,6.3725000000000005,0.433,0.917,0.675,3.0,5.0,4.0,5.0,13.0,9.0,0.0,0.0,0.0,0.9170152093123655,0.41964285714285715,4.0,0.0,10.5,1.835,1.865
AgTaAgNbO6,1.93,1.93,1.93,128.0,128.0,128.0,7.576,7.576,7.576,1.302,1.302,1.302,5.0,5.0,5.0,11.0,11.0,11.0,10.0,10.0,10.0,1.5,1.6,1.55,64.0,64.0,64.0,6.759,7.55,7.1545000000000005,0.322,0.917,0.6195,5.0,6.0,5.5,5.0,5.0,5.0,0.0,0.0,0.0,0.9289442027352683,0.45714285714285713,2.0,0.0,0.0,1.89,1.51
AgTaBaSnO6,0.89,1.93,1.41,128.0,161.0,144.5,5.212,7.576,6.394,0.145,1.302,0.7235,5.0,6.0,5.5,2.0,11.0,6.5,0.0,10.0,5.0,1.5,1.96,1.73,64.0,69.0,66.5,7.344,7.55,7.447,0.322,1.112,0.7170000000000001,5.0,6.0,5.5,5.0,14.0,9.5,0.0,10.0,5.0,0.9741979624579794,0.475,3.0,0.0,5.0,1.71,2.0300000000000002
AgTaBaTiO6,0.89,1.93,1.41,128.0,161.0,144.5,5.212,7.576,6.394,0.145,1.302,0.7235,5.0,6.0,5.5,2.0,11.0,6.5,0.0,10.0,5.0,1.5,1.54,1.52,60.5,64.0,62.25,6.828,7.55,7.189,0.079,0.322,0.2005,4.0,6.0,5.0,4.0,5.0,4.5,0.0,0.0,0.0,0.9946693658718059,0.4446428571428571,3.0,0.0,3.5,1.92,2.0300000000000002
AgTaCaGeO6,1.0,1.93,1.4649999999999999,128.0,134.0,131.0,6.113,7.576,6.8445,0.025,1.302,0.6635,4.0,5.0,4.5,2.0,11.0,6.5,0.0,10.0,5.0,1.5,2.01,1.755,53.0,64.0,58.5,7.55,7.899,7.7245,0.322,1.233,0.7775000000000001,4.0,6.0,5.0,5.0,14.0,9.5,0.0,10.0,5.0,0.965369963232012,0.41785714285714287,3.0,0.0,11.0,1.685,1.975
AgTaCaSiO6,1.0,1.93,1.4649999999999999,128.0,134.0,131.0,6.113,7.576,6.8445,0.025,1.302,0.6635,4.0,5.0,4.5,2.0,11.0,6.5,0.0,10.0,5.0,1.5,1.9,1.7,40.0,64.0,52.0,7.55,8.152,7.850999999999999,0.322,1.39,0.856,3.0,6.0,4.5,5.0,14.0,9.5,0.0,0.0,0.0,0.9980517588622623,0.37142857142857144,3.0,0.0,24.0,1.74,1.975
AgTaCaSnO6,1.0,1.93,1.4649999999999999,128.0,134.0,131.0,6.113,7.576,6.8445,0.025,1.302,0.6635,4.0,5.0,4.5,2.0,11.0,6.5,0.0,10.0,5.0,1.5,1.96,1.73,64.0,69.0,66.5,7.344,7.55,7.447,0.322,1.112,0.7170000000000001,5.0,6.0,5.5,5.0,14.0,9.5,0.0,10.0,5.0,0.9279706426225393,0.475,3.0,0.0,5.0,1.71,1.975
AgTaCaTiO6,1.0,1.93,1.4649999999999999,128.0,134.0,131.0,6.113,7.576,6.8445,0.025,1.302,0.6635,4.0,5.0,4.5,2.0,11.0,6.5,0.0,10.0,5.0,1.5,1.54,1.52,60.5,64.0,62.25,6.828,7.55,7.189,0.079,0.322,0.2005,4.0,6.0,5.0,4.0,5.0,4.5,0.0,0.0,0.0,0.9474706437654109,0.4446428571428571,3.0,0.0,3.5,1.92,1.975
AgTaCsNbO6,0.79,1.93,1.3599999999999999,128.0,188.0,158.0,3.894,7.576,5.734999999999999,0.472,1.302,0.887,5.0,6.0,5.5,1.0,11.0,6.0,0.0,10.0,5.0,1.5,1.6,1.55,64.0,64.0,64.0,6.759,7.55,7.1545000000000005,0.322,0.917,0.6195,5.0,6.0,5.5,5.0,5.0,5.0,0.0,0.0,0.0,1.0329304940862312,0.45714285714285713,2.0,0.0,0.0,1.89,2.08
AgTaCsVO6,0.79,1.93,1.3599999999999999,128.0,188.0,158.0,3.894,7.576,5.734999999999999,0.472,1.302,0.887,5.0,6.0,5.5,1.0,11.0,6.0,0.0,10.0,5.0,1.5,1.63,1.565,54.0,64.0,59.0,6.746,7.55,7.148,0.322,0.525,0.4235,4.0,6.0,5.0,5.0,5.0,5.0,0.0,0.0,0.0,1.058883521575835,0.42142857142857143,2.0,0.0,10.0,1.875,2.08
AgTaGaNbO6,1.81,1.93,1.87,120.0,128.0,124.0,5.999,7.576,6.7875,0.43,1.302,0.866,4.0,5.0,4.5,11.0,13.0,12.0,10.0,10.0,10.0,1.5,1.6,1.55,64.0,64.0,64.0,6.759,7.55,7.1545000000000005,0.322,0.917,0.6195,5.0,6.0,5.5,5.0,5.0,5.0,0.0,0.0,0.0,0.9150793638884732,0.45714285714285713,2.0,1.0,0.0,1.89,1.5699999999999998
AgTaGaTaO6,1.81,1.93,1.87,120.0,128.0,124.0,5.999,7.576,6.7875,0.43,1.302,0.866,4.0,5.0,4.5,11.0,13.0,12.0,10.0,10.0,10.0,1.5,1.5,1.5,64.0,64.0,64.0,7.55,7.55,7.55,0.322,0.322,0.322,6.0,6.0,6.0,5.0,5.0,5.0,0.0,0.0,0.0,0.9150793638884732,0.45714285714285713,2.0,1.0,0.0,1.94,1.5699999999999998
AgTaKNbO6,0.82,1.93,1.375,128.0,164.0,146.0,4.341,7.576,5.9585,0.501,1.302,0.9015,4.0,5.0,4.5,1.0,11.0,6.0,0.0,10.0,5.0,1.5,1.6,1.55,64.0,64.0,64.0,6.759,7.55,7.1545000000000005,0.322,0.917,0.6195,5.0,6.0,5.5,5.0,5.0,5.0,0.0,0.0,0.0,0.991335977545846,0.45714285714285713,2.0,0.0,0.0,1.89,2.065
AgTaKSbO6,0.82,1.93,1.375,128.0,164.0,146.0,4.341,7.576,5.9585,0.501,1.302,0.9015,4.0,5.0,4.5,1.0,11.0,6.0,0.0,10.0,5.0,1.5,2.05,1.775,60.0,64.0,62.0,7.55,8.608,8.079,0.322,1.046,0.684,5.0,6.0,5.5,5.0,15.0,10.0,0.0,10.0,5.0,1.0011511852443196,0.44285714285714284,2.0,0.0,4.0,1.665,2.065
AgTaLaAlO6,1.1,1.93,1.5150000000000001,128.0,136.0,132.0,5.577,7.576,6.576499999999999,0.47,1.302,0.886,5.0,6.0,5.5,3.0,11.0,7.0,0.0,10.0,5.0,1.5,1.61,1.5550000000000002,53.5,64.0,58.75,5.986,7.55,6.768,0.322,0.433,0.3775,3.0,6.0,4.5,5.0,13.0,9.0,0.0,0.0,0.0,0.9677134313597028,0.41964285714285715,4.0,0.0,10.5,1.8849999999999998,1.9249999999999998
AgTaLaGaO6,1.1,1.93,1.5150000000000001,128.0,136.0,132.0,5.577,7.576,6.576499999999999,0.47,1.302,0.886,5.0,6.0,5.5,3.0,11.0,7.0,0.0,10.0,5.0,1.5,1.81,1.655,62.0,64.0,63.0,5.999,7.55,6.7745,0.322,0.43,0.376,4.0,6.0,5.0,5.0,13.0,9.0,0.0,10.0,5.0,0.9474534210972458,0.45,4.0,0.0,2.0,1.785,1.9249999999999998
AgTaLaInO6,1.1,1.93,1.5150000000000001,128.0,136.0,132.0,5.577,7.576,6.576499999999999,0.47,1.302,0.886,5.0,6.0,5.5,3.0,11.0,7.0,0.0,10.0,5.0,1.5,1.78,1.6400000000000001,64.0,80.0,72.0,5.786,7.55,6.667999999999999,0.3,0.322,0.311,5.0,6.0,5.5,5.0,13.0,9.0,0.0,10.0,5.0,0.9072313418997212,0.5142857142857142,4.0,0.0,16.0,1.7999999999999998,1.9249999999999998
AgTaLiNbO6,0.98,1.93,1.455,92.0,128.0,110.0,5.392,7.576,6.484,0.618,1.302,0.96,2.0,5.0,3.5,1.0,11.0,6.0,0.0,10.0,5.0,1.5,1.6,1.55,64.0,64.0,64.0,6.759,7.55,7.1545000000000005,0.322,0.917,0.6195,5.0,6.0,5.5,5.0,5.0,5.0,0.0,0.0,0.0,0.8665524279246906,0.45714285714285713,2.0,0.0,0.0,1.89,1.9849999999999999
AgTaLiVO6,0.98,1.93,1.455,92.0,128.0,110.0,5.392,7.576,6.484,0.618,1.302,0.96,2.0,5.0,3.5,1.0,11.0,6.0,0.0,10.0,5.0,1.5,1.63,1.565,54.0,64.0,59.0,6.746,7.55,7.148,0.322,0.525,0.4235,4.0,6.0,5.0,5.0,5.0,5.0,0.0,0.0,0.0,0.8883251019931502,0.42142857142857143,2.0,0.0,10.0,1.875,1.9849999999999999
AgTaMgTiO6,1.31,1.93,1.62,89.0,128.0,108.5,7.576,7.646,7.611,0.0,1.302,0.651,3.0,5.0,4.0,2.0,11.0,6.5,0.0,10.0,5.0,1.5,1.54,1.52,60.5,64.0,62.25,6.828,7.55,7.189,0.079,0.322,0.2005,4.0,6.0,5.0,4.0,5.0,4.5,0.0,0.0,0.0,0.8688061069214192,0.4446428571428571,3.0,0.0,3.5,1.92,1.8199999999999998
AgTaNaNbO6,0.93,1.93,1.43,128.0,139.0,133.5,5.139,7.576,6.3575,0.548,1.302,0.925,3.0,5.0,4.0,1.0,11.0,6.0,0.0,10.0,5.0,1.5,1.6,1.55,64.0,64.0,64.0,6.759,7.55,7.1545000000000005,0.322,0.917,0.6195,5.0,6.0,5.5,5.0,5.0,5.0,0.0,0.0,0.0,0.9480083561496115,0.45714285714285713,2.0,0.0,0.0,1.89,2.01
AgTaNaSbO6,0.93,1.93,1.43,128.0,139.0,133.5,5.139,7.576,6.3575,0.548,1.302,0.925,3.0,5.0,4.0,1.0,11.0,6.0,0.0,10.0,5.0,1.5,2.05,1.775,60.0,64.0,62.0,7.55,8.608,8.079,0.322,1.046,0.684,5.0,6.0,5.5,5.0,15.0,10.0,0.0,10.0,5.0,0.9573945774976274,0.44285714285714284,2.0,0.0,4.0,1.665,2.01
AgTaNaVO6,0.93,1.93,1.43,128.0,139.0,133.5,5.139,7.576,6.3575,0.548,1.302,0.925,3.0,5.0,4.0,1.0,11.0,6.0,0.0,10.0,5.0,1.5,1.63,1.565,54.0,64.0,59.0,6.746,7.55,7.148,0.322,0.525,0.4235,4.0,6.0,5.0,5.0,5.0,5.0,0.0,0.0,0.0,0.9718276615805063,0.42142857142857143,2.0,0.0,10.0,1.875,2.01
AgTaPbHfO6,1.8,1.93,1.865,128.0,149.0,138.5,7.417,7.576,7.496499999999999,0.357,1.302,0.8295,5.0,6.0,5.5,11.0,14.0,12.5,10.0,10.0,10.0,1.3,1.5,1.4,64.0,71.0,67.5,6.825,7.55,7.1875,0.014,0.322,0.168,6.0,6.0,6.0,4.0,5.0,4.5,0.0,0.0,0.0,0.9490565713756793,0.48214285714285715,3.0,1.0,7.0,2.04,1.575
AgTaPbTiO6,1.8,1.93,1.865,128.0,149.0,138.5,7.417,7.576,7.496499999999999,0.357,1.302,0.8295,5.0,6.0,5.5,11.0,14.0,12.5,10.0,10.0,10.0,1.5,1.54,1.52,60.5,64.0,62.25,6.828,7.55,7.189,0.079,0.322,0.2005,4.0,6.0,5.0,4.0,5.0,4.5,0.0,0.0,0.0,0.9736921560467414,0.4446428571428571,3.0,1.0,3.5,1.92,1.575
AgTaPbZrO6,1.8,1.93,1.865,128.0,149.0,138.5,7.417,7.576,7.496499999999999,0.357,1.302,0.8295,5.0,6.0,5.5,11.0,14.0,12.5,10.0,10.0,10.0,1.33,1.5,1.415,64.0,72.0,68.0,6.634,7.55,7.0920000000000005,0.322,0.426,0.374,5.0,6.0,5.5,4.0,5.0,4.5,0.0,0.0,0.0,0.9467751853867955,0.4857142857142857,3.0,1.0,8.0,2.025,1.575
AgTaRbNbO6,0.82,1.93,1.375,128.0,172.0,150.0,4.177,7.576,5.8765,0.486,1.302,0.894,5.0,5.0,5.0,1.0,11.0,6.0,0.0,10.0,5.0,1.5,1.6,1.55,64.0,64.0,64.0,6.759,7.55,7.1545000000000005,0.322,0.917,0.6195,5.0,6.0,5.5,5.0,5.0,5.0,0.0,0.0,0.0,1.0052008163926411,0.45714285714285713,2.0,0.0,0.0,1.89,2.065
AgTaSnHfO6,1.93,1.96,1.9449999999999998,118.0,128.0,123.0,7.344,7.576,7.46,1.112,1.302,1.207,5.0,5.0,5.0,11.0,14.0,12.5,10.0,10.0,10.0,1.3,1.5,1.4,64.0,71.0,67.5,6.825,7.55,7.1875,0.014,0.322,0.168,6.0,6.0,6.0,4.0,5.0,4.5,0.0,0.0,0.0,0.8962365467569252,0.48214285714285715,3.0,1.0,7.0,2.04,1.495
AgTaSnTiO6,1.93,1.96,1.9449999999999998,118.0,128.0,123.0,7.344,7.576,7.46,1.112,1.302,1.207,5.0,5.0,5.0,11.0,14.0,12.5,10.0,10.0,10.0,1.5,1.54,1.52,60.5,64.0,62.25,6.828,7.55,7.189,0.079,0.322,0.2005,4.0,6.0,5.0,4.0,5.0,4.5,0.0,0.0,0.0,0.919501030665325,0.4446428571428571,3.0,1.0,3.5,1.92,1.495
AgTaSnZrO6,1.93,1.96,1.9449999999999998,118.0,128.0,123.0,7.344,7.576,7.46,1.112,1.302,1.207,5.0,5.0,5.0,11.0,14.0,12.5,10.0,10.0,10.0,1.33,1.5,1.415,64.0,72.0,68.0,6.634,7.55,7.0920000000000005,0.322,0.426,0.374,5.0,6.0,5.5,4.0,5.0,4.5,0.0,0.0,0.0,0.8940821319810671,0.4857142857142857,3.0,1.0,8.0,2.025,1.495
AgTaSrGeO6,0.95,1.93,1.44,128.0,144.0,136.0,5.695,7.576,6.6355,0.048,1.302,0.675,5.0,5.0,5.0,2.0,11.0,6.5,0.0,10.0,5.0,1.5,2.01,1.755,53.0,64.0,58.5,7.55,7.899,7.7245,0.322,1.233,0.7775000000000001,4.0,6.0,5.0,5.0,14.0,9.5,0.0,10.0,5.0,0.983181217166182,0.41785714285714287,3.0,0.0,11.0,1.685,2.0
AgTaSrSiO6,0.95,1.93,1.44,128.0,144.0,136.0,5.695,7.576,6.6355,0.048,1.302,0.675,5.0,5.0,5.0,2.0,11.0,6.5,0.0,10.0,5.0,1.5,1.9,1.7,40.0,64.0,52.0,7.55,8.152,7.850999999999999,0.322,1.39,0.856,3.0,6.0,4.5,5.0,14.0,9.5,0.0,0.0,0.0,1.0164659979556618,0.37142857142857144,3.0,0.0,24.0,1.74,2.0
AgTaSrSnO6,0.95,1.93,1.44,128.0,144.0,136.0,5.695,7.576,6.6355,0.048,1.302,0.675,5.0,5.0,5.0,2.0,11.0,6.5,0.0,10.0,5.0,1.5,1.96,1.73,64.0,69.0,66.5,7.344,7.55,7.447,0.322,1.112,0.7170000000000001,5.0,6.0,5.5,5.0,14.0,9.5,0.0,10.0,5.0,0.9450918721912208,0.475,3.0,0.0,5.0,1.71,2.0
AgTaSrTiO6,0.95,1.93,1.44,128.0,144.0,136.0,5.695,7.576,6.6355,0.048,1.302,0.675,5.0,5.0,5.0,2.0,11.0,6.5,0.0,10.0,5.0,1.5,1.54,1.52,60.5,64.0,62.25,6.828,7.55,7.189,0.079,0.322,0.2005,4.0,6.0,5.0,4.0,5.0,4.5,0.0,0.0,0.0,0.9649516519529646,0.4446428571428571,3.0,0.0,3.5,1.92,2.0
AgTaTlNbO6,1.8,1.93,1.865,128.0,170.0,149.0,6.108,7.576,6.842,0.377,1.302,0.8395,5.0,6.0,5.5,11.0,13.0,12.0,10.0,10.0,10.0,1.5,1.6,1.55,64.0,64.0,64.0,6.759,7.55,7.1545000000000005,0.322,0.917,0.6195,5.0,6.0,5.5,5.0,5.0,5.0,0.0,0.0,0.0,1.0017346066809423,0.45714285714285713,2.0,1.0,0.0,1.89,1.575
AgTaYAlO6,1.22,1.93,1.575,107.5,128.0,117.75,6.217,7.576,6.8965,0.307,1.302,0.8045,5.0,5.0,5.0,3.0,11.0,7.0,0.0,10.0,5.0,1.5,1.61,1.5550000000000002,53.5,64.0,58.75,5.986,7.55,6.768,0.322,0.433,0.3775,3.0,6.0,4.5,5.0,13.0,9.0,0.0,0.0,0.0,0.9170152093123655,0.41964285714285715,4.0,0.0,10.5,1.8849999999999998,1.865
BaHfAgNbO6,0.89,1.93,1.41,128.0,161.0,144.5,5.212,7.576,6.394,0.145,1.302,0.7235,5.0,6.0,5.5,2.0,11.0,6.5,0.0,10.0,5.0,1.3,1.6,1.4500000000000002,64.0,71.0,67.5,6.759,6.825,6.792,0.014,0.917,0.4655,5.0,6.0,5.5,4.0,5.0,4.5,0.0,0.0,0.0,0.9695030325184228,0.48214285714285715,3.0,0.0,7.0,1.9899999999999998,2.0300000000000002
BaHfAgTaO6,0.89,1.93,1.41,128.0,161.0,144.5,5.212,7.576,6.394,0.145,1.302,0.7235,5.0,6.0,5.5,2.0,11.0,6.5,0.0,10.0,5.0,1.3,1.5,1.4,64.0,71.0,67.5,6.825,7.55,7.1875,0.014,0.322,0.168,6.0,6.0,6.0,4.0,5.0,4.5,0.0,0.0,0.0,0.9695030325184228,0.48214285714285715,3.0,0.0,7.0,2.04,2.0300000000000002
BaHfBaSnO6,0.89,0.89,0.89,161.0,161.0,161.0,5.212,5.212,5.212,0.145,0.145,0.145,6.0,6.0,6.0,2.0,2.0,2.0,0.0,0.0,0.0,1.3,1.96,1.63,69.0,71.0,70.0,6.825,7.344,7.0845,0.014,1.112,0.5630000000000001,5.0,6.0,5.5,4.0,14.0,9.0,0.0,10.0,5.0,1.0135197197007182,0.5,4.0,0.0,2.0,1.81,2.55
BaHfBaTiO6,0.89,0.89,0.89,161.0,161.0,161.0,5.212,5.212,5.212,0.145,0.145,0.145,6.0,6.0,6.0,2.0,2.0,2.0,0.0,0.0,0.0,1.3,1.54,1.42,60.5,71.0,65.75,6.825,6.828,6.8265,0.014,0.079,0.0465,4.0,6.0,5.0,4.0,4.0,4.0,0.0,0.0,0.0,1.0344551209582056,0.46964285714285714,4.0,0.0,10.5,2.02,2.55
BaHfBaZrO6,0.89,0.89,0.89,161.0,161.0,161.0,5.212,5.212,5.212,0.145,0.145,0.145,6.0,6.0,6.0,2.0,2.0,2.0,0.0,0.0,0.0,1.3,1.33,1.315,71.0,72.0,71.5,6.634,6.825,6.7295,0.014,0.426,0.22,5.0,6.0,5.5,4.0,4.0,4.0,0.0,0.0,0.0,1.0063316365822732,0.5107142857142857,4.0,0.0,1.0,2.125,2.55
BaHfCaGeO6,0.89,1.0,0.9450000000000001,134.0,161.0,147.5,5.212,6.113,5.6625,0.025,0.145,0.08499999999999999,4.0,6.0,5.0,2.0,2.0,2.0,0.0,0.0,0.0,1.3,2.01,1.6549999999999998,53.0,71.0,62.0,6.825,7.899,7.362,0.014,1.233,0.6235,4.0,6.0,5.0,4.0,14.0,9.0,0.0,10.0,5.0,1.0064019781739226,0.44285714285714284,4.0,0.0,18.0,1.7850000000000001,2.495
BaHfCaHfO6,0.89,1.0,0.9450000000000001,134.0,161.0,147.5,5.212,6.113,5.6625,0.025,0.145,0.08499999999999999,4.0,6.0,5.0,2.0,2.0,2.0,0.0,0.0,0.0,1.3,1.3,1.3,71.0,71.0,71.0,6.825,6.825,6.825,0.014,0.014,0.014,6.0,6.0,6.0,4.0,4.0,4.0,0.0,0.0,0.0,0.9634748795788265,0.5071428571428571,4.0,0.0,0.0,2.1399999999999997,2.495
BaHfCaSiO6,0.89,1.0,0.9450000000000001,134.0,161.0,147.5,5.212,6.113,5.6625,0.025,0.145,0.08499999999999999,4.0,6.0,5.0,2.0,2.0,2.0,0.0,0.0,0.0,1.3,1.9,1.6,40.0,71.0,55.5,6.825,8.152,7.4885,0.014,1.39,0.702,3.0,6.0,4.5,4.0,14.0,9.0,0.0,0.0,0.0,1.0398629135096287,0.3964285714285714,4.0,0.0,31.0,1.8399999999999999,2.495
BaHfCaSnO6,0.89,1.0,0.9450000000000001,134.0,161.0,147.5,5.212,6.113,5.6625,0.025,0.145,0.08499999999999999,4.0,6.0,5.0,2.0,2.0,2.0,0.0,0.0,0.0,1.3,1.96,1.63,69.0,71.0,70.0,6.825,7.344,7.0845,0.014,1.112,0.5630000000000001,5.0,6.0,5.5,4.0,14.0,9.0,0.0,10.0,5.0,0.9680628551958685,0.5,4.0,0.0,2.0,1.81,2.495
BaHfCaTiO6,0.89,1.0,0.9450000000000001,134.0,161.0,147.5,5.212,6.113,5.6625,0.025,0.145,0.08499999999999999,4.0,6.0,5.0,2.0,2.0,2.0,0.0,0.0,0.0,1.3,1.54,1.42,60.5,71.0,65.75,6.825,6.828,6.8265,0.014,0.079,0.0465,4.0,6.0,5.0,4.0,4.0,4.0,0.0,0.0,0.0,0.9880592932740335,0.46964285714285714,4.0,0.0,10.5,2.02,2.495
BaHfCaZrO6,0.89,1.0,0.9450000000000001,134.0,161.0,147.5,5.212,6.113,5.6625,0.025,0.145,0.08499999999999999,4.0,6.0,5.0,2.0,2.0,2.0,0.0,0.0,0.0,1.3,1.33,1.315,71.0,72.0,71.5,6.634,6.825,6.7295,0.014,0.426,0.22,5.0,6.0,5.5,4.0,4.0,4.0,0.0,0.0,0.0,0.9611971611873872,0.5107142857142857,4.0,0.0,1.0,2.125,2.495
BaHfCsNbO6,0.79,0.89,0.8400000000000001,161.0,188.0,174.5,3.894,5.212,4.553,0.145,0.472,0.3085,6.0,6.0,6.0,1.0,2.0,1.5,0.0,0.0,0.0,1.3,1.6,1.4500000000000002,64.0,71.0,67.5,6.759,6.825,6.792,0.014,0.917,0.4655,5.0,6.0,5.5,4.0,5.0,4.5,0.0,0.0,0.0,1.0717353382321406,0.48214285714285715,3.0,0.0,7.0,1.9899999999999998,2.5999999999999996
BaHfCsTaO6,0.79,0.89,0.8400000000000001,161.0,188.0,174.5,3.894,5.212,4.553,0.145,0.472,0.3085,6.0,6.0,6.0,1.0,2.0,1.5,0.0,0.0,0.0,1.3,1.5,1.4,64.0,71.0,67.5,6.825,7.55,7.1875,0.014,0.322,0.168,6.0,6.0,6.0,4.0,5.0,4.5,0.0,0.0,0.0,1.0717353382321406,0.48214285714285715,3.0,0.0,7.0,2.04,2.5999999999999996
BaHfCsVO6,0.79,0.89,0.8400000000000001,161.0,188.0,174.5,3.894,5.212,4.553,0.145,0.472,0.3085,6.0,6.0,6.0,1.0,2.0,1.5,0.0,0.0,0.0,1.3,1.63,1.4649999999999999,54.0,71.0,62.5,6.746,6.825,6.785500000000001,0.014,0.525,0.2695,4.0,6.0,5.0,4.0,5.0,4.5,0.0,0.0,0.0,1.098197939176144,0.44642857142857145,3.0,0.0,17.0,1.975,2.5999999999999996
BaHfGaNbO6,0.89,1.81,1.35,120.0,161.0,140.5,5.212,5.999,5.605499999999999,0.145,0.43,0.2875,4.0,6.0,5.0,2.0,13.0,7.5,0.0,10.0,5.0,1.3,1.6,1.4500000000000002,64.0,71.0,67.5,6.759,6.825,6.792,0.014,0.917,0.4655,5.0,6.0,5.5,4.0,5.0,4.5,0.0,0.0,0.0,0.9558720584232605,0.48214285714285715,3.0,1.0,7.0,1.9899999999999998,2.09
BaHfGaTaO6,0.89,1.81,1.35,120.0,161.0,140.5,5.212,5.999,5.605499999999999,0.145,0.43,0.2875,4.0,6.0,5.0,2.0,13.0,7.5,0.0,10.0,5.0,1.3,1.5,1.4,64.0,71.0,67.5,6.825,7.55,7.1875,0.014,0.322,0.168,6.0,6.0,6.0,4.0,5.0,4.5,0.0,0.0,0.0,0.9558720584232605,0.48214285714285715,3.0,1.0,7.0,2.04,2.09
BaHfInNbO6,0.89,1.78,1.335,140.0,161.0,150.5,5.212,5.786,5.499,0.145,0.3,0.22249999999999998,5.0,6.0,5.5,2.0,13.0,7.5,0.0,10.0,5.0,1.3,1.6,1.4500000000000002,64.0,71.0,67.5,6.759,6.825,6.792,0.014,0.917,0.4655,5.0,6.0,5.5,4.0,5.0,4.5,0.0,0.0,0.0,0.9899494936611664,0.48214285714285715,3.0,1.0,7.0,1.9899999999999998,2.105
BaHfInTaO6,0.89,1.78,1.335,140.0,161.0,150.5,5.212,5.786,5.499,0.145,0.3,0.22249999999999998,5.0,6.0,5.5,2.0,13.0,7.5,0.0,10.0,5.0,1.3,1.5,1.4,64.0,71.0,67.5,6.825,7.55,7.1875,0.014,0.322,0.168,6.0,6.0,6.0,4.0,5.0,4.5,0.0,0.0,0.0,0.9899494936611664,0.48214285714285715,3.0,1.0,7.0,2.04,2.105
BaHfKNbO6,0.82,0.89,0.855,161.0,164.0,162.5,4.341,5.212,4.7765,0.145,0.501,0.323,4.0,6.0,5.0,1.0,2.0,1.5,0.0,0.0,0.0,1.3,1.6,1.4500000000000002,64.0,71.0,67.5,6.759,6.825,6.792,0.014,0.917,0.4655,5.0,6.0,5.5,4.0,5.0,4.5,0.0,0.0,0.0,1.0308424159466534,0.48214285714285715,3.0,0.0,7.0,1.9899999999999998,2.585
BaHfKSbO6,0.82,0.89,0.855,161.0,164.0,162.5,4.341,5.212,4.7765,0.145,0.501,0.323,4.0,6.0,5.0,1.0,2.0,1.5,0.0,0.0,0.0,1.3,2.05,1.6749999999999998,60.0,71.0,65.5,6.825,8.608,7.7165,0.014,1.046,0.53,5.0,6.0,5.5,4.0,15.0,9.5,0.0,10.0,5.0,1.0408749455422415,0.46785714285714286,3.0,0.0,11.0,1.7650000000000001,2.585
BaHfKTaO6,0.82,0.89,0.855,161.0,164.0,162.5,4.341,5.212,4.7765,0.145,0.501,0.323,4.0,6.0,5.0,1.0,2.0,1.5,0.0,0.0,0.0,1.3,1.5,1.4,64.0,71.0,67.5,6.825,7.55,7.1875,0.014,0.322,0.168,6.0,6.0,6.0,4.0,5.0,4.5,0.0,0.0,0.0,1.0308424159466534,0.48214285714285715,3.0,0.0,7.0,2.04,2.585
BaHfLaAlO6,0.89,1.1,0.9950000000000001,136.0,161.0,148.5,5.212,5.577,5.3945,0.145,0.47,0.3075,6.0,6.0,6.0,2.0,3.0,2.5,0.0,0.0,0.0,1.3,1.61,1.455,53.5,71.0,62.25,5.986,6.825,6.4055,0.014,0.433,0.2235,3.0,6.0,4.5,4.0,13.0,8.5,0.0,0.0,0.0,1.008654172421849,0.4446428571428571,5.0,0.0,17.5,1.9849999999999999,2.445
BaHfLaGaO6,0.89,1.1,0.9950000000000001,136.0,161.0,148.5,5.212,5.577,5.3945,0.145,0.47,0.3075,6.0,6.0,6.0,2.0,3.0,2.5,0.0,0.0,0.0,1.3,1.81,1.5550000000000002,62.0,71.0,66.5,5.999,6.825,6.412,0.014,0.43,0.222,4.0,6.0,5.0,4.0,13.0,8.5,0.0,10.0,5.0,0.9878949461129246,0.475,5.0,0.0,9.0,1.8849999999999998,2.445
BaHfLaInO6,0.89,1.1,0.9950000000000001,136.0,161.0,148.5,5.212,5.577,5.3945,0.145,0.47,0.3075,6.0,6.0,6.0,2.0,3.0,2.5,0.0,0.0,0.0,1.3,1.78,1.54,71.0,80.0,75.5,5.786,6.825,6.3055,0.014,0.3,0.157,5.0,6.0,5.5,4.0,13.0,8.5,0.0,10.0,5.0,0.9466371525397631,0.5392857142857143,5.0,0.0,9.0,1.9,2.445
BaHfLaScO6,0.89,1.1,0.9950000000000001,136.0,161.0,148.5,5.212,5.577,5.3945,0.145,0.47,0.3075,6.0,6.0,6.0,2.0,3.0,2.5,0.0,0.0,0.0,1.3,1.36,1.33,71.0,74.5,72.75,6.561,6.825,6.693,0.014,0.188,0.101,4.0,6.0,5.0,3.0,4.0,3.5,0.0,0.0,0.0,0.9588733554515578,0.5196428571428572,5.0,0.0,3.5,2.11,2.445
BaHfLiNbO6,0.89,0.98,0.935,92.0,161.0,126.5,5.212,5.392,5.302,0.145,0.618,0.3815,2.0,6.0,4.0,1.0,2.0,1.5,0.0,0.0,0.0,1.3,1.6,1.4500000000000002,64.0,71.0,67.5,6.759,6.825,6.792,0.014,0.917,0.4655,5.0,6.0,5.5,4.0,5.0,4.5,0.0,0.0,0.0,0.9081636490901922,0.48214285714285715,3.0,0.0,7.0,1.9899999999999998,2.505
BaHfLiTaO6,0.89,0.98,0.935,92.0,161.0,126.5,5.212,5.392,5.302,0.145,0.618,0.3815,2.0,6.0,4.0,1.0,2.0,1.5,0.0,0.0,0.0,1.3,1.5,1.4,64.0,71.0,67.5,6.825,7.55,7.1875,0.014,0.322,0.168,6.0,6.0,6.0,4.0,5.0,4.5,0.0,0.0,0.0,0.9081636490901922,0.48214285714285715,3.0,0.0,7.0,2.04,2.505
BaHfLiVO6,0.89,0.98,0.935,92.0,161.0,126.5,5.212,5.392,5.302,0.145,0.618,0.3815,2.0,6.0,4.0,1.0,2.0,1.5,0.0,0.0,0.0,1.3,1.63,1.4649999999999999,54.0,71.0,62.5,6.746,6.825,6.785500000000001,0.014,0.525,0.2695,4.0,6.0,5.0,4.0,5.0,4.5,0.0,0.0,0.0,0.9305874428948884,0.44642857142857145,3.0,0.0,17.0,1.975,2.505
BaHfMgTiO6,0.89,1.31,1.1,89.0,161.0,125.0,5.212,7.646,6.429,0.0,0.145,0.0725,3.0,6.0,4.5,2.0,2.0,2.0,0.0,0.0,0.0,1.3,1.54,1.42,60.5,71.0,65.75,6.825,6.828,6.8265,0.014,0.079,0.0465,4.0,6.0,5.0,4.0,4.0,4.0,0.0,0.0,0.0,0.9107329138004135,0.46964285714285714,4.0,0.0,10.5,2.02,2.34
BaHfMgZrO6,0.89,1.31,1.1,89.0,161.0,125.0,5.212,7.646,6.429,0.0,0.145,0.0725,3.0,6.0,4.5,2.0,2.0,2.0,0.0,0.0,0.0,1.3,1.33,1.315,71.0,72.0,71.5,6.634,6.825,6.7295,0.014,0.426,0.22,5.0,6.0,5.5,4.0,4.0,4.0,0.0,0.0,0.0,0.8859730355292439,0.5107142857142857,4.0,0.0,1.0,2.125,2.34
BaHfNaNbO6,0.89,0.93,0.91,139.0,161.0,150.0,5.139,5.212,5.1754999999999995,0.145,0.548,0.34650000000000003,3.0,6.0,4.5,1.0,2.0,1.5,0.0,0.0,0.0,1.3,1.6,1.4500000000000002,64.0,71.0,67.5,6.759,6.825,6.792,0.014,0.917,0.4655,5.0,6.0,5.5,4.0,5.0,4.5,0.0,0.0,0.0,0.9882456218992711,0.48214285714285715,3.0,0.0,7.0,1.9899999999999998,2.53
BaHfNaSbO6,0.89,0.93,0.91,139.0,161.0,150.0,5.139,5.212,5.1754999999999995,0.145,0.548,0.34650000000000003,3.0,6.0,4.5,1.0,2.0,1.5,0.0,0.0,0.0,1.3,2.05,1.6749999999999998,60.0,71.0,65.5,6.825,8.608,7.7165,0.014,1.046,0.53,5.0,6.0,5.5,4.0,15.0,9.5,0.0,10.0,5.0,0.9978635841561984,0.46785714285714286,3.0,0.0,11.0,1.7650000000000001,2.53
BaHfNaTaO6,0.89,0.93,0.91,139.0,161.0,150.0,5.139,5.212,5.1754999999999995,0.145,0.548,0.34650000000000003,3.0,6.0,4.5,1.0,2.0,1.5,0.0,0.0,0.0,1.3,1.5,1.4,64.0,71.0,67.5,6.825,7.55,7.1875,0.014,0.322,0.168,6.0,6.0,6.0,4.0,5.0,4.5,0.0,0.0,0.0,0.9882456218992711,0.48214285714285715,3.0,0.0,7.0,2.04,2.53
BaHfNaVO6,0.89,0.93,0.91,139.0,161.0,150.0,5.139,5.212,5.1754999999999995,0.145,0.548,0.34650000000000003,3.0,6.0,4.5,1.0,2.0,1.5,0.0,0.0,0.0,1.3,1.63,1.4649999999999999,54.0,71.0,62.5,6.746,6.825,6.785500000000001,0.014,0.525,0.2695,4.0,6.0,5.0,4.0,5.0,4.5,0.0,0.0,0.0,1.0126467483659198,0.44642857142857145,3.0,0.0,17.0,1.975,2.53
BaHfPbHfO6,0.89,1.8,1.345,149.0,161.0,155.0,5.212,7.417,6.3145,0.145,0.357,0.251,6.0,6.0,6.0,2.0,14.0,8.0,0.0,10.0,5.0,1.3,1.3,1.3,71.0,71.0,71.0,6.825,6.825,6.825,0.014,0.014,0.014,6.0,6.0,6.0,4.0,4.0,4.0,0.0,0.0,0.0,0.9886090068721872,0.5071428571428571,4.0,1.0,0.0,2.1399999999999997,2.0949999999999998
BaHfPbTiO6,0.89,1.8,1.345,149.0,161.0,155.0,5.212,7.417,6.3145,0.145,0.357,0.251,6.0,6.0,6.0,2.0,14.0,8.0,0.0,10.0,5.0,1.3,1.54,1.42,60.5,71.0,65.75,6.825,6.828,6.8265,0.014,0.079,0.0465,4.0,6.0,5.0,4.0,4.0,4.0,0.0,0.0,0.0,1.0138347530985736,0.46964285714285714,4.0,1.0,10.5,2.02,2.0949999999999998
BaHfPbZrO6,0.89,1.8,1.345,149.0,161.0,155.0,5.212,7.417,6.3145,0.145,0.357,0.251,6.0,6.0,6.0,2.0,14.0,8.0,0.0,10.0,5.0,1.3,1.33,1.315,71.0,72.0,71.5,6.634,6.825,6.7295,0.014,0.426,0.22,5.0,6.0,5.5,4.0,4.0,4.0,0.0,0.0,0.0,0.9862718697401016,0.5107142857142857,4.0,1.0,1.0,2.125,2.0949999999999998
BaHfRbNbO6,0.82,0.89,0.855,161.0,172.0,166.5,4.177,5.212,4.6945,0.145,0.486,0.3155,5.0,6.0,5.5,1.0,2.0,1.5,0.0,0.0,0.0,1.3,1.6,1.4500000000000002,64.0,71.0,67.5,6.759,6.825,6.792,0.014,0.917,0.4655,5.0,6.0,5.5,4.0,5.0,4.5,0.0,0.0,0.0,1.044473390041816,0.48214285714285715,3.0,0.0,7.0,1.9899999999999998,2.585
BaHfRbTaO6,0.82,0.89,0.855,161.0,172.0,166.5,4.177,5.212,4.6945,0.145,0.486,0.3155,5.0,6.0,5.5,1.0,2.0,1.5,0.0,0.0,0.0,1.3,1.5,1.4,64.0,71.0,67.5,6.825,7.55,7.1875,0.014,0.322,0.168,6.0,6.0,6.0,4.0,5.0,4.5,0.0,0.0,0.0,1.044473390041816,0.48214285714285715,3.0,0.0,7.0,2.04,2.585
BaHfSnHfO6,0.89,1.96,1.425,118.0,161.0,139.5,5.212,7.344,6.2780000000000005,0.145,1.112,0.6285000000000001,5.0,6.0,5.5,2.0,14.0,8.0,0.0,10.0,5.0,1.3,1.3,1.3,71.0,71.0,71.0,6.825,6.825,6.825,0.014,0.014,0.014,6.0,6.0,6.0,4.0,4.0,4.0,0.0,0.0,0.0,0.9366651437992418,0.5071428571428571,4.0,1.0,0.0,2.1399999999999997,2.0149999999999997
BaHfSnTiO6,0.89,1.96,1.425,118.0,161.0,139.5,5.212,7.344,6.2780000000000005,0.145,1.112,0.6285000000000001,5.0,6.0,5.5,2.0,14.0,8.0,0.0,10.0,5.0,1.3,1.54,1.42,60.5,71.0,65.75,6.825,6.828,6.8265,0.014,0.079,0.0465,4.0,6.0,5.0,4.0,4.0,4.0,0.0,0.0,0.0,0.9605654694611908,0.46964285714285714,4.0,1.0,10.5,2.02,2.0149999999999997
BaHfSnZrO6,0.89,1.96,1.425,118.0,161.0,139.5,5.212,7.344,6.2780000000000005,0.145,1.112,0.6285000000000001,5.0,6.0,5.5,2.0,14.0,8.0,0.0,10.0,5.0,1.3,1.33,1.315,71.0,72.0,71.5,6.634,6.825,6.7295,0.014,0.426,0.22,5.0,6.0,5.5,4.0,4.0,4.0,0.0,0.0,0.0,0.9344508053978251,0.5107142857142857,4.0,1.0,1.0,2.125,2.0149999999999997
BaHfSrGeO6,0.89,0.95,0.9199999999999999,144.0,161.0,152.5,5.212,5.695,5.4535,0.048,0.145,0.0965,5.0,6.0,5.5,2.0,2.0,2.0,0.0,0.0,0.0,1.3,2.01,1.6549999999999998,53.0,71.0,62.0,6.825,7.899,7.362,0.014,1.233,0.6235,4.0,6.0,5.0,4.0,14.0,9.0,0.0,10.0,5.0,1.0239046212725997,0.44285714285714284,4.0,0.0,18.0,1.7850000000000001,2.52
BaHfSrHfO6,0.89,0.95,0.9199999999999999,144.0,161.0,152.5,5.212,5.695,5.4535,0.048,0.145,0.0965,5.0,6.0,5.5,2.0,2.0,2.0,0.0,0.0,0.0,1.3,1.3,1.3,71.0,71.0,71.0,6.825,6.825,6.825,0.014,0.014,0.014,6.0,6.0,6.0,4.0,4.0,4.0,0.0,0.0,0.0,0.9802309644410669,0.5071428571428571,4.0,0.0,0.0,2.1399999999999997,2.52
BaHfSrSiO6,0.89,0.95,0.9199999999999999,144.0,161.0,152.5,5.212,5.695,5.4535,0.048,0.145,0.0965,5.0,6.0,5.5,2.0,2.0,2.0,0.0,0.0,0.0,1.3,1.9,1.6,40.0,71.0,55.5,6.825,8.152,7.4885,0.014,1.39,0.702,3.0,6.0,4.5,4.0,14.0,9.0,0.0,0.0,0.0,1.0579474859184919,0.3964285714285714,4.0,0.0,31.0,1.8399999999999999,2.52
BaHfSrSnO6,0.89,0.95,0.9199999999999999,144.0,161.0,152.5,5.212,5.695,5.4535,0.048,0.145,0.0965,5.0,6.0,5.5,2.0,2.0,2.0,0.0,0.0,0.0,1.3,1.96,1.63,69.0,71.0,70.0,6.825,7.344,7.0845,0.014,1.112,0.5630000000000001,5.0,6.0,5.5,4.0,14.0,9.0,0.0,10.0,5.0,0.9848987309384054,0.5,4.0,0.0,2.0,1.81,2.52
BaHfSrTiO6,0.89,0.95,0.9199999999999999,144.0,161.0,152.5,5.212,5.695,5.4535,0.048,0.145,0.0965,5.0,6.0,5.5,2.0,2.0,2.0,0.0,0.0,0.0,1.3,1.54,1.42,60.5,71.0,65.75,6.825,6.828,6.8265,0.014,0.079,0.0465,4.0,6.0,5.0,4.0,4.0,4.0,0.0,0.0,0.0,1.0052429331570603,0.46964285714285714,4.0,0.0,10.5,2.02,2.52
BaHfSrZrO6,0.89,0.95,0.9199999999999999,144.0,161.0,152.5,5.212,5.695,5.4535,0.048,0.145,0.0965,5.0,6.0,5.5,2.0,2.0,2.0,0.0,0.0,0.0,1.3,1.33,1.315,71.0,72.0,71.5,6.634,6.825,6.7295,0.014,0.426,0.22,5.0,6.0,5.5,4.0,4.0,4.0,0.0,0.0,0.0,0.9779136335558635,0.5107142857142857,4.0,0.0,1.0,2.125,2.52
BaHfTlNbO6,0.89,1.8,1.345,161.0,170.0,165.5,5.212,6.108,5.66,0.145,0.377,0.261,6.0,6.0,6.0,2.0,13.0,7.5,0.0,10.0,5.0,1.3,1.6,1.4500000000000002,64.0,71.0,67.5,6.759,6.825,6.792,0.014,0.917,0.4655,5.0,6.0,5.5,4.0,5.0,4.5,0.0,0.0,0.0,1.0410656465180252,0.48214285714285715,3.0,1.0,7.0,1.9899999999999998,2.0949999999999998
BaHfTlTaO6,0.89,1.8,1.345,161.0,170.0,165.5,5.212,6.108,5.66,0.145,0.377,0.261,6.0,6.0,6.0,2.0,13.0,7.5,0.0,10.0,5.0,1.3,1.5,1.4,64.0,71.0,67.5,6.825,7.55,7.1875,0.014,0.322,0.168,6.0,6.0,6.0,4.0,5.0,4.5,0.0,0.0,0.0,1.0410656465180252,0.48214285714285715,3.0,1.0,7.0,2.04,2.0949999999999998
BaHfYAlO6,0.89,1.22,1.055,107.5,161.0,134.25,5.212,6.217,5.714499999999999,0.145,0.307,0.22599999999999998,5.0,6.0,5.5,2.0,3.0,2.5,0.0,0.0,0.0,1.3,1.61,1.455,53.5,71.0,62.25,5.986,6.825,6.4055,0.014,0.433,0.2235,3.0,6.0,4.5,4.0,13.0,8.5,0.0,0.0,0.0,0.9588332990873208,0.4446428571428571,5.0,0.0,17.5,1.9849999999999999,2.385
BaSnAgNbO6,0.89,1.93,1.41,128.0,161.0,144.5,5.212,7.576,6.394,0.145,1.302,0.7235,5.0,6.0,5.5,2.0,11.0,6.5,0.0,10.0,5.0,1.6,1.96,1.78,64.0,69.0,66.5,6.759,7.344,7.051500000000001,0.917,1.112,1.0145,5.0,5.0,5.0,5.0,14.0,9.5,0.0,10.0,5.0,0.9741979624579794,0.475,3.0,0.0,5.0,1.66,2.0300000000000002
BaSnBaTiO6,0.89,0.89,0.89,161.0,161.0,161.0,5.212,5.212,5.212,0.145,0.145,0.145,6.0,6.0,6.0,2.0,2.0,2.0,0.0,0.0,0.0,1.54,1.96,1.75,60.5,69.0,64.75,6.828,7.344,7.086,0.079,1.112,0.5955,4.0,5.0,4.5,4.0,14.0,9.0,0.0,10.0,5.0,1.0395074048212494,0.4625,4.0,0.0,8.5,1.69,2.55
BaSnCaGeO6,0.89,1.0,0.9450000000000001,134.0,161.0,147.5,5.212,6.113,5.6625,0.025,0.145,0.08499999999999999,4.0,6.0,5.0,2.0,2.0,2.0,0.0,0.0,0.0,1.96,2.01,1.9849999999999999,53.0,69.0,61.0,7.344,7.899,7.6215,1.112,1.233,1.1725,4.0,5.0,4.5,14.0,14.0,14.0,10.0,10.0,10.0,1.0114089531897135,0.4357142857142857,4.0,0.0,16.0,1.455,2.495
BaSnCaSiO6,0.89,1.0,0.9450000000000001,134.0,161.0,147.5,5.212,6.113,5.6625,0.025,0.145,0.08499999999999999,4.0,6.0,5.0,2.0,2.0,2.0,0.0,0.0,0.0,1.9,1.96,1.93,40.0,69.0,54.5,7.344,8.152,7.747999999999999,1.112,1.39,1.251,3.0,5.0,4.0,14.0,14.0,14.0,0.0,10.0,5.0,1.0452092523965677,0.3892857142857143,4.0,0.0,29.0,1.51,2.495
BaSnCaSnO6,0.89,1.0,0.9450000000000001,134.0,161.0,147.5,5.212,6.113,5.6625,0.025,0.145,0.08499999999999999,4.0,6.0,5.0,2.0,2.0,2.0,0.0,0.0,0.0,1.96,1.96,1.96,69.0,69.0,69.0,7.344,7.344,7.344,1.112,1.112,1.112,5.0,5.0,5.0,14.0,14.0,14.0,10.0,10.0,10.0,0.972694734885801,0.4928571428571429,4.0,0.0,0.0,1.48,2.495
BaSnCaTiO6,0.89,1.0,0.9450000000000001,134.0,161.0,147.5,5.212,6.113,5.6625,0.025,0.145,0.08499999999999999,4.0,6.0,5.0,2.0,2.0,2.0,0.0,0.0,0.0,1.54,1.96,1.75,60.5,69.0,64.75,6.828,7.344,7.086,0.079,1.112,0.5955,4.0,5.0,4.5,4.0,14.0,9.0,0.0,10.0,5.0,0.9928849796880703,0.4625,4.0,0.0,8.5,1.69,2.495
BaSnLaAlO6,0.89,1.1,0.9950000000000001,136.0,161.0,148.5,5.212,5.577,5.3945,0.145,0.47,0.3075,6.0,6.0,6.0,2.0,3.0,2.5,0.0,0.0,0.0,1.61,1.96,1.7850000000000001,53.5,69.0,61.25,5.986,7.344,6.665,0.433,1.112,0.7725000000000001,3.0,5.0,4.0,13.0,14.0,13.5,0.0,10.0,5.0,1.0136661186202183,0.4375,5.0,0.0,15.5,1.6549999999999998,2.445
BaSnLaGaO6,0.89,1.1,0.9950000000000001,136.0,161.0,148.5,5.212,5.577,5.3945,0.145,0.47,0.3075,6.0,6.0,6.0,2.0,3.0,2.5,0.0,0.0,0.0,1.81,1.96,1.885,62.0,69.0,65.5,5.999,7.344,6.6715,0.43,1.112,0.771,4.0,5.0,4.5,13.0,14.0,13.5,10.0,10.0,10.0,0.9927022207898732,0.46785714285714286,5.0,0.0,7.0,1.555,2.445
BaSnLaInO6,0.89,1.1,0.9950000000000001,136.0,161.0,148.5,5.212,5.577,5.3945,0.145,0.47,0.3075,6.0,6.0,6.0,2.0,3.0,2.5,0.0,0.0,0.0,1.78,1.96,1.87,69.0,80.0,74.5,5.786,7.344,6.5649999999999995,0.3,1.112,0.7060000000000001,5.0,5.0,5.0,13.0,14.0,13.5,10.0,10.0,10.0,0.9510503793581303,0.5321428571428571,5.0,0.0,11.0,1.5699999999999998,2.445
BaSnLiNbO6,0.89,0.98,0.935,92.0,161.0,126.5,5.212,5.392,5.302,0.145,0.618,0.3815,2.0,6.0,4.0,1.0,2.0,1.5,0.0,0.0,0.0,1.6,1.96,1.78,64.0,69.0,66.5,6.759,7.344,7.051500000000001,0.917,1.112,1.0145,5.0,5.0,5.0,5.0,14.0,9.5,0.0,10.0,5.0,0.9125615360107259,0.475,3.0,0.0,5.0,1.66,2.505
BaSnLiVO6,0.89,0.98,0.935,92.0,161.0,126.5,5.212,5.392,5.302,0.145,0.618,0.3815,2.0,6.0,4.0,1.0,2.0,1.5,0.0,0.0,0.0,1.63,1.96,1.795,54.0,69.0,61.5,6.746,7.344,7.045,0.525,1.112,0.8185,4.0,5.0,4.5,5.0,14.0,9.5,0.0,10.0,5.0,0.9352057428596273,0.4392857142857143,3.0,0.0,15.0,1.645,2.505
BaSnMgTiO6,0.89,1.31,1.1,89.0,161.0,125.0,5.212,7.646,6.429,0.0,0.145,0.0725,3.0,6.0,4.5,2.0,2.0,2.0,0.0,0.0,0.0,1.54,1.96,1.75,60.5,69.0,64.75,6.828,7.344,7.086,0.079,1.112,0.5955,4.0,5.0,4.5,4.0,14.0,9.0,0.0,10.0,5.0,0.9151809377994388,0.4625,4.0,0.0,8.5,1.69,2.34
BaSnMgZrO6,0.89,1.31,1.1,89.0,161.0,125.0,5.212,7.646,6.429,0.0,0.145,0.0725,3.0,6.0,4.5,2.0,2.0,2.0,0.0,0.0,0.0,1.33,1.96,1.645,69.0,72.0,70.5,6.634,7.344,6.989000000000001,0.426,1.112,0.769,5.0,5.0,5.0,4.0,14.0,9.0,0.0,10.0,5.0,0.8901819335602617,0.5035714285714286,4.0,0.0,3.0,1.795,2.34
BaSnNaNbO6,0.89,0.93,0.91,139.0,161.0,150.0,5.139,5.212,5.1754999999999995,0.145,0.548,0.34650000000000003,3.0,6.0,4.5,1.0,2.0,1.5,0.0,0.0,0.0,1.6,1.96,1.78,64.0,69.0,66.5,6.759,7.344,7.051500000000001,0.917,1.112,1.0145,5.0,5.0,5.0,5.0,14.0,9.5,0.0,10.0,5.0,0.9930313149835291,0.475,3.0,0.0,5.0,1.66,2.53
BaSnNaSbO6,0.89,0.93,0.91,139.0,161.0,150.0,5.139,5.212,5.1754999999999995,0.145,0.548,0.34650000000000003,3.0,6.0,4.5,1.0,2.0,1.5,0.0,0.0,0.0,1.96,2.05,2.005,60.0,69.0,64.5,7.344,8.608,7.976000000000001,1.046,1.112,1.0790000000000002,5.0,5.0,5.0,14.0,15.0,14.5,10.0,10.0,10.0,1.0027431126850797,0.4607142857142857,3.0,0.0,9.0,1.435,2.53
BaSnNaVO6,0.89,0.93,0.91,139.0,161.0,150.0,5.139,5.212,5.1754999999999995,0.145,0.548,0.34650000000000003,3.0,6.0,4.5,1.0,2.0,1.5,0.0,0.0,0.0,1.63,1.96,1.795,54.0,69.0,61.5,6.746,7.344,7.045,0.525,1.112,0.8185,4.0,5.0,4.5,5.0,14.0,9.5,0.0,10.0,5.0,1.017672290541433,0.4392857142857143,3.0,0.0,15.0,1.645,2.53
BaSnSnTiO6,0.89,1.96,1.425,118.0,161.0,139.5,5.212,7.344,6.2780000000000005,0.145,1.112,0.6285000000000001,5.0,6.0,5.5,2.0,14.0,8.0,0.0,10.0,5.0,1.54,1.96,1.75,60.5,69.0,64.75,6.828,7.344,7.086,0.079,1.112,0.5955,4.0,5.0,4.5,4.0,14.0,9.0,0.0,10.0,5.0,0.9652568759054458,0.4625,4.0,1.0,8.5,1.69,2.0149999999999997
BaSnSrGeO6,0.89,0.95,0.9199999999999999,144.0,161.0,152.5,5.212,5.695,5.4535,0.048,0.145,0.0965,5.0,6.0,5.5,2.0,2.0,2.0,0.0,0.0,0.0,1.96,2.01,1.9849999999999999,53.0,69.0,61.0,7.344,7.899,7.6215,1.112,1.233,1.1725,4.0,5.0,4.5,14.0,14.0,14.0,10.0,10.0,10.0,1.0289986741147519,0.4357142857142857,4.0,0.0,16.0,1.455,2.52
BaSnSrSiO6,0.89,0.95,0.9199999999999999,144.0,161.0,152.5,5.212,5.695,5.4535,0.048,0.145,0.0965,5.0,6.0,5.5,2.0,2.0,2.0,0.0,0.0,0.0,1.9,1.96,1.93,40.0,69.0,54.5,7.344,8.152,7.747999999999999,1.112,1.39,1.251,3.0,5.0,4.0,14.0,14.0,14.0,0.0,10.0,5.0,1.0633868046121602,0.3892857142857143,4.0,0.0,29.0,1.51,2.52
BaSnSrSnO6,0.89,0.95,0.9199999999999999,144.0,161.0,152.5,5.212,5.695,5.4535,0.048,0.145,0.0965,5.0,6.0,5.5,2.0,2.0,2.0,0.0,0.0,0.0,1.96,1.96,1.96,69.0,69.0,69.0,7.344,7.344,7.344,1.112,1.112,1.112,5.0,5.0,5.0,14.0,14.0,14.0,10.0,10.0,10.0,0.989611165057728,0.4928571428571429,4.0,0.0,0.0,1.48,2.52
BaSnSrTiO6,0.89,0.95,0.9199999999999999,144.0,161.0,152.5,5.212,5.695,5.4535,0.048,0.145,0.0965,5.0,6.0,5.5,2.0,2.0,2.0,0.0,0.0,0.0,1.54,1.96,1.75,60.5,69.0,64.75,6.828,7.344,7.086,0.079,1.112,0.5955,4.0,5.0,4.5,4.0,14.0,9.0,0.0,10.0,5.0,1.0101525445522108,0.4625,4.0,0.0,8.5,1.69,2.52
BaTiAgNbO6,0.89,1.93,1.41,128.0,161.0,144.5,5.212,7.576,6.394,0.145,1.302,0.7235,5.0,6.0,5.5,2.0,11.0,6.5,0.0,10.0,5.0,1.54,1.6,1.57,60.5,64.0,62.25,6.759,6.828,6.7935,0.079,0.917,0.498,4.0,5.0,4.5,4.0,5.0,4.5,0.0,0.0,0.0,0.9946693658718059,0.4446428571428571,3.0,0.0,3.5,1.8699999999999999,2.0300000000000002
BaTiCaGeO6,0.89,1.0,0.9450000000000001,134.0,161.0,147.5,5.212,6.113,5.6625,0.025,0.145,0.08499999999999999,4.0,6.0,5.0,2.0,2.0,2.0,0.0,0.0,0.0,1.54,2.01,1.775,53.0,60.5,56.75,6.828,7.899,7.3635,0.079,1.233,0.656,4.0,4.0,4.0,4.0,14.0,9.0,0.0,10.0,5.0,1.0332564146944467,0.40535714285714286,4.0,0.0,7.5,1.665,2.495
BaTiCaSiO6,0.89,1.0,0.9450000000000001,134.0,161.0,147.5,5.212,6.113,5.6625,0.025,0.145,0.08499999999999999,4.0,6.0,5.0,2.0,2.0,2.0,0.0,0.0,0.0,1.54,1.9,1.72,40.0,60.5,50.25,6.828,8.152,7.49,0.079,1.39,0.7344999999999999,3.0,4.0,3.5,4.0,14.0,9.0,0.0,0.0,0.0,1.0685582107286855,0.35892857142857143,4.0,0.0,20.5,1.72,2.495
BaTiCaSnO6,0.89,1.0,0.9450000000000001,134.0,161.0,147.5,5.212,6.113,5.6625,0.025,0.145,0.08499999999999999,4.0,6.0,5.0,2.0,2.0,2.0,0.0,0.0,0.0,1.54,1.96,1.75,60.5,69.0,64.75,6.828,7.344,7.086,0.079,1.112,0.5955,4.0,5.0,4.5,4.0,14.0,9.0,0.0,10.0,5.0,0.9928849796880703,0.4625,4.0,0.0,8.5,1.69,2.495
BaTiCaTiO6,0.89,1.0,0.9450000000000001,134.0,161.0,147.5,5.212,6.113,5.6625,0.025,0.145,0.08499999999999999,4.0,6.0,5.0,2.0,2.0,2.0,0.0,0.0,0.0,1.54,1.54,1.54,60.5,60.5,60.5,6.828,6.828,6.828,0.079,0.079,0.079,4.0,4.0,4.0,4.0,4.0,4.0,0.0,0.0,0.0,1.0139311700305855,0.43214285714285716,4.0,0.0,0.0,1.9,2.495
BaTiCsNbO6,0.79,0.89,0.8400000000000001,161.0,188.0,174.5,3.894,5.212,4.553,0.145,0.472,0.3085,6.0,6.0,6.0,1.0,2.0,1.5,0.0,0.0,0.0,1.54,1.6,1.57,60.5,64.0,62.25,6.759,6.828,6.7935,0.079,0.917,0.498,4.0,5.0,4.5,4.0,5.0,4.5,0.0,0.0,0.0,1.099555414997128,0.4446428571428571,3.0,0.0,3.5,1.8699999999999999,2.5999999999999996
BaTiCsVO6,0.79,0.89,0.8400000000000001,161.0,188.0,174.5,3.894,5.212,4.553,0.145,0.472,0.3085,6.0,6.0,6.0,1.0,2.0,1.5,0.0,0.0,0.0,1.54,1.63,1.585,54.0,60.5,57.25,6.746,6.828,6.787000000000001,0.079,0.525,0.302,4.0,4.0,4.0,4.0,5.0,4.5,0.0,0.0,0.0,1.1274275421199957,0.4089285714285714,3.0,0.0,6.5,1.855,2.5999999999999996
BaTiLaAlO6,0.89,1.1,0.9950000000000001,136.0,161.0,148.5,5.212,5.577,5.3945,0.145,0.47,0.3075,6.0,6.0,6.0,2.0,3.0,2.5,0.0,0.0,0.0,1.54,1.61,1.5750000000000002,53.5,60.5,57.0,5.986,6.828,6.407,0.079,0.433,0.256,3.0,4.0,3.5,4.0,13.0,8.5,0.0,0.0,0.0,1.0355345501132942,0.40714285714285714,5.0,0.0,7.0,1.8649999999999998,2.445
BaTiLaGaO6,0.89,1.1,0.9950000000000001,136.0,161.0,148.5,5.212,5.577,5.3945,0.145,0.47,0.3075,6.0,6.0,6.0,2.0,3.0,2.5,0.0,0.0,0.0,1.54,1.81,1.675,60.5,62.0,61.25,5.999,6.828,6.4135,0.079,0.43,0.2545,4.0,4.0,4.0,4.0,13.0,8.5,0.0,10.0,5.0,1.0136661186202183,0.4375,5.0,0.0,1.5,1.765,2.445
BaTiLaInO6,0.89,1.1,0.9950000000000001,136.0,161.0,148.5,5.212,5.577,5.3945,0.145,0.47,0.3075,6.0,6.0,6.0,2.0,3.0,2.5,0.0,0.0,0.0,1.54,1.78,1.6600000000000001,60.5,80.0,70.25,5.786,6.828,6.307,0.079,0.3,0.1895,4.0,5.0,4.5,4.0,13.0,8.5,0.0,10.0,5.0,0.9702749411287465,0.5017857142857143,5.0,0.0,19.5,1.7799999999999998,2.445
BaTiLiNbO6,0.89,0.98,0.935,92.0,161.0,126.5,5.212,5.392,5.302,0.145,0.618,0.3815,2.0,6.0,4.0,1.0,2.0,1.5,0.0,0.0,0.0,1.54,1.6,1.57,60.5,64.0,62.25,6.759,6.828,6.7935,0.079,0.917,0.498,4.0,5.0,4.5,4.0,5.0,4.5,0.0,0.0,0.0,0.9317377363966126,0.4446428571428571,3.0,0.0,3.5,1.8699999999999999,2.505
BaTiLiVO6,0.89,0.98,0.935,92.0,161.0,126.5,5.212,5.392,5.302,0.145,0.618,0.3815,2.0,6.0,4.0,1.0,2.0,1.5,0.0,0.0,0.0,1.54,1.63,1.585,54.0,60.5,57.25,6.746,6.828,6.787000000000001,0.079,0.525,0.302,4.0,4.0,4.0,4.0,5.0,4.5,0.0,0.0,0.0,0.9553559299681363,0.4089285714285714,3.0,0.0,6.5,1.855,2.505
BaTiMgTiO6,0.89,1.31,1.1,89.0,161.0,125.0,5.212,7.646,6.429,0.0,0.145,0.0725,3.0,6.0,4.5,2.0,2.0,2.0,0.0,0.0,0.0,1.54,1.54,1.54,60.5,60.5,60.5,6.828,6.828,6.828,0.079,0.079,0.079,4.0,4.0,4.0,4.0,4.0,4.0,0.0,0.0,0.0,0.9345800349847136,0.43214285714285716,4.0,0.0,0.0,1.9,2.34
BaTiMgZrO6,0.89,1.31,1.1,89.0,161.0,125.0,5.212,7.646,6.429,0.0,0.145,0.0725,3.0,6.0,4.5,2.0,2.0,2.0,0.0,0.0,0.0,1.33,1.54,1.435,60.5,72.0,66.25,6.634,6.828,6.731,0.079,0.426,0.2525,4.0,5.0,4.5,4.0,4.0,4.0,0.0,0.0,0.0,0.9085250764336246,0.4732142857142857,4.0,0.0,11.5,2.005,2.34
BaTiNaNbO6,0.89,0.93,0.91,139.0,161.0,150.0,5.139,5.212,5.1754999999999995,0.145,0.548,0.34650000000000003,3.0,6.0,4.5,1.0,2.0,1.5,0.0,0.0,0.0,1.54,1.6,1.57,60.5,64.0,62.25,6.759,6.828,6.7935,0.079,0.917,0.498,4.0,5.0,4.5,4.0,5.0,4.5,0.0,0.0,0.0,1.013898474878115,0.4446428571428571,3.0,0.0,3.5,1.8699999999999999,2.53
BaTiNaSbO6,0.89,0.93,0.91,139.0,161.0,150.0,5.139,5.212,5.1754999999999995,0.145,0.548,0.34650000000000003,3.0,6.0,4.5,1.0,2.0,1.5,0.0,0.0,0.0,1.54,2.05,1.795,60.0,60.5,60.25,6.828,8.608,7.718,0.079,1.046,0.5625,4.0,5.0,4.5,4.0,15.0,9.5,0.0,10.0,5.0,1.024024801718346,0.4303571428571429,3.0,0.0,0.5,1.645,2.53
BaTiNaVO6,0.89,0.93,0.91,139.0,161.0,150.0,5.139,5.212,5.1754999999999995,0.145,0.548,0.34650000000000003,3.0,6.0,4.5,1.0,2.0,1.5,0.0,0.0,0.0,1.54,1.63,1.585,54.0,60.5,57.25,6.746,6.828,6.787000000000001,0.079,0.525,0.302,4.0,4.0,4.0,4.0,5.0,4.5,0.0,0.0,0.0,1.0395993234174843,0.4089285714285714,3.0,0.0,6.5,1.855,2.53
BaTiSnTiO6,0.89,1.96,1.425,118.0,161.0,139.5,5.212,7.344,6.2780000000000005,0.145,1.112,0.6285000000000001,5.0,6.0,5.5,2.0,14.0,8.0,0.0,10.0,5.0,1.54,1.54,1.54,60.5,60.5,60.5,6.828,6.828,6.828,0.079,0.079,0.079,4.0,4.0,4.0,4.0,4.0,4.0,0.0,0.0,0.0,0.9857174331253866,0.43214285714285716,4.0,1.0,0.0,1.9,2.0149999999999997
BaTiSrGeO6,0.89,0.95,0.9199999999999999,144.0,161.0,152.5,5.212,5.695,5.4535,0.048,0.145,0.0965,5.0,6.0,5.5,2.0,2.0,2.0,0.0,0.0,0.0,1.54,2.01,1.775,53.0,60.5,56.75,6.828,7.899,7.3635,0.079,1.233,0.656,4.0,4.0,4.0,4.0,14.0,9.0,0.0,10.0,5.0,1.0512260914717415,0.40535714285714286,4.0,0.0,7.5,1.665,2.52
BaTiSrSiO6,0.89,0.95,0.9199999999999999,144.0,161.0,152.5,5.212,5.695,5.4535,0.048,0.145,0.0965,5.0,6.0,5.5,2.0,2.0,2.0,0.0,0.0,0.0,1.54,1.9,1.72,40.0,60.5,50.25,6.828,8.152,7.49,0.079,1.39,0.7344999999999999,3.0,4.0,3.5,4.0,14.0,9.0,0.0,0.0,0.0,1.0871418317848365,0.35892857142857143,4.0,0.0,20.5,1.72,2.52
BaTiSrSnO6,0.89,0.95,0.9199999999999999,144.0,161.0,152.5,5.212,5.695,5.4535,0.048,0.145,0.0965,5.0,6.0,5.5,2.0,2.0,2.0,0.0,0.0,0.0,1.54,1.96,1.75,60.5,69.0,64.75,6.828,7.344,7.086,0.079,1.112,0.5955,4.0,5.0,4.5,4.0,14.0,9.0,0.0,10.0,5.0,1.0101525445522108,0.4625,4.0,0.0,8.5,1.69,2.52
BaTiSrTiO6,0.89,0.95,0.9199999999999999,144.0,161.0,152.5,5.212,5.695,5.4535,0.048,0.145,0.0965,5.0,6.0,5.5,2.0,2.0,2.0,0.0,0.0,0.0,1.54,1.54,1.54,60.5,60.5,60.5,6.828,6.828,6.828,0.079,0.079,0.079,4.0,4.0,4.0,4.0,4.0,4.0,0.0,0.0,0.0,1.0315647555963348,0.43214285714285716,4.0,0.0,0.0,1.9,2.52
BaTiTlTaO6,0.89,1.8,1.345,161.0,170.0,165.5,5.212,6.108,5.66,0.145,0.377,0.261,6.0,6.0,6.0,2.0,13.0,7.5,0.0,10.0,5.0,1.5,1.54,1.52,60.5,64.0,62.25,6.828,7.55,7.189,0.079,0.322,0.2005,4.0,6.0,5.0,4.0,5.0,4.5,0.0,0.0,0.0,1.0680896002595315,0.4446428571428571,3.0,1.0,3.5,1.92,2.0949999999999998
BaTiYAlO6,0.89,1.22,1.055,107.5,161.0,134.25,5.212,6.217,5.714499999999999,0.145,0.307,0.22599999999999998,5.0,6.0,5.5,2.0,3.0,2.5,0.0,0.0,0.0,1.54,1.61,1.5750000000000002,53.5,60.5,57.0,5.986,6.828,6.407,0.079,0.433,0.256,3.0,4.0,3.5,4.0,13.0,8.5,0.0,0.0,0.0,0.9843859631492926,0.40714285714285714,5.0,0.0,7.0,1.8649999999999998,2.385
BaZrAgNbO6,0.89,1.93,1.41,128.0,161.0,144.5,5.212,7.576,6.394,0.145,1.302,0.7235,5.0,6.0,5.5,2.0,11.0,6.5,0.0,10.0,5.0,1.33,1.6,1.465,64.0,72.0,68.0,6.634,6.759,6.6965,0.426,0.917,0.6715,5.0,5.0,5.0,4.0,5.0,4.5,0.0,0.0,0.0,0.9671724963825612,0.4857142857142857,3.0,0.0,8.0,1.9749999999999999,2.0300000000000002
BaZrAgTaO6,0.89,1.93,1.41,128.0,161.0,144.5,5.212,7.576,6.394,0.145,1.302,0.7235,5.0,6.0,5.5,2.0,11.0,6.5,0.0,10.0,5.0,1.33,1.5,1.415,64.0,72.0,68.0,6.634,7.55,7.0920000000000005,0.322,0.426,0.374,5.0,6.0,5.5,4.0,5.0,4.5,0.0,0.0,0.0,0.9671724963825612,0.4857142857142857,3.0,0.0,8.0,2.025,2.0300000000000002
BaZrBaSnO6,0.89,0.89,0.89,161.0,161.0,161.0,5.212,5.212,5.212,0.145,0.145,0.145,6.0,6.0,6.0,2.0,2.0,2.0,0.0,0.0,0.0,1.33,1.96,1.645,69.0,72.0,70.5,6.634,7.344,6.989000000000001,0.426,1.112,0.769,5.0,5.0,5.0,4.0,14.0,9.0,0.0,10.0,5.0,1.0111123094401462,0.5035714285714286,4.0,0.0,3.0,1.795,2.55
BaZrBaTiO6,0.89,0.89,0.89,161.0,161.0,161.0,5.212,5.212,5.212,0.145,0.145,0.145,6.0,6.0,6.0,2.0,2.0,2.0,0.0,0.0,0.0,1.33,1.54,1.435,60.5,72.0,66.25,6.634,6.828,6.731,0.079,0.426,0.2525,4.0,5.0,4.5,4.0,4.0,4.0,0.0,0.0,0.0,1.0319473509680037,0.4732142857142857,4.0,0.0,11.5,2.005,2.55
BaZrCaGeO6,0.89,1.0,0.9450000000000001,134.0,161.0,147.5,5.212,6.113,5.6625,0.025,0.145,0.08499999999999999,4.0,6.0,5.0,2.0,2.0,2.0,0.0,0.0,0.0,1.33,2.01,1.67,53.0,72.0,62.5,6.634,7.899,7.266500000000001,0.426,1.233,0.8295,4.0,5.0,4.5,4.0,14.0,9.0,0.0,10.0,5.0,1.0039170350179376,0.44642857142857145,4.0,0.0,19.0,1.77,2.495
BaZrCaSiO6,0.89,1.0,0.9450000000000001,134.0,161.0,147.5,5.212,6.113,5.6625,0.025,0.145,0.08499999999999999,4.0,6.0,5.0,2.0,2.0,2.0,0.0,0.0,0.0,1.33,1.9,1.615,40.0,72.0,56.0,6.634,8.152,7.393,0.426,1.39,0.9079999999999999,3.0,5.0,4.0,4.0,14.0,9.0,0.0,0.0,0.0,1.0372102019955736,0.4,4.0,0.0,32.0,1.825,2.495
BaZrCaSnO6,0.89,1.0,0.9450000000000001,134.0,161.0,147.5,5.212,6.113,5.6625,0.025,0.145,0.08499999999999999,4.0,6.0,5.0,2.0,2.0,2.0,0.0,0.0,0.0,1.33,1.96,1.645,69.0,72.0,70.5,6.634,7.344,6.989000000000001,0.426,1.112,0.769,5.0,5.0,5.0,4.0,14.0,9.0,0.0,10.0,5.0,0.9657634184851895,0.5035714285714286,4.0,0.0,3.0,1.795,2.495
BaZrCaTiO6,0.89,1.0,0.9450000000000001,134.0,161.0,147.5,5.212,6.113,5.6625,0.025,0.145,0.08499999999999999,4.0,6.0,5.0,2.0,2.0,2.0,0.0,0.0,0.0,1.33,1.54,1.435,60.5,72.0,66.25,6.634,6.828,6.731,0.079,0.426,0.2525,4.0,5.0,4.5,4.0,4.0,4.0,0.0,0.0,0.0,0.9856639980176116,0.4732142857142857,4.0,0.0,11.5,2.005,2.495
BaZrCaZrO6,0.89,1.0,0.9450000000000001,134.0,161.0,147.5,5.212,6.113,5.6625,0.025,0.145,0.08499999999999999,4.0,6.0,5.0,2.0,2.0,2.0,0.0,0.0,0.0,1.33,1.33,1.33,72.0,72.0,72.0,6.634,6.634,6.634,0.426,0.426,0.426,5.0,5.0,5.0,4.0,4.0,4.0,0.0,0.0,0.0,0.9589301867506245,0.5142857142857142,4.0,0.0,0.0,2.11,2.495
BaZrCsNbO6,0.79,0.89,0.8400000000000001,161.0,188.0,174.5,3.894,5.212,4.553,0.145,0.472,0.3085,6.0,6.0,6.0,1.0,2.0,1.5,0.0,0.0,0.0,1.33,1.6,1.465,64.0,72.0,68.0,6.634,6.759,6.6965,0.426,0.917,0.6715,5.0,5.0,5.0,4.0,5.0,4.5,0.0,0.0,0.0,1.0691590513613902,0.4857142857142857,3.0,0.0,8.0,1.9749999999999999,2.5999999999999996
BaZrCsTaO6,0.79,0.89,0.8400000000000001,161.0,188.0,174.5,3.894,5.212,4.553,0.145,0.472,0.3085,6.0,6.0,6.0,1.0,2.0,1.5,0.0,0.0,0.0,1.33,1.5,1.415,64.0,72.0,68.0,6.634,7.55,7.0920000000000005,0.322,0.426,0.374,5.0,6.0,5.5,4.0,5.0,4.5,0.0,0.0,0.0,1.0691590513613902,0.4857142857142857,3.0,0.0,8.0,2.025,2.5999999999999996
BaZrCsVO6,0.79,0.89,0.8400000000000001,161.0,188.0,174.5,3.894,5.212,4.553,0.145,0.472,0.3085,6.0,6.0,6.0,1.0,2.0,1.5,0.0,0.0,0.0,1.33,1.63,1.48,54.0,72.0,63.0,6.634,6.746,6.69,0.426,0.525,0.47550000000000003,4.0,5.0,4.5,4.0,5.0,4.5,0.0,0.0,0.0,1.0954930181436904,0.45,3.0,0.0,18.0,1.96,2.5999999999999996
BaZrGaNbO6,0.89,1.81,1.35,120.0,161.0,140.5,5.212,5.999,5.605499999999999,0.145,0.43,0.2875,4.0,6.0,5.0,2.0,13.0,7.5,0.0,10.0,5.0,1.33,1.6,1.465,64.0,72.0,68.0,6.634,6.759,6.6965,0.426,0.917,0.6715,5.0,5.0,5.0,4.0,5.0,4.5,0.0,0.0,0.0,0.9535742890520508,0.4857142857142857,3.0,1.0,8.0,1.9749999999999999,2.09
BaZrGaTaO6,0.89,1.81,1.35,120.0,161.0,140.5,5.212,5.999,5.605499999999999,0.145,0.43,0.2875,4.0,6.0,5.0,2.0,13.0,7.5,0.0,10.0,5.0,1.33,1.5,1.415,64.0,72.0,68.0,6.634,7.55,7.0920000000000005,0.322,0.426,0.374,5.0,6.0,5.5,4.0,5.0,4.5,0.0,0.0,0.0,0.9535742890520508,0.4857142857142857,3.0,1.0,8.0,2.025,2.09
BaZrInNbO6,0.89,1.78,1.335,140.0,161.0,150.5,5.212,5.786,5.499,0.145,0.3,0.22249999999999998,5.0,6.0,5.5,2.0,13.0,7.5,0.0,10.0,5.0,1.33,1.6,1.465,64.0,72.0,68.0,6.634,6.759,6.6965,0.426,0.917,0.6715,5.0,5.0,5.0,4.0,5.0,4.5,0.0,0.0,0.0,0.987569807378327,0.4857142857142857,3.0,1.0,8.0,1.9749999999999999,2.105
BaZrInTaO6,0.89,1.78,1.335,140.0,161.0,150.5,5.212,5.786,5.499,0.145,0.3,0.22249999999999998,5.0,6.0,5.5,2.0,13.0,7.5,0.0,10.0,5.0,1.33,1.5,1.415,64.0,72.0,68.0,6.634,7.55,7.0920000000000005,0.322,0.426,0.374,5.0,6.0,5.5,4.0,5.0,4.5,0.0,0.0,0.0,0.987569807378327,0.4857142857142857,3.0,1.0,8.0,2.025,2.105
BaZrKNbO6,0.82,0.89,0.855,161.0,164.0,162.5,4.341,5.212,4.7765,0.145,0.501,0.323,4.0,6.0,5.0,1.0,2.0,1.5,0.0,0.0,0.0,1.33,1.6,1.465,64.0,72.0,68.0,6.634,6.759,6.6965,0.426,0.917,0.6715,5.0,5.0,5.0,4.0,5.0,4.5,0.0,0.0,0.0,1.0283644293698586,0.4857142857142857,3.0,0.0,8.0,1.9749999999999999,2.585
BaZrKSbO6,0.82,0.89,0.855,161.0,164.0,162.5,4.341,5.212,4.7765,0.145,0.501,0.323,4.0,6.0,5.0,1.0,2.0,1.5,0.0,0.0,0.0,1.33,2.05,1.69,60.0,72.0,66.0,6.634,8.608,7.621,0.426,1.046,0.736,5.0,5.0,5.0,4.0,15.0,9.5,0.0,10.0,5.0,1.0383485500433525,0.4714285714285714,3.0,0.0,12.0,1.75,2.585
BaZrKTaO6,0.82,0.89,0.855,161.0,164.0,162.5,4.341,5.212,4.7765,0.145,0.501,0.323,4.0,6.0,5.0,1.0,2.0,1.5,0.0,0.0,0.0,1.33,1.5,1.415,64.0,72.0,68.0,6.634,7.55,7.0920000000000005,0.322,0.426,0.374,5.0,6.0,5.5,4.0,5.0,4.5,0.0,0.0,0.0,1.0283644293698586,0.4857142857142857,3.0,0.0,8.0,2.025,2.585
BaZrLaAlO6,0.89,1.1,0.9950000000000001,136.0,161.0,148.5,5.212,5.577,5.3945,0.145,0.47,0.3075,6.0,6.0,6.0,2.0,3.0,2.5,0.0,0.0,0.0,1.33,1.61,1.4700000000000002,53.5,72.0,62.75,5.986,6.634,6.3100000000000005,0.426,0.433,0.4295,3.0,5.0,4.0,4.0,13.0,8.5,0.0,0.0,0.0,1.0061667391976272,0.44821428571428573,5.0,0.0,18.5,1.9699999999999998,2.445
BaZrLaGaO6,0.89,1.1,0.9950000000000001,136.0,161.0,148.5,5.212,5.577,5.3945,0.145,0.47,0.3075,6.0,6.0,6.0,2.0,3.0,2.5,0.0,0.0,0.0,1.33,1.81,1.57,62.0,72.0,67.0,5.999,6.634,6.3165,0.426,0.43,0.428,4.0,5.0,4.5,4.0,13.0,8.5,0.0,10.0,5.0,0.9855087264363234,0.4785714285714286,5.0,0.0,10.0,1.8699999999999999,2.445
BaZrLaInO6,0.89,1.1,0.9950000000000001,136.0,161.0,148.5,5.212,5.577,5.3945,0.145,0.47,0.3075,6.0,6.0,6.0,2.0,3.0,2.5,0.0,0.0,0.0,1.33,1.78,1.5550000000000002,72.0,80.0,76.0,5.786,6.634,6.21,0.3,0.426,0.363,5.0,5.0,5.0,4.0,13.0,8.5,0.0,10.0,5.0,0.9444458628348099,0.5428571428571428,5.0,0.0,8.0,1.8849999999999998,2.445
BaZrLaScO6,0.89,1.1,0.9950000000000001,136.0,161.0,148.5,5.212,5.577,5.3945,0.145,0.47,0.3075,6.0,6.0,6.0,2.0,3.0,2.5,0.0,0.0,0.0,1.33,1.36,1.3450000000000002,72.0,74.5,73.25,6.561,6.634,6.5975,0.188,0.426,0.307,4.0,5.0,4.5,3.0,4.0,3.5,0.0,0.0,0.0,0.9566251178068883,0.5232142857142857,5.0,0.0,2.5,2.0949999999999998,2.445
BaZrLiNbO6,0.89,0.98,0.935,92.0,161.0,126.5,5.212,5.392,5.302,0.145,0.618,0.3815,2.0,6.0,4.0,1.0,2.0,1.5,0.0,0.0,0.0,1.33,1.6,1.465,64.0,72.0,68.0,6.634,6.759,6.6965,0.426,0.917,0.6715,5.0,5.0,5.0,4.0,5.0,4.5,0.0,0.0,0.0,0.9059805633952639,0.4857142857142857,3.0,0.0,8.0,1.9749999999999999,2.505
BaZrLiTaO6,0.89,0.98,0.935,92.0,161.0,126.5,5.212,5.392,5.302,0.145,0.618,0.3815,2.0,6.0,4.0,1.0,2.0,1.5,0.0,0.0,0.0,1.33,1.5,1.415,64.0,72.0,68.0,6.634,7.55,7.0920000000000005,0.322,0.426,0.374,5.0,6.0,5.5,4.0,5.0,4.5,0.0,0.0,0.0,0.9059805633952639,0.4857142857142857,3.0,0.0,8.0,2.025,2.505
BaZrLiVO6,0.89,0.98,0.935,92.0,161.0,126.5,5.212,5.392,5.302,0.145,0.618,0.3815,2.0,6.0,4.0,1.0,2.0,1.5,0.0,0.0,0.0,1.33,1.63,1.48,54.0,72.0,63.0,6.634,6.746,6.69,0.426,0.525,0.47550000000000003,4.0,5.0,4.5,4.0,5.0,4.5,0.0,0.0,0.0,0.9282953555971176,0.45,3.0,0.0,18.0,1.96,2.505
BaZrMgTiO6,0.89,1.31,1.1,89.0,161.0,125.0,5.212,7.646,6.429,0.0,0.145,0.0725,3.0,6.0,4.5,2.0,2.0,2.0,0.0,0.0,0.0,1.33,1.54,1.435,60.5,72.0,66.25,6.634,6.828,6.731,0.079,0.426,0.2525,4.0,5.0,4.5,4.0,4.0,4.0,0.0,0.0,0.0,0.9085250764336246,0.4732142857142857,4.0,0.0,11.5,2.005,2.34
BaZrMgZrO6,0.89,1.31,1.1,89.0,161.0,125.0,5.212,7.646,6.429,0.0,0.145,0.0725,3.0,6.0,4.5,2.0,2.0,2.0,0.0,0.0,0.0,1.33,1.33,1.33,72.0,72.0,72.0,6.634,6.634,6.634,0.426,0.426,0.426,5.0,5.0,5.0,4.0,4.0,4.0,0.0,0.0,0.0,0.8838834764831843,0.5142857142857142,4.0,0.0,0.0,2.11,2.34
BaZrNaNbO6,0.89,0.93,0.91,139.0,161.0,150.0,5.139,5.212,5.1754999999999995,0.145,0.548,0.34650000000000003,3.0,6.0,4.5,1.0,2.0,1.5,0.0,0.0,0.0,1.33,1.6,1.465,64.0,72.0,68.0,6.634,6.759,6.6965,0.426,0.917,0.6715,5.0,5.0,5.0,4.0,5.0,4.5,0.0,0.0,0.0,0.9858700314620132,0.4857142857142857,3.0,0.0,8.0,1.9749999999999999,2.53
BaZrNaSbO6,0.89,0.93,0.91,139.0,161.0,150.0,5.139,5.212,5.1754999999999995,0.145,0.548,0.34650000000000003,3.0,6.0,4.5,1.0,2.0,1.5,0.0,0.0,0.0,1.33,2.05,1.69,60.0,72.0,66.0,6.634,8.608,7.621,0.426,1.046,0.736,5.0,5.0,5.0,4.0,15.0,9.5,0.0,10.0,5.0,0.9954415851655279,0.4714285714285714,3.0,0.0,12.0,1.75,2.53
BaZrNaTaO6,0.89,0.93,0.91,139.0,161.0,150.0,5.139,5.212,5.1754999999999995,0.145,0.548,0.34650000000000003,3.0,6.0,4.5,1.0,2.0,1.5,0.0,0.0,0.0,1.33,1.5,1.415,64.0,72.0,68.0,6.634,7.55,7.0920000000000005,0.322,0.426,0.374,5.0,6.0,5.5,4.0,5.0,4.5,0.0,0.0,0.0,0.9858700314620132,0.4857142857142857,3.0,0.0,8.0,2.025,2.53
BaZrNaVO6,0.89,0.93,0.91,139.0,161.0,150.0,5.139,5.212,5.1754999999999995,0.145,0.548,0.34650000000000003,3.0,6.0,4.5,1.0,2.0,1.5,0.0,0.0,0.0,1.33,1.63,1.48,54.0,72.0,63.0,6.634,6.746,6.69,0.426,0.525,0.47550000000000003,4.0,5.0,4.5,4.0,5.0,4.5,0.0,0.0,0.0,1.0101525445522106,0.45,3.0,0.0,18.0,1.96,2.53
BaZrPbHfO6,0.89,1.8,1.345,149.0,161.0,155.0,5.212,7.417,6.3145,0.145,0.357,0.251,6.0,6.0,6.0,2.0,14.0,8.0,0.0,10.0,5.0,1.3,1.33,1.315,71.0,72.0,71.5,6.634,6.825,6.7295,0.014,0.426,0.22,5.0,6.0,5.5,4.0,4.0,4.0,0.0,0.0,0.0,0.9862718697401016,0.5107142857142857,4.0,1.0,1.0,2.125,2.0949999999999998
BaZrPbTiO6,0.89,1.8,1.345,149.0,161.0,155.0,5.212,7.417,6.3145,0.145,0.357,0.251,6.0,6.0,6.0,2.0,14.0,8.0,0.0,10.0,5.0,1.33,1.54,1.435,60.5,72.0,66.25,6.634,6.828,6.731,0.079,0.426,0.2525,4.0,5.0,4.5,4.0,4.0,4.0,0.0,0.0,0.0,1.0113769718789407,0.4732142857142857,4.0,1.0,11.5,2.005,2.0949999999999998
BaZrPbZrO6,0.89,1.8,1.345,149.0,161.0,155.0,5.212,7.417,6.3145,0.145,0.357,0.251,6.0,6.0,6.0,2.0,14.0,8.0,0.0,10.0,5.0,1.33,1.33,1.33,72.0,72.0,72.0,6.634,6.634,6.634,0.426,0.426,0.426,5.0,5.0,5.0,4.0,4.0,4.0,0.0,0.0,0.0,0.9839457568397713,0.5142857142857142,4.0,1.0,0.0,2.11,2.0949999999999998
BaZrRbNbO6,0.82,0.89,0.855,161.0,172.0,166.5,4.177,5.212,4.6945,0.145,0.486,0.3155,5.0,6.0,5.5,1.0,2.0,1.5,0.0,0.0,0.0,1.33,1.6,1.465,64.0,72.0,68.0,6.634,6.759,6.6965,0.426,0.917,0.6715,5.0,5.0,5.0,4.0,5.0,4.5,0.0,0.0,0.0,1.0419626367003691,0.4857142857142857,3.0,0.0,8.0,1.9749999999999999,2.585
BaZrRbTaO6,0.82,0.89,0.855,161.0,172.0,166.5,4.177,5.212,4.6945,0.145,0.486,0.3155,5.0,6.0,5.5,1.0,2.0,1.5,0.0,0.0,0.0,1.33,1.5,1.415,64.0,72.0,68.0,6.634,7.55,7.0920000000000005,0.322,0.426,0.374,5.0,6.0,5.5,4.0,5.0,4.5,0.0,0.0,0.0,1.0419626367003691,0.4857142857142857,3.0,0.0,8.0,2.025,2.585
BaZrSnHfO6,0.89,1.96,1.425,118.0,161.0,139.5,5.212,7.344,6.2780000000000005,0.145,1.112,0.6285000000000001,5.0,6.0,5.5,2.0,14.0,8.0,0.0,10.0,5.0,1.3,1.33,1.315,71.0,72.0,71.5,6.634,6.825,6.7295,0.014,0.426,0.22,5.0,6.0,5.5,4.0,4.0,4.0,0.0,0.0,0.0,0.9344508053978251,0.5107142857142857,4.0,1.0,1.0,2.125,2.0149999999999997
BaZrSnTiO6,0.89,1.96,1.425,118.0,161.0,139.5,5.212,7.344,6.2780000000000005,0.145,1.112,0.6285000000000001,5.0,6.0,5.5,2.0,14.0,8.0,0.0,10.0,5.0,1.33,1.54,1.435,60.5,72.0,66.25,6.634,6.828,6.731,0.079,0.426,0.2525,4.0,5.0,4.5,4.0,4.0,4.0,0.0,0.0,0.0,0.9582368258988607,0.4732142857142857,4.0,1.0,11.5,2.005,2.0149999999999997
BaZrSnZrO6,0.89,1.96,1.425,118.0,161.0,139.5,5.212,7.344,6.2780000000000005,0.145,1.112,0.6285000000000001,5.0,6.0,5.5,2.0,14.0,8.0,0.0,10.0,5.0,1.33,1.33,1.33,72.0,72.0,72.0,6.634,6.634,6.634,0.426,0.426,0.426,5.0,5.0,5.0,4.0,4.0,4.0,0.0,0.0,0.0,0.932246911988868,0.5142857142857142,4.0,1.0,0.0,2.11,2.0149999999999997
BaZrSrGeO6,0.89,0.95,0.9199999999999999,144.0,161.0,152.5,5.212,5.695,5.4535,0.048,0.145,0.0965,5.0,6.0,5.5,2.0,2.0,2.0,0.0,0.0,0.0,1.33,2.01,1.67,53.0,72.0,62.5,6.634,7.899,7.266500000000001,0.426,1.233,0.8295,4.0,5.0,4.5,4.0,14.0,9.0,0.0,10.0,5.0,1.0213764617139018,0.44642857142857145,4.0,0.0,19.0,1.77,2.52
BaZrSrHfO6,0.89,0.95,0.9199999999999999,144.0,161.0,152.5,5.212,5.695,5.4535,0.048,0.145,0.0965,5.0,6.0,5.5,2.0,2.0,2.0,0.0,0.0,0.0,1.3,1.33,1.315,71.0,72.0,71.5,6.634,6.825,6.7295,0.014,0.426,0.22,5.0,6.0,5.5,4.0,4.0,4.0,0.0,0.0,0.0,0.9779136335558635,0.5107142857142857,4.0,0.0,1.0,2.125,2.52
BaZrSrSiO6,0.89,0.95,0.9199999999999999,144.0,161.0,152.5,5.212,5.695,5.4535,0.048,0.145,0.0965,5.0,6.0,5.5,2.0,2.0,2.0,0.0,0.0,0.0,1.33,1.9,1.615,40.0,72.0,56.0,6.634,8.152,7.393,0.426,1.39,0.9079999999999999,3.0,5.0,4.0,4.0,14.0,9.0,0.0,0.0,0.0,1.0552486402911487,0.4,4.0,0.0,32.0,1.825,2.52
BaZrSrSnO6,0.89,0.95,0.9199999999999999,144.0,161.0,152.5,5.212,5.695,5.4535,0.048,0.145,0.0965,5.0,6.0,5.5,2.0,2.0,2.0,0.0,0.0,0.0,1.33,1.96,1.645,69.0,72.0,70.5,6.634,7.344,6.989000000000001,0.426,1.112,0.769,5.0,5.0,5.0,4.0,14.0,9.0,0.0,10.0,5.0,0.9825593040240624,0.5035714285714286,4.0,0.0,3.0,1.795,2.52
BaZrSrTiO6,0.89,0.95,0.9199999999999999,144.0,161.0,152.5,5.212,5.695,5.4535,0.048,0.145,0.0965,5.0,6.0,5.5,2.0,2.0,2.0,0.0,0.0,0.0,1.33,1.54,1.435,60.5,72.0,66.25,6.634,6.828,6.731,0.079,0.426,0.2525,4.0,5.0,4.5,4.0,4.0,4.0,0.0,0.0,0.0,1.002805980591831,0.4732142857142857,4.0,0.0,11.5,2.005,2.52
BaZrSrZrO6,0.89,0.95,0.9199999999999999,144.0,161.0,152.5,5.212,5.695,5.4535,0.048,0.145,0.0965,5.0,6.0,5.5,2.0,2.0,2.0,0.0,0.0,0.0,1.33,1.33,1.33,72.0,72.0,72.0,6.634,6.634,6.634,0.426,0.426,0.426,5.0,5.0,5.0,4.0,4.0,4.0,0.0,0.0,0.0,0.9756072334767223,0.5142857142857142,4.0,0.0,0.0,2.11,2.52
BaZrTlNbO6,0.89,1.8,1.345,161.0,170.0,165.5,5.212,6.108,5.66,0.145,0.377,0.261,6.0,6.0,6.0,2.0,13.0,7.5,0.0,10.0,5.0,1.33,1.6,1.465,64.0,72.0,68.0,6.634,6.759,6.6965,0.426,0.917,0.6715,5.0,5.0,5.0,4.0,5.0,4.5,0.0,0.0,0.0,1.0385630848677416,0.4857142857142857,3.0,1.0,8.0,1.9749999999999999,2.0949999999999998
BaZrTlTaO6,0.89,1.8,1.345,161.0,170.0,165.5,5.212,6.108,5.66,0.145,0.377,0.261,6.0,6.0,6.0,2.0,13.0,7.5,0.0,10.0,5.0,1.33,1.5,1.415,64.0,72.0,68.0,6.634,7.55,7.0920000000000005,0.322,0.426,0.374,5.0,6.0,5.5,4.0,5.0,4.5,0.0,0.0,0.0,1.0385630848677416,0.4857142857142857,3.0,1.0,8.0,2.025,2.0949999999999998
BaZrYAlO6,0.89,1.22,1.055,107.5,161.0,134.25,5.212,6.217,5.714499999999999,0.145,0.307,0.22599999999999998,5.0,6.0,5.5,2.0,3.0,2.5,0.0,0.0,0.0,1.33,1.61,1.4700000000000002,53.5,72.0,62.75,5.986,6.634,6.3100000000000005,0.426,0.433,0.4295,3.0,5.0,4.0,4.0,13.0,8.5,0.0,0.0,0.0,0.9564687286826665,0.44821428571428573,5.0,0.0,18.5,1.9699999999999998,2.385
CaGeAgNbO6,1.0,1.93,1.4649999999999999,128.0,134.0,131.0,6.113,7.576,6.8445,0.025,1.302,0.6635,4.0,5.0,4.5,2.0,11.0,6.5,0.0,10.0,5.0,1.6,2.01,1.805,53.0,64.0,58.5,6.759,7.899,7.329000000000001,0.917,1.233,1.0750000000000002,4.0,5.0,4.5,5.0,14.0,9.5,0.0,10.0,5.0,0.965369963232012,0.41785714285714287,3.0,0.0,11.0,1.635,1.975
CaGeCaSiO6,1.0,1.0,1.0,134.0,134.0,134.0,6.113,6.113,6.113,0.025,0.025,0.025,4.0,4.0,4.0,2.0,2.0,2.0,0.0,0.0,0.0,1.9,2.01,1.9549999999999998,40.0,53.0,46.5,7.899,8.152,8.0255,1.233,1.39,1.3115,3.0,4.0,3.5,14.0,14.0,14.0,0.0,10.0,5.0,1.0388592924670992,0.33214285714285713,4.0,0.0,13.0,1.485,2.44
CaGeCaSnO6,1.0,1.0,1.0,134.0,134.0,134.0,6.113,6.113,6.113,0.025,0.025,0.025,4.0,4.0,4.0,2.0,2.0,2.0,0.0,0.0,0.0,1.96,2.01,1.9849999999999999,53.0,69.0,61.0,7.344,7.899,7.6215,1.112,1.233,1.1725,4.0,5.0,4.5,14.0,14.0,14.0,10.0,10.0,10.0,0.9639167066921095,0.4357142857142857,4.0,0.0,16.0,1.455,2.44
CaGeCaTiO6,1.0,1.0,1.0,134.0,134.0,134.0,6.113,6.113,6.113,0.025,0.025,0.025,4.0,4.0,4.0,2.0,2.0,2.0,0.0,0.0,0.0,1.54,2.01,1.775,53.0,60.5,56.75,6.828,7.899,7.3635,0.079,1.233,0.656,4.0,4.0,4.0,4.0,14.0,9.0,0.0,10.0,5.0,0.984738287395751,0.40535714285714286,4.0,0.0,7.5,1.665,2.44
CaGeLaAlO6,1.0,1.1,1.05,134.0,136.0,135.0,5.577,6.113,5.845000000000001,0.025,0.47,0.2475,4.0,6.0,5.0,2.0,3.0,2.5,0.0,0.0,0.0,1.61,2.01,1.81,53.0,53.5,53.25,5.986,7.899,6.9425,0.433,1.233,0.8330000000000001,3.0,4.0,3.5,13.0,14.0,13.5,0.0,10.0,5.0,1.0062321595151387,0.38035714285714284,5.0,0.0,0.5,1.63,2.3899999999999997
CaGeLaGaO6,1.0,1.1,1.05,134.0,136.0,135.0,5.577,6.113,5.845000000000001,0.025,0.47,0.2475,4.0,6.0,5.0,2.0,3.0,2.5,0.0,0.0,0.0,1.81,2.01,1.91,53.0,62.0,57.5,5.999,7.899,6.949,0.43,1.233,0.8315,4.0,4.0,4.0,13.0,14.0,13.5,10.0,10.0,10.0,0.9845790624116483,0.4107142857142857,5.0,0.0,9.0,1.53,2.3899999999999997
CaGeLaInO6,1.0,1.1,1.05,134.0,136.0,135.0,5.577,6.113,5.845000000000001,0.025,0.47,0.2475,4.0,6.0,5.0,2.0,3.0,2.5,0.0,0.0,0.0,1.78,2.01,1.895,53.0,80.0,66.5,5.786,7.899,6.842499999999999,0.3,1.233,0.7665000000000001,4.0,5.0,4.5,13.0,14.0,13.5,10.0,10.0,10.0,0.9416676262774845,0.475,5.0,0.0,27.0,1.545,2.3899999999999997
CaGeMgTiO6,1.0,1.31,1.155,89.0,134.0,111.5,6.113,7.646,6.8795,0.0,0.025,0.0125,3.0,4.0,3.5,2.0,2.0,2.0,0.0,0.0,0.0,1.54,2.01,1.775,53.0,60.5,56.75,6.828,7.899,7.3635,0.079,1.233,0.656,4.0,4.0,4.0,4.0,14.0,9.0,0.0,10.0,5.0,0.9038747418979247,0.40535714285714286,4.0,0.0,7.5,1.665,2.285
CaGeSnTiO6,1.0,1.96,1.48,118.0,134.0,126.0,6.113,7.344,6.7285,0.025,1.112,0.5685,4.0,5.0,4.5,2.0,14.0,8.0,0.0,10.0,5.0,1.54,2.01,1.775,53.0,60.5,56.75,6.828,7.899,7.3635,0.079,1.233,0.656,4.0,4.0,4.0,4.0,14.0,9.0,0.0,10.0,5.0,0.9559868045520794,0.40535714285714286,4.0,1.0,7.5,1.665,1.96
CaGeYAlO6,1.0,1.22,1.1099999999999999,107.5,134.0,120.75,6.113,6.217,6.165,0.025,0.307,0.166,4.0,5.0,4.5,2.0,3.0,2.5,0.0,0.0,0.0,1.61,2.01,1.81,53.0,53.5,53.25,5.986,7.899,6.9425,0.433,1.233,0.8330000000000001,3.0,4.0,3.5,13.0,14.0,13.5,0.0,10.0,5.0,0.9540910385220814,0.38035714285714284,5.0,0.0,0.5,1.63,2.33
CaHfAgNbO6,1.0,1.93,1.4649999999999999,128.0,134.0,131.0,6.113,7.576,6.8445,0.025,1.302,0.6635,4.0,5.0,4.5,2.0,11.0,6.5,0.0,10.0,5.0,1.3,1.6,1.4500000000000002,64.0,71.0,67.5,6.759,6.825,6.792,0.014,0.917,0.4655,5.0,6.0,5.5,4.0,5.0,4.5,0.0,0.0,0.0,0.9234984949472499,0.48214285714285715,3.0,0.0,7.0,1.9899999999999998,1.975
CaHfAgTaO6,1.0,1.93,1.4649999999999999,128.0,134.0,131.0,6.113,7.576,6.8445,0.025,1.302,0.6635,4.0,5.0,4.5,2.0,11.0,6.5,0.0,10.0,5.0,1.3,1.5,1.4,64.0,71.0,67.5,6.825,7.55,7.1875,0.014,0.322,0.168,6.0,6.0,6.0,4.0,5.0,4.5,0.0,0.0,0.0,0.9234984949472499,0.48214285714285715,3.0,0.0,7.0,2.04,1.975
CaHfBaSnO6,0.89,1.0,0.9450000000000001,134.0,161.0,147.5,5.212,6.113,5.6625,0.025,0.145,0.08499999999999999,4.0,6.0,5.0,2.0,2.0,2.0,0.0,0.0,0.0,1.3,1.96,1.63,69.0,71.0,70.0,6.825,7.344,7.0845,0.014,1.112,0.5630000000000001,5.0,6.0,5.5,4.0,14.0,9.0,0.0,10.0,5.0,0.9680628551958685,0.5,4.0,0.0,2.0,1.81,2.495
CaHfBaTiO6,0.89,1.0,0.9450000000000001,134.0,161.0,147.5,5.212,6.113,5.6625,0.025,0.145,0.08499999999999999,4.0,6.0,5.0,2.0,2.0,2.0,0.0,0.0,0.0,1.3,1.54,1.42,60.5,71.0,65.75,6.825,6.828,6.8265,0.014,0.079,0.0465,4.0,6.0,5.0,4.0,4.0,4.0,0.0,0.0,0.0,0.9880592932740335,0.46964285714285714,4.0,0.0,10.5,2.02,2.495
CaHfBaZrO6,0.89,1.0,0.9450000000000001,134.0,161.0,147.5,5.212,6.113,5.6625,0.025,0.145,0.08499999999999999,4.0,6.0,5.0,2.0,2.0,2.0,0.0,0.0,0.0,1.3,1.33,1.315,71.0,72.0,71.5,6.634,6.825,6.7295,0.014,0.426,0.22,5.0,6.0,5.5,4.0,4.0,4.0,0.0,0.0,0.0,0.9611971611873872,0.5107142857142857,4.0,0.0,1.0,2.125,2.495
CaHfCaGeO6,1.0,1.0,1.0,134.0,134.0,134.0,6.113,6.113,6.113,0.025,0.025,0.025,4.0,4.0,4.0,2.0,2.0,2.0,0.0,0.0,0.0,1.3,2.01,1.6549999999999998,53.0,71.0,62.0,6.825,7.899,7.362,0.014,1.233,0.6235,4.0,6.0,5.0,4.0,14.0,9.0,0.0,10.0,5.0,0.959144841807495,0.44285714285714284,4.0,0.0,18.0,1.7850000000000001,2.44
CaHfCaSiO6,1.0,1.0,1.0,134.0,134.0,134.0,6.113,6.113,6.113,0.025,0.025,0.025,4.0,4.0,4.0,2.0,2.0,2.0,0.0,0.0,0.0,1.3,1.9,1.6,40.0,71.0,55.5,6.825,8.152,7.4885,0.014,1.39,0.702,3.0,6.0,4.5,4.0,14.0,9.0,0.0,0.0,0.0,0.9910345680056982,0.3964285714285714,4.0,0.0,31.0,1.8399999999999999,2.44
CaHfCaSnO6,1.0,1.0,1.0,134.0,134.0,134.0,6.113,6.113,6.113,0.025,0.025,0.025,4.0,4.0,4.0,2.0,2.0,2.0,0.0,0.0,0.0,1.3,1.96,1.63,69.0,71.0,70.0,6.825,7.344,7.0845,0.014,1.112,0.5630000000000001,5.0,6.0,5.5,4.0,14.0,9.0,0.0,10.0,5.0,0.9226059906910191,0.5,4.0,0.0,2.0,1.81,2.44
CaHfCaTiO6,1.0,1.0,1.0,134.0,134.0,134.0,6.113,6.113,6.113,0.025,0.025,0.025,4.0,4.0,4.0,2.0,2.0,2.0,0.0,0.0,0.0,1.3,1.54,1.42,60.5,71.0,65.75,6.825,6.828,6.8265,0.014,0.079,0.0465,4.0,6.0,5.0,4.0,4.0,4.0,0.0,0.0,0.0,0.9416634655898615,0.46964285714285714,4.0,0.0,10.5,2.02,2.44
CaHfCaZrO6,1.0,1.0,1.0,134.0,134.0,134.0,6.113,6.113,6.113,0.025,0.025,0.025,4.0,4.0,4.0,2.0,2.0,2.0,0.0,0.0,0.0,1.3,1.33,1.315,71.0,72.0,71.5,6.634,6.825,6.7295,0.014,0.426,0.22,5.0,6.0,5.5,4.0,4.0,4.0,0.0,0.0,0.0,0.9160626857925012,0.5107142857142857,4.0,0.0,1.0,2.125,2.44
CaHfCsNbO6,0.79,1.0,0.895,134.0,188.0,161.0,3.894,6.113,5.003500000000001,0.025,0.472,0.2485,4.0,6.0,5.0,1.0,2.0,1.5,0.0,0.0,0.0,1.3,1.6,1.4500000000000002,64.0,71.0,67.5,6.759,6.825,6.792,0.014,0.917,0.4655,5.0,6.0,5.5,4.0,5.0,4.5,0.0,0.0,0.0,1.0257308006609676,0.48214285714285715,3.0,0.0,7.0,1.9899999999999998,2.545
CaHfCsVO6,0.79,1.0,0.895,134.0,188.0,161.0,3.894,6.113,5.003500000000001,0.025,0.472,0.2485,4.0,6.0,5.0,1.0,2.0,1.5,0.0,0.0,0.0,1.3,1.63,1.4649999999999999,54.0,71.0,62.5,6.746,6.825,6.785500000000001,0.014,0.525,0.2695,4.0,6.0,5.0,4.0,5.0,4.5,0.0,0.0,0.0,1.0510574870970408,0.44642857142857145,3.0,0.0,17.0,1.975,2.545
CaHfGaNbO6,1.0,1.81,1.405,120.0,134.0,127.0,5.999,6.113,6.056,0.025,0.43,0.2275,4.0,4.0,4.0,2.0,13.0,7.5,0.0,10.0,5.0,1.3,1.6,1.4500000000000002,64.0,71.0,67.5,6.759,6.825,6.792,0.014,0.917,0.4655,5.0,6.0,5.5,4.0,5.0,4.5,0.0,0.0,0.0,0.9098675208520876,0.48214285714285715,3.0,1.0,7.0,1.9899999999999998,2.035
CaHfGaTaO6,1.0,1.81,1.405,120.0,134.0,127.0,5.999,6.113,6.056,0.025,0.43,0.2275,4.0,4.0,4.0,2.0,13.0,7.5,0.0,10.0,5.0,1.3,1.5,1.4,64.0,71.0,67.5,6.825,7.55,7.1875,0.014,0.322,0.168,6.0,6.0,6.0,4.0,5.0,4.5,0.0,0.0,0.0,0.9098675208520876,0.48214285714285715,3.0,1.0,7.0,2.04,2.035
CaHfInNbO6,1.0,1.78,1.3900000000000001,134.0,140.0,137.0,5.786,6.113,5.9495000000000005,0.025,0.3,0.1625,4.0,5.0,4.5,2.0,13.0,7.5,0.0,10.0,5.0,1.3,1.6,1.4500000000000002,64.0,71.0,67.5,6.759,6.825,6.792,0.014,0.917,0.4655,5.0,6.0,5.5,4.0,5.0,4.5,0.0,0.0,0.0,0.9439449560899934,0.48214285714285715,3.0,1.0,7.0,1.9899999999999998,2.05
CaHfInTaO6,1.0,1.78,1.3900000000000001,134.0,140.0,137.0,5.786,6.113,5.9495000000000005,0.025,0.3,0.1625,4.0,5.0,4.5,2.0,13.0,7.5,0.0,10.0,5.0,1.3,1.5,1.4,64.0,71.0,67.5,6.825,7.55,7.1875,0.014,0.322,0.168,6.0,6.0,6.0,4.0,5.0,4.5,0.0,0.0,0.0,0.9439449560899934,0.48214285714285715,3.0,1.0,7.0,2.04,2.05
CaHfKNbO6,0.82,1.0,0.9099999999999999,134.0,164.0,149.0,4.341,6.113,5.227,0.025,0.501,0.263,4.0,4.0,4.0,1.0,2.0,1.5,0.0,0.0,0.0,1.3,1.6,1.4500000000000002,64.0,71.0,67.5,6.759,6.825,6.792,0.014,0.917,0.4655,5.0,6.0,5.5,4.0,5.0,4.5,0.0,0.0,0.0,0.9848378783754805,0.48214285714285715,3.0,0.0,7.0,1.9899999999999998,2.5300000000000002
CaHfKSbO6,0.82,1.0,0.9099999999999999,134.0,164.0,149.0,4.341,6.113,5.227,0.025,0.501,0.263,4.0,4.0,4.0,1.0,2.0,1.5,0.0,0.0,0.0,1.3,2.05,1.6749999999999998,60.0,71.0,65.5,6.825,8.608,7.7165,0.014,1.046,0.53,5.0,6.0,5.5,4.0,15.0,9.5,0.0,10.0,5.0,0.9944226752453149,0.46785714285714286,3.0,0.0,11.0,1.7650000000000001,2.5300000000000002
CaHfLaAlO6,1.0,1.1,1.05,134.0,136.0,135.0,5.577,6.113,5.845000000000001,0.025,0.47,0.2475,4.0,6.0,5.0,2.0,3.0,2.5,0.0,0.0,0.0,1.3,1.61,1.455,53.5,71.0,62.25,5.986,6.825,6.4055,0.014,0.433,0.2235,3.0,6.0,4.5,4.0,13.0,8.5,0.0,0.0,0.0,0.9614554503154539,0.4446428571428571,5.0,0.0,17.5,1.9849999999999999,2.3899999999999997
CaHfLaGaO6,1.0,1.1,1.05,134.0,136.0,135.0,5.577,6.113,5.845000000000001,0.025,0.47,0.2475,4.0,6.0,5.0,2.0,3.0,2.5,0.0,0.0,0.0,1.3,1.81,1.5550000000000002,62.0,71.0,66.5,5.999,6.825,6.412,0.014,0.43,0.222,4.0,6.0,5.0,4.0,13.0,8.5,0.0,10.0,5.0,0.9416676262774845,0.475,5.0,0.0,9.0,1.8849999999999998,2.3899999999999997
CaHfLaInO6,1.0,1.1,1.05,134.0,136.0,135.0,5.577,6.113,5.845000000000001,0.025,0.47,0.2475,4.0,6.0,5.0,2.0,3.0,2.5,0.0,0.0,0.0,1.3,1.78,1.54,71.0,80.0,75.5,5.786,6.825,6.3055,0.014,0.3,0.157,5.0,6.0,5.5,4.0,13.0,8.5,0.0,10.0,5.0,0.902340440029237,0.5392857142857143,5.0,0.0,9.0,1.9,2.3899999999999997
CaHfLaScO6,1.0,1.1,1.05,134.0,136.0,135.0,5.577,6.113,5.845000000000001,0.025,0.47,0.2475,4.0,6.0,5.0,2.0,3.0,2.5,0.0,0.0,0.0,1.3,1.36,1.33,71.0,74.5,72.75,6.561,6.825,6.693,0.014,0.188,0.101,4.0,6.0,5.0,3.0,4.0,3.5,0.0,0.0,0.0,0.9140040649884866,0.5196428571428572,5.0,0.0,3.5,2.11,2.3899999999999997
CaHfLiNbO6,0.98,1.0,0.99,92.0,134.0,113.0,5.392,6.113,5.7525,0.025,0.618,0.3215,2.0,4.0,3.0,1.0,2.0,1.5,0.0,0.0,0.0,1.3,1.6,1.4500000000000002,64.0,71.0,67.5,6.759,6.825,6.792,0.014,0.917,0.4655,5.0,6.0,5.5,4.0,5.0,4.5,0.0,0.0,0.0,0.8621591115190193,0.48214285714285715,3.0,0.0,7.0,1.9899999999999998,2.45
CaHfLiVO6,0.98,1.0,0.99,92.0,134.0,113.0,5.392,6.113,5.7525,0.025,0.618,0.3215,2.0,4.0,3.0,1.0,2.0,1.5,0.0,0.0,0.0,1.3,1.63,1.4649999999999999,54.0,71.0,62.5,6.746,6.825,6.785500000000001,0.014,0.525,0.2695,4.0,6.0,5.0,4.0,5.0,4.5,0.0,0.0,0.0,0.8834469908157851,0.44642857142857145,3.0,0.0,17.0,1.975,2.45
CaHfMgTiO6,1.0,1.31,1.155,89.0,134.0,111.5,6.113,7.646,6.8795,0.0,0.025,0.0125,3.0,4.0,3.5,2.0,2.0,2.0,0.0,0.0,0.0,1.3,1.54,1.42,60.5,71.0,65.75,6.825,6.828,6.8265,0.014,0.079,0.0465,4.0,6.0,5.0,4.0,4.0,4.0,0.0,0.0,0.0,0.8643370861162415,0.46964285714285714,4.0,0.0,10.5,2.02,2.285
CaHfMgZrO6,1.0,1.31,1.155,89.0,134.0,111.5,6.113,7.646,6.8795,0.0,0.025,0.0125,3.0,4.0,3.5,2.0,2.0,2.0,0.0,0.0,0.0,1.3,1.33,1.315,71.0,72.0,71.5,6.634,6.825,6.7295,0.014,0.426,0.22,5.0,6.0,5.5,4.0,4.0,4.0,0.0,0.0,0.0,0.8408385601343579,0.5107142857142857,4.0,0.0,1.0,2.125,2.285
CaHfNaNbO6,0.93,1.0,0.9650000000000001,134.0,139.0,136.5,5.139,6.113,5.626,0.025,0.548,0.28650000000000003,3.0,4.0,3.5,1.0,2.0,1.5,0.0,0.0,0.0,1.3,1.6,1.4500000000000002,64.0,71.0,67.5,6.759,6.825,6.792,0.014,0.917,0.4655,5.0,6.0,5.5,4.0,5.0,4.5,0.0,0.0,0.0,0.9422410843280982,0.48214285714285715,3.0,0.0,7.0,1.9899999999999998,2.4749999999999996
CaHfNaSbO6,0.93,1.0,0.9650000000000001,134.0,139.0,136.5,5.139,6.113,5.626,0.025,0.548,0.28650000000000003,3.0,4.0,3.5,1.0,2.0,1.5,0.0,0.0,0.0,1.3,2.05,1.6749999999999998,60.0,71.0,65.5,6.825,8.608,7.7165,0.014,1.046,0.53,5.0,6.0,5.5,4.0,15.0,9.5,0.0,10.0,5.0,0.9514113138592719,0.46785714285714286,3.0,0.0,11.0,1.7650000000000001,2.4749999999999996
CaHfNaTaO6,0.93,1.0,0.9650000000000001,134.0,139.0,136.5,5.139,6.113,5.626,0.025,0.548,0.28650000000000003,3.0,4.0,3.5,1.0,2.0,1.5,0.0,0.0,0.0,1.3,1.5,1.4,64.0,71.0,67.5,6.825,7.55,7.1875,0.014,0.322,0.168,6.0,6.0,6.0,4.0,5.0,4.5,0.0,0.0,0.0,0.9422410843280982,0.48214285714285715,3.0,0.0,7.0,2.04,2.4749999999999996
CaHfNaVO6,0.93,1.0,0.9650000000000001,134.0,139.0,136.5,5.139,6.113,5.626,0.025,0.548,0.28650000000000003,3.0,4.0,3.5,1.0,2.0,1.5,0.0,0.0,0.0,1.3,1.63,1.4649999999999999,54.0,71.0,62.5,6.746,6.825,6.785500000000001,0.014,0.525,0.2695,4.0,6.0,5.0,4.0,5.0,4.5,0.0,0.0,0.0,0.9655062962868166,0.44642857142857145,3.0,0.0,17.0,1.975,2.4749999999999996
CaHfPbHfO6,1.0,1.8,1.4,134.0,149.0,141.5,6.113,7.417,6.765000000000001,0.025,0.357,0.191,4.0,6.0,5.0,2.0,14.0,8.0,0.0,10.0,5.0,1.3,1.3,1.3,71.0,71.0,71.0,6.825,6.825,6.825,0.014,0.014,0.014,6.0,6.0,6.0,4.0,4.0,4.0,0.0,0.0,0.0,0.9433675777441379,0.5071428571428571,4.0,1.0,0.0,2.1399999999999997,2.04
CaHfPbTiO6,1.0,1.8,1.4,134.0,149.0,141.5,6.113,7.417,6.765000000000001,0.025,0.357,0.191,4.0,6.0,5.0,2.0,14.0,8.0,0.0,10.0,5.0,1.3,1.54,1.42,60.5,71.0,65.75,6.825,6.828,6.8265,0.014,0.079,0.0465,4.0,6.0,5.0,4.0,4.0,4.0,0.0,0.0,0.0,0.9674389254144016,0.46964285714285714,4.0,1.0,10.5,2.02,2.04
CaHfPbZrO6,1.0,1.8,1.4,134.0,149.0,141.5,6.113,7.417,6.765000000000001,0.025,0.357,0.191,4.0,6.0,5.0,2.0,14.0,8.0,0.0,10.0,5.0,1.3,1.33,1.315,71.0,72.0,71.5,6.634,6.825,6.7295,0.014,0.426,0.22,5.0,6.0,5.5,4.0,4.0,4.0,0.0,0.0,0.0,0.9411373943452156,0.5107142857142857,4.0,1.0,1.0,2.125,2.04
CaHfRbNbO6,0.82,1.0,0.9099999999999999,134.0,172.0,153.0,4.177,6.113,5.145,0.025,0.486,0.2555,4.0,5.0,4.5,1.0,2.0,1.5,0.0,0.0,0.0,1.3,1.6,1.4500000000000002,64.0,71.0,67.5,6.759,6.825,6.792,0.014,0.917,0.4655,5.0,6.0,5.5,4.0,5.0,4.5,0.0,0.0,0.0,0.9984688524706429,0.48214285714285715,3.0,0.0,7.0,1.9899999999999998,2.5300000000000002
CaHfSnHfO6,1.0,1.96,1.48,118.0,134.0,126.0,6.113,7.344,6.7285,0.025,1.112,0.5685,4.0,5.0,4.5,2.0,14.0,8.0,0.0,10.0,5.0,1.3,1.3,1.3,71.0,71.0,71.0,6.825,6.825,6.825,0.014,0.014,0.014,6.0,6.0,6.0,4.0,4.0,4.0,0.0,0.0,0.0,0.8914237146711925,0.5071428571428571,4.0,1.0,0.0,2.1399999999999997,1.96
CaHfSnTiO6,1.0,1.96,1.48,118.0,134.0,126.0,6.113,7.344,6.7285,0.025,1.112,0.5685,4.0,5.0,4.5,2.0,14.0,8.0,0.0,10.0,5.0,1.3,1.54,1.42,60.5,71.0,65.75,6.825,6.828,6.8265,0.014,0.079,0.0465,4.0,6.0,5.0,4.0,4.0,4.0,0.0,0.0,0.0,0.9141696417770189,0.46964285714285714,4.0,1.0,10.5,2.02,1.96
CaHfSnZrO6,1.0,1.96,1.48,118.0,134.0,126.0,6.113,7.344,6.7285,0.025,1.112,0.5685,4.0,5.0,4.5,2.0,14.0,8.0,0.0,10.0,5.0,1.3,1.33,1.315,71.0,72.0,71.5,6.634,6.825,6.7295,0.014,0.426,0.22,5.0,6.0,5.5,4.0,4.0,4.0,0.0,0.0,0.0,0.8893163300029391,0.5107142857142857,4.0,1.0,1.0,2.125,1.96
CaHfSrGeO6,0.95,1.0,0.975,134.0,144.0,139.0,5.695,6.113,5.904,0.025,0.048,0.036500000000000005,4.0,5.0,4.5,2.0,2.0,2.0,0.0,0.0,0.0,1.3,2.01,1.6549999999999998,53.0,71.0,62.0,6.825,7.899,7.362,0.014,1.233,0.6235,4.0,6.0,5.0,4.0,14.0,9.0,0.0,10.0,5.0,0.9766474849061719,0.44285714285714284,4.0,0.0,18.0,1.7850000000000001,2.465
CaHfSrHfO6,0.95,1.0,0.975,134.0,144.0,139.0,5.695,6.113,5.904,0.025,0.048,0.036500000000000005,4.0,5.0,4.5,2.0,2.0,2.0,0.0,0.0,0.0,1.3,1.3,1.3,71.0,71.0,71.0,6.825,6.825,6.825,0.014,0.014,0.014,6.0,6.0,6.0,4.0,4.0,4.0,0.0,0.0,0.0,0.9349895353130178,0.5071428571428571,4.0,0.0,0.0,2.1399999999999997,2.465
CaHfSrSiO6,0.95,1.0,0.975,134.0,144.0,139.0,5.695,6.113,5.904,0.025,0.048,0.036500000000000005,4.0,5.0,4.5,2.0,2.0,2.0,0.0,0.0,0.0,1.3,1.9,1.6,40.0,71.0,55.5,6.825,8.152,7.4885,0.014,1.39,0.702,3.0,6.0,4.5,4.0,14.0,9.0,0.0,0.0,0.0,1.0091191404145614,0.3964285714285714,4.0,0.0,31.0,1.8399999999999999,2.465
CaHfSrSnO6,0.95,1.0,0.975,134.0,144.0,139.0,5.695,6.113,5.904,0.025,0.048,0.036500000000000005,4.0,5.0,4.5,2.0,2.0,2.0,0.0,0.0,0.0,1.3,1.96,1.63,69.0,71.0,70.0,6.825,7.344,7.0845,0.014,1.112,0.5630000000000001,5.0,6.0,5.5,4.0,14.0,9.0,0.0,10.0,5.0,0.939441866433556,0.5,4.0,0.0,2.0,1.81,2.465
CaHfSrTiO6,0.95,1.0,0.975,134.0,144.0,139.0,5.695,6.113,5.904,0.025,0.048,0.036500000000000005,4.0,5.0,4.5,2.0,2.0,2.0,0.0,0.0,0.0,1.3,1.54,1.42,60.5,71.0,65.75,6.825,6.828,6.8265,0.014,0.079,0.0465,4.0,6.0,5.0,4.0,4.0,4.0,0.0,0.0,0.0,0.9588471054728882,0.46964285714285714,4.0,0.0,10.5,2.02,2.465
CaHfSrZrO6,0.95,1.0,0.975,134.0,144.0,139.0,5.695,6.113,5.904,0.025,0.048,0.036500000000000005,4.0,5.0,4.5,2.0,2.0,2.0,0.0,0.0,0.0,1.3,1.33,1.315,71.0,72.0,71.5,6.634,6.825,6.7295,0.014,0.426,0.22,5.0,6.0,5.5,4.0,4.0,4.0,0.0,0.0,0.0,0.9327791581609775,0.5107142857142857,4.0,0.0,1.0,2.125,2.465
CaHfTlNbO6,1.0,1.8,1.4,134.0,170.0,152.0,6.108,6.113,6.1105,0.025,0.377,0.201,4.0,6.0,5.0,2.0,13.0,7.5,0.0,10.0,5.0,1.3,1.6,1.4500000000000002,64.0,71.0,67.5,6.759,6.825,6.792,0.014,0.917,0.4655,5.0,6.0,5.5,4.0,5.0,4.5,0.0,0.0,0.0,0.9950611089468523,0.48214285714285715,3.0,1.0,7.0,1.9899999999999998,2.04
CaHfTlTaO6,1.0,1.8,1.4,134.0,170.0,152.0,6.108,6.113,6.1105,0.025,0.377,0.201,4.0,6.0,5.0,2.0,13.0,7.5,0.0,10.0,5.0,1.3,1.5,1.4,64.0,71.0,67.5,6.825,7.55,7.1875,0.014,0.322,0.168,6.0,6.0,6.0,4.0,5.0,4.5,0.0,0.0,0.0,0.9950611089468523,0.48214285714285715,3.0,1.0,7.0,2.04,2.04
CaHfYAlO6,1.0,1.22,1.1099999999999999,107.5,134.0,120.75,6.113,6.217,6.165,0.025,0.307,0.166,4.0,5.0,4.5,2.0,3.0,2.5,0.0,0.0,0.0,1.3,1.61,1.455,53.5,71.0,62.25,5.986,6.825,6.4055,0.014,0.433,0.2235,3.0,6.0,4.5,4.0,13.0,8.5,0.0,0.0,0.0,0.9116345769809258,0.4446428571428571,5.0,0.0,17.5,1.9849999999999999,2.33
CaSiAgNbO6,1.0,1.93,1.4649999999999999,128.0,134.0,131.0,6.113,7.576,6.8445,0.025,1.302,0.6635,4.0,5.0,4.5,2.0,11.0,6.5,0.0,10.0,5.0,1.6,1.9,1.75,40.0,64.0,52.0,6.759,8.152,7.4555,0.917,1.39,1.1535,3.0,5.0,4.0,5.0,14.0,9.5,0.0,0.0,0.0,0.9980517588622623,0.37142857142857144,3.0,0.0,24.0,1.69,1.975
CaSiCaSnO6,1.0,1.0,1.0,134.0,134.0,134.0,6.113,6.113,6.113,0.025,0.025,0.025,4.0,4.0,4.0,2.0,2.0,2.0,0.0,0.0,0.0,1.9,1.96,1.93,40.0,69.0,54.5,7.344,8.152,7.747999999999999,1.112,1.39,1.251,3.0,5.0,4.0,14.0,14.0,14.0,0.0,10.0,5.0,0.9961298614144679,0.3892857142857143,4.0,0.0,29.0,1.51,2.44
CaSiCaTiO6,1.0,1.0,1.0,134.0,134.0,134.0,6.113,6.113,6.113,0.025,0.025,0.025,4.0,4.0,4.0,2.0,2.0,2.0,0.0,0.0,0.0,1.54,1.9,1.72,40.0,60.5,50.25,6.828,8.152,7.49,0.079,1.39,0.7344999999999999,3.0,4.0,3.5,4.0,14.0,9.0,0.0,0.0,0.0,1.0183824338770775,0.35892857142857143,4.0,0.0,20.5,1.72,2.44
CaSiLaAlO6,1.0,1.1,1.05,134.0,136.0,135.0,5.577,6.113,5.845000000000001,0.025,0.47,0.2475,4.0,6.0,5.0,2.0,3.0,2.5,0.0,0.0,0.0,1.61,1.9,1.755,40.0,53.5,46.75,5.986,8.152,7.068999999999999,0.433,1.39,0.9115,3.0,3.0,3.0,13.0,14.0,13.5,0.0,0.0,0.0,1.0412549656026804,0.3339285714285714,5.0,0.0,13.5,1.685,2.3899999999999997
CaSiLaGaO6,1.0,1.1,1.05,134.0,136.0,135.0,5.577,6.113,5.845000000000001,0.025,0.47,0.2475,4.0,6.0,5.0,2.0,3.0,2.5,0.0,0.0,0.0,1.81,1.9,1.855,40.0,62.0,51.0,5.999,8.152,7.0755,0.43,1.39,0.9099999999999999,3.0,4.0,3.5,13.0,14.0,13.5,0.0,10.0,5.0,1.018085679718851,0.36428571428571427,5.0,0.0,22.0,1.585,2.3899999999999997
CaSiLaInO6,1.0,1.1,1.05,134.0,136.0,135.0,5.577,6.113,5.845000000000001,0.025,0.47,0.2475,4.0,6.0,5.0,2.0,3.0,2.5,0.0,0.0,0.0,1.78,1.9,1.8399999999999999,40.0,80.0,60.0,5.786,8.152,6.968999999999999,0.3,1.39,0.845,3.0,5.0,4.0,13.0,14.0,13.5,0.0,10.0,5.0,0.9722718241315028,0.42857142857142855,5.0,0.0,40.0,1.6,2.3899999999999997
CaSiMgTiO6,1.0,1.31,1.155,89.0,134.0,111.5,6.113,7.646,6.8795,0.0,0.025,0.0125,3.0,4.0,3.5,2.0,2.0,2.0,0.0,0.0,0.0,1.54,1.9,1.72,40.0,60.5,50.25,6.828,8.152,7.49,0.079,1.39,0.7344999999999999,3.0,4.0,3.5,4.0,14.0,9.0,0.0,0.0,0.0,0.9347561391243978,0.35892857142857143,4.0,0.0,20.5,1.72,2.285
CaSiSnTiO6,1.0,1.96,1.48,118.0,134.0,126.0,6.113,7.344,6.7285,0.025,1.112,0.5685,4.0,5.0,4.5,2.0,14.0,8.0,0.0,10.0,5.0,1.54,1.9,1.72,40.0,60.5,50.25,6.828,8.152,7.49,0.079,1.39,0.7344999999999999,3.0,4.0,3.5,4.0,14.0,9.0,0.0,0.0,0.0,0.9886486401872359,0.35892857142857143,4.0,1.0,20.5,1.72,1.96
CaSiYAlO6,1.0,1.22,1.1099999999999999,107.5,134.0,120.75,6.113,6.217,6.165,0.025,0.307,0.166,4.0,5.0,4.5,2.0,3.0,2.5,0.0,0.0,0.0,1.61,1.9,1.755,40.0,53.5,46.75,5.986,8.152,7.068999999999999,0.433,1.39,0.9115,3.0,3.0,3.0,13.0,14.0,13.5,0.0,0.0,0.0,0.987299026475996,0.3339285714285714,5.0,0.0,13.5,1.685,2.33
CaSnAgNbO6,1.0,1.93,1.4649999999999999,128.0,134.0,131.0,6.113,7.576,6.8445,0.025,1.302,0.6635,4.0,5.0,4.5,2.0,11.0,6.5,0.0,10.0,5.0,1.6,1.96,1.78,64.0,69.0,66.5,6.759,7.344,7.051500000000001,0.917,1.112,1.0145,5.0,5.0,5.0,5.0,14.0,9.5,0.0,10.0,5.0,0.9279706426225393,0.475,3.0,0.0,5.0,1.66,1.975
CaSnCaTiO6,1.0,1.0,1.0,134.0,134.0,134.0,6.113,6.113,6.113,0.025,0.025,0.025,4.0,4.0,4.0,2.0,2.0,2.0,0.0,0.0,0.0,1.54,1.96,1.75,60.5,69.0,64.75,6.828,7.344,7.086,0.079,1.112,0.5955,4.0,5.0,4.5,4.0,14.0,9.0,0.0,10.0,5.0,0.9462625545548914,0.4625,4.0,0.0,8.5,1.69,2.44
CaSnLaAlO6,1.0,1.1,1.05,134.0,136.0,135.0,5.577,6.113,5.845000000000001,0.025,0.47,0.2475,4.0,6.0,5.0,2.0,3.0,2.5,0.0,0.0,0.0,1.61,1.96,1.7850000000000001,53.5,69.0,61.25,5.986,7.344,6.665,0.433,1.112,0.7725000000000001,3.0,5.0,4.0,13.0,14.0,13.5,0.0,10.0,5.0,0.9662328687021146,0.4375,5.0,0.0,15.5,1.6549999999999998,2.3899999999999997
CaSnLaGaO6,1.0,1.1,1.05,134.0,136.0,135.0,5.577,6.113,5.845000000000001,0.025,0.47,0.2475,4.0,6.0,5.0,2.0,3.0,2.5,0.0,0.0,0.0,1.81,1.96,1.885,62.0,69.0,65.5,5.999,7.344,6.6715,0.43,1.112,0.771,4.0,5.0,4.5,13.0,14.0,13.5,10.0,10.0,10.0,0.9462499504929468,0.46785714285714286,5.0,0.0,7.0,1.555,2.3899999999999997
CaSnLaInO6,1.0,1.1,1.05,134.0,136.0,135.0,5.577,6.113,5.845000000000001,0.025,0.47,0.2475,4.0,6.0,5.0,2.0,3.0,2.5,0.0,0.0,0.0,1.78,1.96,1.87,69.0,80.0,74.5,5.786,7.344,6.5649999999999995,0.3,1.112,0.7060000000000001,5.0,5.0,5.0,13.0,14.0,13.5,10.0,10.0,10.0,0.9065471553673686,0.5321428571428571,5.0,0.0,11.0,1.5699999999999998,2.3899999999999997
CaSnMgTiO6,1.0,1.31,1.155,89.0,134.0,111.5,6.113,7.646,6.8795,0.0,0.025,0.0125,3.0,4.0,3.5,2.0,2.0,2.0,0.0,0.0,0.0,1.54,1.96,1.75,60.5,69.0,64.75,6.828,7.344,7.086,0.079,1.112,0.5955,4.0,5.0,4.5,4.0,14.0,9.0,0.0,10.0,5.0,0.8685585126662598,0.4625,4.0,0.0,8.5,1.69,2.285
CaSnSnTiO6,1.0,1.96,1.48,118.0,134.0,126.0,6.113,7.344,6.7285,0.025,1.112,0.5685,4.0,5.0,4.5,2.0,14.0,8.0,0.0,10.0,5.0,1.54,1.96,1.75,60.5,69.0,64.75,6.828,7.344,7.086,0.079,1.112,0.5955,4.0,5.0,4.5,4.0,14.0,9.0,0.0,10.0,5.0,0.9186344507722668,0.4625,4.0,1.0,8.5,1.69,1.96
CaSnYAlO6,1.0,1.22,1.1099999999999999,107.5,134.0,120.75,6.113,6.217,6.165,0.025,0.307,0.166,4.0,5.0,4.5,2.0,3.0,2.5,0.0,0.0,0.0,1.61,1.96,1.7850000000000001,53.5,69.0,61.25,5.986,7.344,6.665,0.433,1.112,0.7725000000000001,3.0,5.0,4.0,13.0,14.0,13.5,0.0,10.0,5.0,0.916164438233005,0.4375,5.0,0.0,15.5,1.6549999999999998,2.33
CaTiAgNbO6,1.0,1.93,1.4649999999999999,128.0,134.0,131.0,6.113,7.576,6.8445,0.025,1.302,0.6635,4.0,5.0,4.5,2.0,11.0,6.5,0.0,10.0,5.0,1.54,1.6,1.57,60.5,64.0,62.25,6.759,6.828,6.7935,0.079,0.917,0.498,4.0,5.0,4.5,4.0,5.0,4.5,0.0,0.0,0.0,0.9474706437654109,0.4446428571428571,3.0,0.0,3.5,1.8699999999999999,1.975
CaTiLaAlO6,1.0,1.1,1.05,134.0,136.0,135.0,5.577,6.113,5.845000000000001,0.025,0.47,0.2475,4.0,6.0,5.0,2.0,3.0,2.5,0.0,0.0,0.0,1.54,1.61,1.5750000000000002,53.5,60.5,57.0,5.986,6.828,6.407,0.079,0.433,0.256,3.0,4.0,3.5,4.0,13.0,8.5,0.0,0.0,0.0,0.9870779940421347,0.40714285714285714,5.0,0.0,7.0,1.8649999999999998,2.3899999999999997
CaTiLaGaO6,1.0,1.1,1.05,134.0,136.0,135.0,5.577,6.113,5.845000000000001,0.025,0.47,0.2475,4.0,6.0,5.0,2.0,3.0,2.5,0.0,0.0,0.0,1.54,1.81,1.675,60.5,62.0,61.25,5.999,6.828,6.4135,0.079,0.43,0.2545,4.0,4.0,4.0,4.0,13.0,8.5,0.0,10.0,5.0,0.9662328687021146,0.4375,5.0,0.0,1.5,1.765,2.3899999999999997
CaTiLaInO6,1.0,1.1,1.05,134.0,136.0,135.0,5.577,6.113,5.845000000000001,0.025,0.47,0.2475,4.0,6.0,5.0,2.0,3.0,2.5,0.0,0.0,0.0,1.54,1.78,1.6600000000000001,60.5,80.0,70.25,5.786,6.828,6.307,0.079,0.3,0.1895,4.0,5.0,4.5,4.0,13.0,8.5,0.0,10.0,5.0,0.9248721275923927,0.5017857142857143,5.0,0.0,19.5,1.7799999999999998,2.3899999999999997
CaTiMgTiO6,1.0,1.31,1.155,89.0,134.0,111.5,6.113,7.646,6.8795,0.0,0.025,0.0125,3.0,4.0,3.5,2.0,2.0,2.0,0.0,0.0,0.0,1.54,1.54,1.54,60.5,60.5,60.5,6.828,6.828,6.828,0.079,0.079,0.079,4.0,4.0,4.0,4.0,4.0,4.0,0.0,0.0,0.0,0.8869693539571905,0.43214285714285716,4.0,0.0,0.0,1.9,2.285
CaTiSnTiO6,1.0,1.96,1.48,118.0,134.0,126.0,6.113,7.344,6.7285,0.025,1.112,0.5685,4.0,5.0,4.5,2.0,14.0,8.0,0.0,10.0,5.0,1.54,1.54,1.54,60.5,60.5,60.5,6.828,6.828,6.828,0.079,0.079,0.079,4.0,4.0,4.0,4.0,4.0,4.0,0.0,0.0,0.0,0.9381067520978635,0.43214285714285716,4.0,1.0,0.0,1.9,1.96
CaTiYAlO6,1.0,1.22,1.1099999999999999,107.5,134.0,120.75,6.113,6.217,6.165,0.025,0.307,0.166,4.0,5.0,4.5,2.0,3.0,2.5,0.0,0.0,0.0,1.54,1.61,1.5750000000000002,53.5,60.5,57.0,5.986,6.828,6.407,0.079,0.433,0.256,3.0,4.0,3.5,4.0,13.0,8.5,0.0,0.0,0.0,0.9359294070781332,0.40714285714285714,5.0,0.0,7.0,1.8649999999999998,2.33
CaZrAgNbO6,1.0,1.93,1.4649999999999999,128.0,134.0,131.0,6.113,7.576,6.8445,0.025,1.302,0.6635,4.0,5.0,4.5,2.0,11.0,6.5,0.0,10.0,5.0,1.33,1.6,1.465,64.0,72.0,68.0,6.634,6.759,6.6965,0.426,0.917,0.6715,5.0,5.0,5.0,4.0,5.0,4.5,0.0,0.0,0.0,0.9212785466420882,0.4857142857142857,3.0,0.0,8.0,1.9749999999999999,1.975
CaZrAgTaO6,1.0,1.93,1.4649999999999999,128.0,134.0,131.0,6.113,7.576,6.8445,0.025,1.302,0.6635,4.0,5.0,4.5,2.0,11.0,6.5,0.0,10.0,5.0,1.33,1.5,1.415,64.0,72.0,68.0,6.634,7.55,7.0920000000000005,0.322,0.426,0.374,5.0,6.0,5.5,4.0,5.0,4.5,0.0,0.0,0.0,0.9212785466420882,0.4857142857142857,3.0,0.0,8.0,2.025,1.975
CaZrBaSnO6,0.89,1.0,0.9450000000000001,134.0,161.0,147.5,5.212,6.113,5.6625,0.025,0.145,0.08499999999999999,4.0,6.0,5.0,2.0,2.0,2.0,0.0,0.0,0.0,1.33,1.96,1.645,69.0,72.0,70.5,6.634,7.344,6.989000000000001,0.426,1.112,0.769,5.0,5.0,5.0,4.0,14.0,9.0,0.0,10.0,5.0,0.9657634184851895,0.5035714285714286,4.0,0.0,3.0,1.795,2.495
CaZrBaTiO6,0.89,1.0,0.9450000000000001,134.0,161.0,147.5,5.212,6.113,5.6625,0.025,0.145,0.08499999999999999,4.0,6.0,5.0,2.0,2.0,2.0,0.0,0.0,0.0,1.33,1.54,1.435,60.5,72.0,66.25,6.634,6.828,6.731,0.079,0.426,0.2525,4.0,5.0,4.5,4.0,4.0,4.0,0.0,0.0,0.0,0.9856639980176116,0.4732142857142857,4.0,0.0,11.5,2.005,2.495
CaZrCaGeO6,1.0,1.0,1.0,134.0,134.0,134.0,6.113,6.113,6.113,0.025,0.025,0.025,4.0,4.0,4.0,2.0,2.0,2.0,0.0,0.0,0.0,1.33,2.01,1.67,53.0,72.0,62.5,6.634,7.899,7.266500000000001,0.426,1.233,0.8295,4.0,5.0,4.5,4.0,14.0,9.0,0.0,10.0,5.0,0.9567765829388345,0.44642857142857145,4.0,0.0,19.0,1.77,2.44
CaZrCaSiO6,1.0,1.0,1.0,134.0,134.0,134.0,6.113,6.113,6.113,0.025,0.025,0.025,4.0,4.0,4.0,2.0,2.0,2.0,0.0,0.0,0.0,1.33,1.9,1.615,40.0,72.0,56.0,6.634,8.152,7.393,0.426,1.39,0.9079999999999999,3.0,5.0,4.0,4.0,14.0,9.0,0.0,0.0,0.0,0.9885064185975204,0.4,4.0,0.0,32.0,1.825,2.44
CaZrCaSnO6,1.0,1.0,1.0,134.0,134.0,134.0,6.113,6.113,6.113,0.025,0.025,0.025,4.0,4.0,4.0,2.0,2.0,2.0,0.0,0.0,0.0,1.33,1.96,1.645,69.0,72.0,70.5,6.634,7.344,6.989000000000001,0.426,1.112,0.769,5.0,5.0,5.0,4.0,14.0,9.0,0.0,10.0,5.0,0.9204145275302328,0.5035714285714286,4.0,0.0,3.0,1.795,2.44
CaZrCaTiO6,1.0,1.0,1.0,134.0,134.0,134.0,6.113,6.113,6.113,0.025,0.025,0.025,4.0,4.0,4.0,2.0,2.0,2.0,0.0,0.0,0.0,1.33,1.54,1.435,60.5,72.0,66.25,6.634,6.828,6.731,0.079,0.426,0.2525,4.0,5.0,4.5,4.0,4.0,4.0,0.0,0.0,0.0,0.9393806450672194,0.4732142857142857,4.0,0.0,11.5,2.005,2.44
CaZrCsNbO6,0.79,1.0,0.895,134.0,188.0,161.0,3.894,6.113,5.003500000000001,0.025,0.472,0.2485,4.0,6.0,5.0,1.0,2.0,1.5,0.0,0.0,0.0,1.33,1.6,1.465,64.0,72.0,68.0,6.634,6.759,6.6965,0.426,0.917,0.6715,5.0,5.0,5.0,4.0,5.0,4.5,0.0,0.0,0.0,1.023265101620917,0.4857142857142857,3.0,0.0,8.0,1.9749999999999999,2.545
CaZrCsVO6,0.79,1.0,0.895,134.0,188.0,161.0,3.894,6.113,5.003500000000001,0.025,0.472,0.2485,4.0,6.0,5.0,1.0,2.0,1.5,0.0,0.0,0.0,1.33,1.63,1.48,54.0,72.0,63.0,6.634,6.746,6.69,0.426,0.525,0.47550000000000003,4.0,5.0,4.5,4.0,5.0,4.5,0.0,0.0,0.0,1.0484686755524668,0.45,3.0,0.0,18.0,1.96,2.545
CaZrGaNbO6,1.0,1.81,1.405,120.0,134.0,127.0,5.999,6.113,6.056,0.025,0.43,0.2275,4.0,4.0,4.0,2.0,13.0,7.5,0.0,10.0,5.0,1.33,1.6,1.465,64.0,72.0,68.0,6.634,6.759,6.6965,0.426,0.917,0.6715,5.0,5.0,5.0,4.0,5.0,4.5,0.0,0.0,0.0,0.9076803393115777,0.4857142857142857,3.0,1.0,8.0,1.9749999999999999,2.035
CaZrGaTaO6,1.0,1.81,1.405,120.0,134.0,127.0,5.999,6.113,6.056,0.025,0.43,0.2275,4.0,4.0,4.0,2.0,13.0,7.5,0.0,10.0,5.0,1.33,1.5,1.415,64.0,72.0,68.0,6.634,7.55,7.0920000000000005,0.322,0.426,0.374,5.0,6.0,5.5,4.0,5.0,4.5,0.0,0.0,0.0,0.9076803393115777,0.4857142857142857,3.0,1.0,8.0,2.025,2.035
CaZrInNbO6,1.0,1.78,1.3900000000000001,134.0,140.0,137.0,5.786,6.113,5.9495000000000005,0.025,0.3,0.1625,4.0,5.0,4.5,2.0,13.0,7.5,0.0,10.0,5.0,1.33,1.6,1.465,64.0,72.0,68.0,6.634,6.759,6.6965,0.426,0.917,0.6715,5.0,5.0,5.0,4.0,5.0,4.5,0.0,0.0,0.0,0.941675857637854,0.4857142857142857,3.0,1.0,8.0,1.9749999999999999,2.05
CaZrInTaO6,1.0,1.78,1.3900000000000001,134.0,140.0,137.0,5.786,6.113,5.9495000000000005,0.025,0.3,0.1625,4.0,5.0,4.5,2.0,13.0,7.5,0.0,10.0,5.0,1.33,1.5,1.415,64.0,72.0,68.0,6.634,7.55,7.0920000000000005,0.322,0.426,0.374,5.0,6.0,5.5,4.0,5.0,4.5,0.0,0.0,0.0,0.941675857637854,0.4857142857142857,3.0,1.0,8.0,2.025,2.05
CaZrKNbO6,0.82,1.0,0.9099999999999999,134.0,164.0,149.0,4.341,6.113,5.227,0.025,0.501,0.263,4.0,4.0,4.0,1.0,2.0,1.5,0.0,0.0,0.0,1.33,1.6,1.465,64.0,72.0,68.0,6.634,6.759,6.6965,0.426,0.917,0.6715,5.0,5.0,5.0,4.0,5.0,4.5,0.0,0.0,0.0,0.9824704796293856,0.4857142857142857,3.0,0.0,8.0,1.9749999999999999,2.5300000000000002
CaZrKSbO6,0.82,1.0,0.9099999999999999,134.0,164.0,149.0,4.341,6.113,5.227,0.025,0.501,0.263,4.0,4.0,4.0,1.0,2.0,1.5,0.0,0.0,0.0,1.33,2.05,1.69,60.0,72.0,66.0,6.634,8.608,7.621,0.426,1.046,0.736,5.0,5.0,5.0,4.0,15.0,9.5,0.0,10.0,5.0,0.992009027975302,0.4714285714285714,3.0,0.0,12.0,1.75,2.5300000000000002
CaZrLaAlO6,1.0,1.1,1.05,134.0,136.0,135.0,5.577,6.113,5.845000000000001,0.025,0.47,0.2475,4.0,6.0,5.0,2.0,3.0,2.5,0.0,0.0,0.0,1.33,1.61,1.4700000000000002,53.5,72.0,62.75,5.986,6.634,6.3100000000000005,0.426,0.433,0.4295,3.0,5.0,4.0,4.0,13.0,8.5,0.0,0.0,0.0,0.9590844134466118,0.44821428571428573,5.0,0.0,18.5,1.9699999999999998,2.3899999999999997
CaZrLaGaO6,1.0,1.1,1.05,134.0,136.0,135.0,5.577,6.113,5.845000000000001,0.025,0.47,0.2475,4.0,6.0,5.0,2.0,3.0,2.5,0.0,0.0,0.0,1.33,1.81,1.57,62.0,72.0,67.0,5.999,6.634,6.3165,0.426,0.43,0.428,4.0,5.0,4.5,4.0,13.0,8.5,0.0,10.0,5.0,0.9393930667937225,0.4785714285714286,5.0,0.0,10.0,1.8699999999999999,2.3899999999999997
CaZrLaInO6,1.0,1.1,1.05,134.0,136.0,135.0,5.577,6.113,5.845000000000001,0.025,0.47,0.2475,4.0,6.0,5.0,2.0,3.0,2.5,0.0,0.0,0.0,1.33,1.78,1.5550000000000002,72.0,80.0,76.0,5.786,6.634,6.21,0.3,0.426,0.363,5.0,5.0,5.0,4.0,13.0,8.5,0.0,10.0,5.0,0.9002516890106507,0.5428571428571428,5.0,0.0,8.0,1.8849999999999998,2.3899999999999997
CaZrLaScO6,1.0,1.1,1.05,134.0,136.0,135.0,5.577,6.113,5.845000000000001,0.025,0.47,0.2475,4.0,6.0,5.0,2.0,3.0,2.5,0.0,0.0,0.0,1.33,1.36,1.3450000000000002,72.0,74.5,73.25,6.561,6.634,6.5975,0.188,0.426,0.307,4.0,5.0,4.5,3.0,4.0,3.5,0.0,0.0,0.0,0.911861030838455,0.5232142857142857,5.0,0.0,2.5,2.0949999999999998,2.3899999999999997
CaZrLiNbO6,0.98,1.0,0.99,92.0,134.0,113.0,5.392,6.113,5.7525,0.025,0.618,0.3215,2.0,4.0,3.0,1.0,2.0,1.5,0.0,0.0,0.0,1.33,1.6,1.465,64.0,72.0,68.0,6.634,6.759,6.6965,0.426,0.917,0.6715,5.0,5.0,5.0,4.0,5.0,4.5,0.0,0.0,0.0,0.8600866136547909,0.4857142857142857,3.0,0.0,8.0,1.9749999999999999,2.45
CaZrLiTaO6,0.98,1.0,0.99,92.0,134.0,113.0,5.392,6.113,5.7525,0.025,0.618,0.3215,2.0,4.0,3.0,1.0,2.0,1.5,0.0,0.0,0.0,1.33,1.5,1.415,64.0,72.0,68.0,6.634,7.55,7.0920000000000005,0.322,0.426,0.374,5.0,6.0,5.5,4.0,5.0,4.5,0.0,0.0,0.0,0.8600866136547909,0.4857142857142857,3.0,0.0,8.0,2.025,2.45
CaZrLiVO6,0.98,1.0,0.99,92.0,134.0,113.0,5.392,6.113,5.7525,0.025,0.618,0.3215,2.0,4.0,3.0,1.0,2.0,1.5,0.0,0.0,0.0,1.33,1.63,1.48,54.0,72.0,63.0,6.634,6.746,6.69,0.426,0.525,0.47550000000000003,4.0,5.0,4.5,4.0,5.0,4.5,0.0,0.0,0.0,0.881271013005894,0.45,3.0,0.0,18.0,1.96,2.45
CaZrMgTiO6,1.0,1.31,1.155,89.0,134.0,111.5,6.113,7.646,6.8795,0.0,0.025,0.0125,3.0,4.0,3.5,2.0,2.0,2.0,0.0,0.0,0.0,1.33,1.54,1.435,60.5,72.0,66.25,6.634,6.828,6.731,0.079,0.426,0.2525,4.0,5.0,4.5,4.0,4.0,4.0,0.0,0.0,0.0,0.8622417234832325,0.4732142857142857,4.0,0.0,11.5,2.005,2.285
CaZrMgZrO6,1.0,1.31,1.155,89.0,134.0,111.5,6.113,7.646,6.8795,0.0,0.025,0.0125,3.0,4.0,3.5,2.0,2.0,2.0,0.0,0.0,0.0,1.33,1.33,1.33,72.0,72.0,72.0,6.634,6.634,6.634,0.426,0.426,0.426,5.0,5.0,5.0,4.0,4.0,4.0,0.0,0.0,0.0,0.8388554503227202,0.5142857142857142,4.0,0.0,0.0,2.11,2.285
CaZrNaNbO6,0.93,1.0,0.9650000000000001,134.0,139.0,136.5,5.139,6.113,5.626,0.025,0.548,0.28650000000000003,3.0,4.0,3.5,1.0,2.0,1.5,0.0,0.0,0.0,1.33,1.6,1.465,64.0,72.0,68.0,6.634,6.759,6.6965,0.426,0.917,0.6715,5.0,5.0,5.0,4.0,5.0,4.5,0.0,0.0,0.0,0.9399760817215402,0.4857142857142857,3.0,0.0,8.0,1.9749999999999999,2.4749999999999996
CaZrNaSbO6,0.93,1.0,0.9650000000000001,134.0,139.0,136.5,5.139,6.113,5.626,0.025,0.548,0.28650000000000003,3.0,4.0,3.5,1.0,2.0,1.5,0.0,0.0,0.0,1.33,2.05,1.69,60.0,72.0,66.0,6.634,8.608,7.621,0.426,1.046,0.736,5.0,5.0,5.0,4.0,15.0,9.5,0.0,10.0,5.0,0.9491020630974776,0.4714285714285714,3.0,0.0,12.0,1.75,2.4749999999999996
CaZrNaTaO6,0.93,1.0,0.9650000000000001,134.0,139.0,136.5,5.139,6.113,5.626,0.025,0.548,0.28650000000000003,3.0,4.0,3.5,1.0,2.0,1.5,0.0,0.0,0.0,1.33,1.5,1.415,64.0,72.0,68.0,6.634,7.55,7.0920000000000005,0.322,0.426,0.374,5.0,6.0,5.5,4.0,5.0,4.5,0.0,0.0,0.0,0.9399760817215402,0.4857142857142857,3.0,0.0,8.0,2.025,2.4749999999999996
CaZrNaVO6,0.93,1.0,0.9650000000000001,134.0,139.0,136.5,5.139,6.113,5.626,0.025,0.548,0.28650000000000003,3.0,4.0,3.5,1.0,2.0,1.5,0.0,0.0,0.0,1.33,1.63,1.48,54.0,72.0,63.0,6.634,6.746,6.69,0.426,0.525,0.47550000000000003,4.0,5.0,4.5,4.0,5.0,4.5,0.0,0.0,0.0,0.963128201960987,0.45,3.0,0.0,18.0,1.96,2.4749999999999996
CaZrPbHfO6,1.0,1.8,1.4,134.0,149.0,141.5,6.113,7.417,6.765000000000001,0.025,0.357,0.191,4.0,6.0,5.0,2.0,14.0,8.0,0.0,10.0,5.0,1.3,1.33,1.315,71.0,72.0,71.5,6.634,6.825,6.7295,0.014,0.426,0.22,5.0,6.0,5.5,4.0,4.0,4.0,0.0,0.0,0.0,0.9411373943452156,0.5107142857142857,4.0,1.0,1.0,2.125,2.04
CaZrPbTiO6,1.0,1.8,1.4,134.0,149.0,141.5,6.113,7.417,6.765000000000001,0.025,0.357,0.191,4.0,6.0,5.0,2.0,14.0,8.0,0.0,10.0,5.0,1.33,1.54,1.435,60.5,72.0,66.25,6.634,6.828,6.731,0.079,0.426,0.2525,4.0,5.0,4.5,4.0,4.0,4.0,0.0,0.0,0.0,0.9650936189285484,0.4732142857142857,4.0,1.0,11.5,2.005,2.04
CaZrPbZrO6,1.0,1.8,1.4,134.0,149.0,141.5,6.113,7.417,6.765000000000001,0.025,0.357,0.191,4.0,6.0,5.0,2.0,14.0,8.0,0.0,10.0,5.0,1.33,1.33,1.33,72.0,72.0,72.0,6.634,6.634,6.634,0.426,0.426,0.426,5.0,5.0,5.0,4.0,4.0,4.0,0.0,0.0,0.0,0.9389177306793071,0.5142857142857142,4.0,1.0,0.0,2.11,2.04
CaZrRbNbO6,0.82,1.0,0.9099999999999999,134.0,172.0,153.0,4.177,6.113,5.145,0.025,0.486,0.2555,4.0,5.0,4.5,1.0,2.0,1.5,0.0,0.0,0.0,1.33,1.6,1.465,64.0,72.0,68.0,6.634,6.759,6.6965,0.426,0.917,0.6715,5.0,5.0,5.0,4.0,5.0,4.5,0.0,0.0,0.0,0.9960686869598961,0.4857142857142857,3.0,0.0,8.0,1.9749999999999999,2.5300000000000002
CaZrSnHfO6,1.0,1.96,1.48,118.0,134.0,126.0,6.113,7.344,6.7285,0.025,1.112,0.5685,4.0,5.0,4.5,2.0,14.0,8.0,0.0,10.0,5.0,1.3,1.33,1.315,71.0,72.0,71.5,6.634,6.825,6.7295,0.014,0.426,0.22,5.0,6.0,5.5,4.0,4.0,4.0,0.0,0.0,0.0,0.8893163300029391,0.5107142857142857,4.0,1.0,1.0,2.125,1.96
CaZrSnTiO6,1.0,1.96,1.48,118.0,134.0,126.0,6.113,7.344,6.7285,0.025,1.112,0.5685,4.0,5.0,4.5,2.0,14.0,8.0,0.0,10.0,5.0,1.33,1.54,1.435,60.5,72.0,66.25,6.634,6.828,6.731,0.079,0.426,0.2525,4.0,5.0,4.5,4.0,4.0,4.0,0.0,0.0,0.0,0.9119534729484685,0.4732142857142857,4.0,1.0,11.5,2.005,1.96
CaZrSrGeO6,0.95,1.0,0.975,134.0,144.0,139.0,5.695,6.113,5.904,0.025,0.048,0.036500000000000005,4.0,5.0,4.5,2.0,2.0,2.0,0.0,0.0,0.0,1.33,2.01,1.67,53.0,72.0,62.5,6.634,7.899,7.266500000000001,0.426,1.233,0.8295,4.0,5.0,4.5,4.0,14.0,9.0,0.0,10.0,5.0,0.9742360096347987,0.44642857142857145,4.0,0.0,19.0,1.77,2.465
CaZrSrHfO6,0.95,1.0,0.975,134.0,144.0,139.0,5.695,6.113,5.904,0.025,0.048,0.036500000000000005,4.0,5.0,4.5,2.0,2.0,2.0,0.0,0.0,0.0,1.3,1.33,1.315,71.0,72.0,71.5,6.634,6.825,6.7295,0.014,0.426,0.22,5.0,6.0,5.5,4.0,4.0,4.0,0.0,0.0,0.0,0.9327791581609775,0.5107142857142857,4.0,0.0,1.0,2.125,2.465
CaZrSrSiO6,0.95,1.0,0.975,134.0,144.0,139.0,5.695,6.113,5.904,0.025,0.048,0.036500000000000005,4.0,5.0,4.5,2.0,2.0,2.0,0.0,0.0,0.0,1.33,1.9,1.615,40.0,72.0,56.0,6.634,8.152,7.393,0.426,1.39,0.9079999999999999,3.0,5.0,4.0,4.0,14.0,9.0,0.0,0.0,0.0,1.0065448568930957,0.4,4.0,0.0,32.0,1.825,2.465
CaZrSrSnO6,0.95,1.0,0.975,134.0,144.0,139.0,5.695,6.113,5.904,0.025,0.048,0.036500000000000005,4.0,5.0,4.5,2.0,2.0,2.0,0.0,0.0,0.0,1.33,1.96,1.645,69.0,72.0,70.5,6.634,7.344,6.989000000000001,0.426,1.112,0.769,5.0,5.0,5.0,4.0,14.0,9.0,0.0,10.0,5.0,0.9372104130691057,0.5035714285714286,4.0,0.0,3.0,1.795,2.465
CaZrSrTiO6,0.95,1.0,0.975,134.0,144.0,139.0,5.695,6.113,5.904,0.025,0.048,0.036500000000000005,4.0,5.0,4.5,2.0,2.0,2.0,0.0,0.0,0.0,1.33,1.54,1.435,60.5,72.0,66.25,6.634,6.828,6.731,0.079,0.426,0.2525,4.0,5.0,4.5,4.0,4.0,4.0,0.0,0.0,0.0,0.9565226276414388,0.4732142857142857,4.0,0.0,11.5,2.005,2.465
CaZrSrZrO6,0.95,1.0,0.975,134.0,144.0,139.0,5.695,6.113,5.904,0.025,0.048,0.036500000000000005,4.0,5.0,4.5,2.0,2.0,2.0,0.0,0.0,0.0,1.33,1.33,1.33,72.0,72.0,72.0,6.634,6.634,6.634,0.426,0.426,0.426,5.0,5.0,5.0,4.0,4.0,4.0,0.0,0.0,0.0,0.9305792073162582,0.5142857142857142,4.0,0.0,0.0,2.11,2.465
CaZrTlNbO6,1.0,1.8,1.4,134.0,170.0,152.0,6.108,6.113,6.1105,0.025,0.377,0.201,4.0,6.0,5.0,2.0,13.0,7.5,0.0,10.0,5.0,1.33,1.6,1.465,64.0,72.0,68.0,6.634,6.759,6.6965,0.426,0.917,0.6715,5.0,5.0,5.0,4.0,5.0,4.5,0.0,0.0,0.0,0.9926691351272685,0.4857142857142857,3.0,1.0,8.0,1.9749999999999999,2.04
CaZrTlTaO6,1.0,1.8,1.4,134.0,170.0,152.0,6.108,6.113,6.1105,0.025,0.377,0.201,4.0,6.0,5.0,2.0,13.0,7.5,0.0,10.0,5.0,1.33,1.5,1.415,64.0,72.0,68.0,6.634,7.55,7.0920000000000005,0.322,0.426,0.374,5.0,6.0,5.5,4.0,5.0,4.5,0.0,0.0,0.0,0.9926691351272685,0.4857142857142857,3.0,1.0,8.0,2.025,2.04
CaZrYAlO6,1.0,1.22,1.1099999999999999,107.5,134.0,120.75,6.113,6.217,6.165,0.025,0.307,0.166,4.0,5.0,4.5,2.0,3.0,2.5,0.0,0.0,0.0,1.33,1.61,1.4700000000000002,53.5,72.0,62.75,5.986,6.634,6.3100000000000005,0.426,0.433,0.4295,3.0,5.0,4.0,4.0,13.0,8.5,0.0,0.0,0.0,0.909386402931651,0.44821428571428573,5.0,0.0,18.5,1.9699999999999998,2.33
CsNbAgNbO6,0.79,1.93,1.3599999999999999,128.0,188.0,158.0,3.894,7.576,5.734999999999999,0.472,1.302,0.887,5.0,6.0,5.5,1.0,11.0,6.0,0.0,10.0,5.0,1.6,1.6,1.6,64.0,64.0,64.0,6.759,6.759,6.759,0.917,0.917,0.917,5.0,5.0,5.0,5.0,5.0,5.0,0.0,0.0,0.0,1.0329304940862312,0.45714285714285713,2.0,0.0,0.0,1.8399999999999999,2.08
CsNbBaSnO6,0.79,0.89,0.8400000000000001,161.0,188.0,174.5,3.894,5.212,4.553,0.145,0.472,0.3085,6.0,6.0,6.0,1.0,2.0,1.5,0.0,0.0,0.0,1.6,1.96,1.78,64.0,69.0,66.5,6.759,7.344,7.051500000000001,0.917,1.112,1.0145,5.0,5.0,5.0,5.0,14.0,9.5,0.0,10.0,5.0,1.0769253398700687,0.475,3.0,0.0,5.0,1.66,2.5999999999999996
CsNbCaGeO6,0.79,1.0,0.895,134.0,188.0,161.0,3.894,6.113,5.003500000000001,0.025,0.472,0.2485,4.0,6.0,5.0,1.0,2.0,1.5,0.0,0.0,0.0,1.6,2.01,1.805,53.0,64.0,58.5,6.759,7.899,7.329000000000001,0.917,1.233,1.0750000000000002,4.0,5.0,4.5,5.0,14.0,9.5,0.0,10.0,5.0,1.0722374868370317,0.41785714285714287,3.0,0.0,11.0,1.635,2.545
CsNbCaSiO6,0.79,1.0,0.895,134.0,188.0,161.0,3.894,6.113,5.003500000000001,0.025,0.472,0.2485,4.0,6.0,5.0,1.0,2.0,1.5,0.0,0.0,0.0,1.6,1.9,1.75,40.0,64.0,52.0,6.759,8.152,7.4555,0.917,1.39,1.1535,3.0,5.0,4.0,5.0,14.0,9.5,0.0,0.0,0.0,1.1085371934226602,0.37142857142857144,3.0,0.0,24.0,1.69,2.545
CsNbCaSnO6,0.79,1.0,0.895,134.0,188.0,161.0,3.894,6.113,5.003500000000001,0.025,0.472,0.2485,4.0,6.0,5.0,1.0,2.0,1.5,0.0,0.0,0.0,1.6,1.96,1.78,64.0,69.0,66.5,6.759,7.344,7.051500000000001,0.917,1.112,1.0145,5.0,5.0,5.0,5.0,14.0,9.5,0.0,10.0,5.0,1.0306980200346285,0.475,3.0,0.0,5.0,1.66,2.545
CsNbCaTiO6,0.79,1.0,0.895,134.0,188.0,161.0,3.894,6.113,5.003500000000001,0.025,0.472,0.2485,4.0,6.0,5.0,1.0,2.0,1.5,0.0,0.0,0.0,1.54,1.6,1.57,60.5,64.0,62.25,6.759,6.828,6.7935,0.079,0.917,0.498,4.0,5.0,4.5,4.0,5.0,4.5,0.0,0.0,0.0,1.052356692890733,0.4446428571428571,3.0,0.0,3.5,1.8699999999999999,2.545
CsNbCsTaO6,0.79,0.79,0.79,188.0,188.0,188.0,3.894,3.894,3.894,0.472,0.472,0.472,6.0,6.0,6.0,1.0,1.0,1.0,0.0,0.0,0.0,1.5,1.6,1.55,64.0,64.0,64.0,6.759,7.55,7.1545000000000005,0.322,0.917,0.6195,5.0,6.0,5.5,5.0,5.0,5.0,0.0,0.0,0.0,1.136916785437194,0.45714285714285713,2.0,0.0,0.0,1.89,2.65
CsNbGaNbO6,0.79,1.81,1.3,120.0,188.0,154.0,3.894,5.999,4.9465,0.43,0.472,0.45099999999999996,4.0,6.0,5.0,1.0,13.0,7.0,0.0,10.0,5.0,1.6,1.6,1.6,64.0,64.0,64.0,6.759,6.759,6.759,0.917,0.917,0.917,5.0,5.0,5.0,5.0,5.0,5.0,0.0,0.0,0.0,1.0190656552394362,0.45714285714285713,2.0,1.0,0.0,1.8399999999999999,2.1399999999999997
CsNbGaTaO6,0.79,1.81,1.3,120.0,188.0,154.0,3.894,5.999,4.9465,0.43,0.472,0.45099999999999996,4.0,6.0,5.0,1.0,13.0,7.0,0.0,10.0,5.0,1.5,1.6,1.55,64.0,64.0,64.0,6.759,7.55,7.1545000000000005,0.322,0.917,0.6195,5.0,6.0,5.5,5.0,5.0,5.0,0.0,0.0,0.0,1.0190656552394362,0.45714285714285713,2.0,1.0,0.0,1.89,2.1399999999999997
CsNbInNbO6,0.79,1.78,1.2850000000000001,140.0,188.0,164.0,3.894,5.786,4.84,0.3,0.472,0.386,5.0,6.0,5.5,1.0,13.0,7.0,0.0,10.0,5.0,1.6,1.6,1.6,64.0,64.0,64.0,6.759,6.759,6.759,0.917,0.917,0.917,5.0,5.0,5.0,5.0,5.0,5.0,0.0,0.0,0.0,1.0537277523564237,0.45714285714285713,2.0,1.0,0.0,1.8399999999999999,2.155
CsNbKNbO6,0.79,0.82,0.8049999999999999,164.0,188.0,176.0,3.894,4.341,4.1175,0.472,0.501,0.4865,4.0,6.0,5.0,1.0,1.0,1.0,0.0,0.0,0.0,1.6,1.6,1.6,64.0,64.0,64.0,6.759,6.759,6.759,0.917,0.917,0.917,5.0,5.0,5.0,5.0,5.0,5.0,0.0,0.0,0.0,1.095322268896809,0.45714285714285713,2.0,0.0,0.0,1.8399999999999999,2.635
CsNbKSbO6,0.79,0.82,0.8049999999999999,164.0,188.0,176.0,3.894,4.341,4.1175,0.472,0.501,0.4865,4.0,6.0,5.0,1.0,1.0,1.0,0.0,0.0,0.0,1.6,2.05,1.825,60.0,64.0,62.0,6.759,8.608,7.6835,0.917,1.046,0.9815,5.0,5.0,5.0,5.0,15.0,10.0,0.0,10.0,5.0,1.106167043836381,0.44285714285714284,2.0,0.0,4.0,1.615,2.635
CsNbLaAlO6,0.79,1.1,0.9450000000000001,136.0,188.0,162.0,3.894,5.577,4.7355,0.47,0.472,0.471,6.0,6.0,6.0,1.0,3.0,2.0,0.0,0.0,0.0,1.6,1.61,1.605,53.5,64.0,58.75,5.986,6.759,6.3725000000000005,0.433,0.917,0.675,3.0,5.0,4.0,5.0,13.0,9.0,0.0,0.0,0.0,1.0744465304067288,0.41964285714285715,4.0,0.0,10.5,1.835,2.495
CsNbLaGaO6,0.79,1.1,0.9450000000000001,136.0,188.0,162.0,3.894,5.577,4.7355,0.47,0.472,0.471,6.0,6.0,6.0,1.0,3.0,2.0,0.0,0.0,0.0,1.6,1.81,1.705,62.0,64.0,63.0,5.999,6.759,6.379,0.43,0.917,0.6735,4.0,5.0,4.5,5.0,13.0,9.0,0.0,10.0,5.0,1.0519519601888538,0.45,4.0,0.0,2.0,1.7349999999999999,2.495
CsNbLaInO6,0.79,1.1,0.9450000000000001,136.0,188.0,162.0,3.894,5.577,4.7355,0.47,0.472,0.471,6.0,6.0,6.0,1.0,3.0,2.0,0.0,0.0,0.0,1.6,1.78,1.69,64.0,80.0,72.0,5.786,6.759,6.2725,0.3,0.917,0.6085,5.0,5.0,5.0,5.0,13.0,9.0,0.0,10.0,5.0,1.0072936222563083,0.5142857142857142,4.0,0.0,16.0,1.75,2.495
CsNbLiNbO6,0.79,0.98,0.885,92.0,188.0,140.0,3.894,5.392,4.643000000000001,0.472,0.618,0.5449999999999999,2.0,6.0,4.0,1.0,1.0,1.0,0.0,0.0,0.0,1.6,1.6,1.6,64.0,64.0,64.0,6.759,6.759,6.759,0.917,0.917,0.917,5.0,5.0,5.0,5.0,5.0,5.0,0.0,0.0,0.0,0.9705387192756535,0.45714285714285713,2.0,0.0,0.0,1.8399999999999999,2.5549999999999997
CsNbMgTiO6,0.79,1.31,1.05,89.0,188.0,138.5,3.894,7.646,5.77,0.0,0.472,0.236,3.0,6.0,4.5,1.0,2.0,1.5,0.0,0.0,0.0,1.54,1.6,1.57,60.5,64.0,62.25,6.759,6.828,6.7935,0.079,0.917,0.498,4.0,5.0,4.5,4.0,5.0,4.5,0.0,0.0,0.0,0.9736921560467414,0.4446428571428571,3.0,0.0,3.5,1.8699999999999999,2.3899999999999997
CsNbMgZrO6,0.79,1.31,1.05,89.0,188.0,138.5,3.894,7.646,5.77,0.0,0.472,0.236,3.0,6.0,4.5,1.0,2.0,1.5,0.0,0.0,0.0,1.33,1.6,1.465,64.0,72.0,68.0,6.634,6.759,6.6965,0.426,0.917,0.6715,5.0,5.0,5.0,4.0,5.0,4.5,0.0,0.0,0.0,0.9467751853867955,0.4857142857142857,3.0,0.0,8.0,1.9749999999999999,2.3899999999999997
CsNbNaNbO6,0.79,0.93,0.8600000000000001,139.0,188.0,163.5,3.894,5.139,4.516500000000001,0.472,0.548,0.51,3.0,6.0,4.5,1.0,1.0,1.0,0.0,0.0,0.0,1.6,1.6,1.6,64.0,64.0,64.0,6.759,6.759,6.759,0.917,0.917,0.917,5.0,5.0,5.0,5.0,5.0,5.0,0.0,0.0,0.0,1.0519946475005744,0.45714285714285713,2.0,0.0,0.0,1.8399999999999999,2.58
CsNbNaSbO6,0.79,0.93,0.8600000000000001,139.0,188.0,163.5,3.894,5.139,4.516500000000001,0.472,0.548,0.51,3.0,6.0,4.5,1.0,1.0,1.0,0.0,0.0,0.0,1.6,2.05,1.825,60.0,64.0,62.0,6.759,8.608,7.6835,0.917,1.046,0.9815,5.0,5.0,5.0,5.0,15.0,10.0,0.0,10.0,5.0,1.0624104360896889,0.44285714285714284,2.0,0.0,4.0,1.615,2.58
CsNbPbHfO6,0.79,1.8,1.295,149.0,188.0,168.5,3.894,7.417,5.6555,0.357,0.472,0.4145,6.0,6.0,6.0,1.0,14.0,7.5,0.0,10.0,5.0,1.3,1.6,1.4500000000000002,64.0,71.0,67.5,6.759,6.825,6.792,0.014,0.917,0.4655,5.0,6.0,5.5,4.0,5.0,4.5,0.0,0.0,0.0,1.0512888770893971,0.48214285714285715,3.0,1.0,7.0,1.9899999999999998,2.145
CsNbPbTiO6,0.79,1.8,1.295,149.0,188.0,168.5,3.894,7.417,5.6555,0.357,0.472,0.4145,6.0,6.0,6.0,1.0,14.0,7.5,0.0,10.0,5.0,1.54,1.6,1.57,60.5,64.0,62.25,6.759,6.828,6.7935,0.079,0.917,0.498,4.0,5.0,4.5,4.0,5.0,4.5,0.0,0.0,0.0,1.0785782051720636,0.4446428571428571,3.0,1.0,3.5,1.8699999999999999,2.145
CsNbPbZrO6,0.79,1.8,1.295,149.0,188.0,168.5,3.894,7.417,5.6555,0.357,0.472,0.4145,6.0,6.0,6.0,1.0,14.0,7.5,0.0,10.0,5.0,1.33,1.6,1.465,64.0,72.0,68.0,6.634,6.759,6.6965,0.426,0.917,0.6715,5.0,5.0,5.0,4.0,5.0,4.5,0.0,0.0,0.0,1.0487617403656244,0.4857142857142857,3.0,1.0,8.0,1.9749999999999999,2.145
CsNbRbNbO6,0.79,0.82,0.8049999999999999,172.0,188.0,180.0,3.894,4.177,4.0355,0.472,0.486,0.479,5.0,6.0,5.5,1.0,1.0,1.0,0.0,0.0,0.0,1.6,1.6,1.6,64.0,64.0,64.0,6.759,6.759,6.759,0.917,0.917,0.917,5.0,5.0,5.0,5.0,5.0,5.0,0.0,0.0,0.0,1.109187107743604,0.45714285714285713,2.0,0.0,0.0,1.8399999999999999,2.635
CsNbSnHfO6,0.79,1.96,1.375,118.0,188.0,153.0,3.894,7.344,5.619,0.472,1.112,0.792,5.0,6.0,5.5,1.0,14.0,7.5,0.0,10.0,5.0,1.3,1.6,1.4500000000000002,64.0,71.0,67.5,6.759,6.825,6.792,0.014,0.917,0.4655,5.0,6.0,5.5,4.0,5.0,4.5,0.0,0.0,0.0,0.9984688524706429,0.48214285714285715,3.0,1.0,7.0,1.9899999999999998,2.065
CsNbSnTiO6,0.79,1.96,1.375,118.0,188.0,153.0,3.894,7.344,5.619,0.472,1.112,0.792,5.0,6.0,5.5,1.0,14.0,7.5,0.0,10.0,5.0,1.54,1.6,1.57,60.5,64.0,62.25,6.759,6.828,6.7935,0.079,0.917,0.498,4.0,5.0,4.5,4.0,5.0,4.5,0.0,0.0,0.0,1.0243870797906471,0.4446428571428571,3.0,1.0,3.5,1.8699999999999999,2.065
CsNbSnZrO6,0.79,1.96,1.375,118.0,188.0,153.0,3.894,7.344,5.619,0.472,1.112,0.792,5.0,6.0,5.5,1.0,14.0,7.5,0.0,10.0,5.0,1.33,1.6,1.465,64.0,72.0,68.0,6.634,6.759,6.6965,0.426,0.917,0.6715,5.0,5.0,5.0,4.0,5.0,4.5,0.0,0.0,0.0,0.9960686869598961,0.4857142857142857,3.0,1.0,8.0,1.9749999999999999,2.065
CsNbSrGeO6,0.79,0.95,0.87,144.0,188.0,166.0,3.894,5.695,4.7945,0.048,0.472,0.26,5.0,6.0,5.5,1.0,2.0,1.5,0.0,0.0,0.0,1.6,2.01,1.805,53.0,64.0,58.5,6.759,7.899,7.329000000000001,0.917,1.233,1.0750000000000002,4.0,5.0,4.5,5.0,14.0,9.5,0.0,10.0,5.0,1.0900487407712018,0.41785714285714287,3.0,0.0,11.0,1.635,2.57
CsNbSrSiO6,0.79,0.95,0.87,144.0,188.0,166.0,3.894,5.695,4.7945,0.048,0.472,0.26,5.0,6.0,5.5,1.0,2.0,1.5,0.0,0.0,0.0,1.6,1.9,1.75,40.0,64.0,52.0,6.759,8.152,7.4555,0.917,1.39,1.1535,3.0,5.0,4.0,5.0,14.0,9.5,0.0,0.0,0.0,1.12695143251606,0.37142857142857144,3.0,0.0,24.0,1.69,2.57
CsNbSrSnO6,0.79,0.95,0.87,144.0,188.0,166.0,3.894,5.695,4.7945,0.048,0.472,0.26,5.0,6.0,5.5,1.0,2.0,1.5,0.0,0.0,0.0,1.6,1.96,1.78,64.0,69.0,66.5,6.759,7.344,7.051500000000001,0.917,1.112,1.0145,5.0,5.0,5.0,5.0,14.0,9.5,0.0,10.0,5.0,1.04781924960331,0.475,3.0,0.0,5.0,1.66,2.57
CsNbSrTiO6,0.79,0.95,0.87,144.0,188.0,166.0,3.894,5.695,4.7945,0.048,0.472,0.26,5.0,6.0,5.5,1.0,2.0,1.5,0.0,0.0,0.0,1.54,1.6,1.57,60.5,64.0,62.25,6.759,6.828,6.7935,0.079,0.917,0.498,4.0,5.0,4.5,4.0,5.0,4.5,0.0,0.0,0.0,1.069837701078287,0.4446428571428571,3.0,0.0,3.5,1.8699999999999999,2.57
CsNbTlNbO6,0.79,1.8,1.295,170.0,188.0,179.0,3.894,6.108,5.0009999999999994,0.377,0.472,0.4245,6.0,6.0,6.0,1.0,13.0,7.0,0.0,10.0,5.0,1.6,1.6,1.6,64.0,64.0,64.0,6.759,6.759,6.759,0.917,0.917,0.917,5.0,5.0,5.0,5.0,5.0,5.0,0.0,0.0,0.0,1.105720898031905,0.45714285714285713,2.0,1.0,0.0,1.8399999999999999,2.145
CsNbYAlO6,0.79,1.22,1.005,107.5,188.0,147.75,3.894,6.217,5.0555,0.307,0.472,0.38949999999999996,5.0,6.0,5.5,1.0,3.0,2.0,0.0,0.0,0.0,1.6,1.61,1.605,53.5,64.0,58.75,5.986,6.759,6.3725000000000005,0.433,0.917,0.675,3.0,5.0,4.0,5.0,13.0,9.0,0.0,0.0,0.0,1.0237483083593915,0.41964285714285715,4.0,0.0,10.5,1.835,2.435
CsTaAgNbO6,0.79,1.93,1.3599999999999999,128.0,188.0,158.0,3.894,7.576,5.734999999999999,0.472,1.302,0.887,5.0,6.0,5.5,1.0,11.0,6.0,0.0,10.0,5.0,1.5,1.6,1.55,64.0,64.0,64.0,6.759,7.55,7.1545000000000005,0.322,0.917,0.6195,5.0,6.0,5.5,5.0,5.0,5.0,0.0,0.0,0.0,1.0329304940862312,0.45714285714285713,2.0,0.0,0.0,1.89,2.08
CsTaAgTaO6,0.79,1.93,1.3599999999999999,128.0,188.0,158.0,3.894,7.576,5.734999999999999,0.472,1.302,0.887,5.0,6.0,5.5,1.0,11.0,6.0,0.0,10.0,5.0,1.5,1.5,1.5,64.0,64.0,64.0,7.55,7.55,7.55,0.322,0.322,0.322,6.0,6.0,6.0,5.0,5.0,5.0,0.0,0.0,0.0,1.0329304940862312,0.45714285714285713,2.0,0.0,0.0,1.94,2.08
CsTaBaSnO6,0.79,0.89,0.8400000000000001,161.0,188.0,174.5,3.894,5.212,4.553,0.145,0.472,0.3085,6.0,6.0,6.0,1.0,2.0,1.5,0.0,0.0,0.0,1.5,1.96,1.73,64.0,69.0,66.5,7.344,7.55,7.447,0.322,1.112,0.7170000000000001,5.0,6.0,5.5,5.0,14.0,9.5,0.0,10.0,5.0,1.0769253398700687,0.475,3.0,0.0,5.0,1.71,2.5999999999999996
CsTaBaTiO6,0.79,0.89,0.8400000000000001,161.0,188.0,174.5,3.894,5.212,4.553,0.145,0.472,0.3085,6.0,6.0,6.0,1.0,2.0,1.5,0.0,0.0,0.0,1.5,1.54,1.52,60.5,64.0,62.25,6.828,7.55,7.189,0.079,0.322,0.2005,4.0,6.0,5.0,4.0,5.0,4.5,0.0,0.0,0.0,1.099555414997128,0.4446428571428571,3.0,0.0,3.5,1.92,2.5999999999999996
CsTaCaGeO6,0.79,1.0,0.895,134.0,188.0,161.0,3.894,6.113,5.003500000000001,0.025,0.472,0.2485,4.0,6.0,5.0,1.0,2.0,1.5,0.0,0.0,0.0,1.5,2.01,1.755,53.0,64.0,58.5,7.55,7.899,7.7245,0.322,1.233,0.7775000000000001,4.0,6.0,5.0,5.0,14.0,9.5,0.0,10.0,5.0,1.0722374868370317,0.41785714285714287,3.0,0.0,11.0,1.685,2.545
CsTaCaHfO6,0.79,1.0,0.895,134.0,188.0,161.0,3.894,6.113,5.003500000000001,0.025,0.472,0.2485,4.0,6.0,5.0,1.0,2.0,1.5,0.0,0.0,0.0,1.3,1.5,1.4,64.0,71.0,67.5,6.825,7.55,7.1875,0.014,0.322,0.168,6.0,6.0,6.0,4.0,5.0,4.5,0.0,0.0,0.0,1.0257308006609676,0.48214285714285715,3.0,0.0,7.0,2.04,2.545
CsTaCaSiO6,0.79,1.0,0.895,134.0,188.0,161.0,3.894,6.113,5.003500000000001,0.025,0.472,0.2485,4.0,6.0,5.0,1.0,2.0,1.5,0.0,0.0,0.0,1.5,1.9,1.7,40.0,64.0,52.0,7.55,8.152,7.850999999999999,0.322,1.39,0.856,3.0,6.0,4.5,5.0,14.0,9.5,0.0,0.0,0.0,1.1085371934226602,0.37142857142857144,3.0,0.0,24.0,1.74,2.545
CsTaCaSnO6,0.79,1.0,0.895,134.0,188.0,161.0,3.894,6.113,5.003500000000001,0.025,0.472,0.2485,4.0,6.0,5.0,1.0,2.0,1.5,0.0,0.0,0.0,1.5,1.96,1.73,64.0,69.0,66.5,7.344,7.55,7.447,0.322,1.112,0.7170000000000001,5.0,6.0,5.5,5.0,14.0,9.5,0.0,10.0,5.0,1.0306980200346285,0.475,3.0,0.0,5.0,1.71,2.545
CsTaCaTiO6,0.79,1.0,0.895,134.0,188.0,161.0,3.894,6.113,5.003500000000001,0.025,0.472,0.2485,4.0,6.0,5.0,1.0,2.0,1.5,0.0,0.0,0.0,1.5,1.54,1.52,60.5,64.0,62.25,6.828,7.55,7.189,0.079,0.322,0.2005,4.0,6.0,5.0,4.0,5.0,4.5,0.0,0.0,0.0,1.052356692890733,0.4446428571428571,3.0,0.0,3.5,1.92,2.545
CsTaCaZrO6,0.79,1.0,0.895,134.0,188.0,161.0,3.894,6.113,5.003500000000001,0.025,0.472,0.2485,4.0,6.0,5.0,1.0,2.0,1.5,0.0,0.0,0.0,1.33,1.5,1.415,64.0,72.0,68.0,6.634,7.55,7.0920000000000005,0.322,0.426,0.374,5.0,6.0,5.5,4.0,5.0,4.5,0.0,0.0,0.0,1.023265101620917,0.4857142857142857,3.0,0.0,8.0,2.025,2.545
CsTaCsVO6,0.79,0.79,0.79,188.0,188.0,188.0,3.894,3.894,3.894,0.472,0.472,0.472,6.0,6.0,6.0,1.0,1.0,1.0,0.0,0.0,0.0,1.5,1.63,1.565,54.0,64.0,59.0,6.746,7.55,7.148,0.322,0.525,0.4235,4.0,6.0,5.0,5.0,5.0,5.0,0.0,0.0,0.0,1.165482533815013,0.42142857142857143,2.0,0.0,10.0,1.875,2.65
CsTaGaNbO6,0.79,1.81,1.3,120.0,188.0,154.0,3.894,5.999,4.9465,0.43,0.472,0.45099999999999996,4.0,6.0,5.0,1.0,13.0,7.0,0.0,10.0,5.0,1.5,1.6,1.55,64.0,64.0,64.0,6.759,7.55,7.1545000000000005,0.322,0.917,0.6195,5.0,6.0,5.5,5.0,5.0,5.0,0.0,0.0,0.0,1.0190656552394362,0.45714285714285713,2.0,1.0,0.0,1.89,2.1399999999999997
CsTaGaTaO6,0.79,1.81,1.3,120.0,188.0,154.0,3.894,5.999,4.9465,0.43,0.472,0.45099999999999996,4.0,6.0,5.0,1.0,13.0,7.0,0.0,10.0,5.0,1.5,1.5,1.5,64.0,64.0,64.0,7.55,7.55,7.55,0.322,0.322,0.322,6.0,6.0,6.0,5.0,5.0,5.0,0.0,0.0,0.0,1.0190656552394362,0.45714285714285713,2.0,1.0,0.0,1.94,2.1399999999999997
CsTaKNbO6,0.79,0.82,0.8049999999999999,164.0,188.0,176.0,3.894,4.341,4.1175,0.472,0.501,0.4865,4.0,6.0,5.0,1.0,1.0,1.0,0.0,0.0,0.0,1.5,1.6,1.55,64.0,64.0,64.0,6.759,7.55,7.1545000000000005,0.322,0.917,0.6195,5.0,6.0,5.5,5.0,5.0,5.0,0.0,0.0,0.0,1.095322268896809,0.45714285714285713,2.0,0.0,0.0,1.89,2.635
CsTaKSbO6,0.79,0.82,0.8049999999999999,164.0,188.0,176.0,3.894,4.341,4.1175,0.472,0.501,0.4865,4.0,6.0,5.0,1.0,1.0,1.0,0.0,0.0,0.0,1.5,2.05,1.775,60.0,64.0,62.0,7.55,8.608,8.079,0.322,1.046,0.684,5.0,6.0,5.5,5.0,15.0,10.0,0.0,10.0,5.0,1.106167043836381,0.44285714285714284,2.0,0.0,4.0,1.665,2.635
CsTaKTaO6,0.79,0.82,0.8049999999999999,164.0,188.0,176.0,3.894,4.341,4.1175,0.472,0.501,0.4865,4.0,6.0,5.0,1.0,1.0,1.0,0.0,0.0,0.0,1.5,1.5,1.5,64.0,64.0,64.0,7.55,7.55,7.55,0.322,0.322,0.322,6.0,6.0,6.0,5.0,5.0,5.0,0.0,0.0,0.0,1.095322268896809,0.45714285714285713,2.0,0.0,0.0,1.94,2.635
CsTaLaAlO6,0.79,1.1,0.9450000000000001,136.0,188.0,162.0,3.894,5.577,4.7355,0.47,0.472,0.471,6.0,6.0,6.0,1.0,3.0,2.0,0.0,0.0,0.0,1.5,1.61,1.5550000000000002,53.5,64.0,58.75,5.986,7.55,6.768,0.322,0.433,0.3775,3.0,6.0,4.5,5.0,13.0,9.0,0.0,0.0,0.0,1.0744465304067288,0.41964285714285715,4.0,0.0,10.5,1.8849999999999998,2.495
CsTaLaGaO6,0.79,1.1,0.9450000000000001,136.0,188.0,162.0,3.894,5.577,4.7355,0.47,0.472,0.471,6.0,6.0,6.0,1.0,3.0,2.0,0.0,0.0,0.0,1.5,1.81,1.655,62.0,64.0,63.0,5.999,7.55,6.7745,0.322,0.43,0.376,4.0,6.0,5.0,5.0,13.0,9.0,0.0,10.0,5.0,1.0519519601888538,0.45,4.0,0.0,2.0,1.785,2.495
CsTaLaInO6,0.79,1.1,0.9450000000000001,136.0,188.0,162.0,3.894,5.577,4.7355,0.47,0.472,0.471,6.0,6.0,6.0,1.0,3.0,2.0,0.0,0.0,0.0,1.5,1.78,1.6400000000000001,64.0,80.0,72.0,5.786,7.55,6.667999999999999,0.3,0.322,0.311,5.0,6.0,5.5,5.0,13.0,9.0,0.0,10.0,5.0,1.0072936222563083,0.5142857142857142,4.0,0.0,16.0,1.7999999999999998,2.495
CsTaLaScO6,0.79,1.1,0.9450000000000001,136.0,188.0,162.0,3.894,5.577,4.7355,0.47,0.472,0.471,6.0,6.0,6.0,1.0,3.0,2.0,0.0,0.0,0.0,1.36,1.5,1.4300000000000002,64.0,74.5,69.25,6.561,7.55,7.0555,0.188,0.322,0.255,4.0,6.0,5.0,3.0,5.0,4.0,0.0,0.0,0.0,1.0205316507447424,0.49464285714285716,4.0,0.0,10.5,2.01,2.495
CsTaLiNbO6,0.79,0.98,0.885,92.0,188.0,140.0,3.894,5.392,4.643000000000001,0.472,0.618,0.5449999999999999,2.0,6.0,4.0,1.0,1.0,1.0,0.0,0.0,0.0,1.5,1.6,1.55,64.0,64.0,64.0,6.759,7.55,7.1545000000000005,0.322,0.917,0.6195,5.0,6.0,5.5,5.0,5.0,5.0,0.0,0.0,0.0,0.9705387192756535,0.45714285714285713,2.0,0.0,0.0,1.89,2.5549999999999997
CsTaLiTaO6,0.79,0.98,0.885,92.0,188.0,140.0,3.894,5.392,4.643000000000001,0.472,0.618,0.5449999999999999,2.0,6.0,4.0,1.0,1.0,1.0,0.0,0.0,0.0,1.5,1.5,1.5,64.0,64.0,64.0,7.55,7.55,7.55,0.322,0.322,0.322,6.0,6.0,6.0,5.0,5.0,5.0,0.0,0.0,0.0,0.9705387192756535,0.45714285714285713,2.0,0.0,0.0,1.94,2.5549999999999997
CsTaLiVO6,0.79,0.98,0.885,92.0,188.0,140.0,3.894,5.392,4.643000000000001,0.472,0.618,0.5449999999999999,2.0,6.0,4.0,1.0,1.0,1.0,0.0,0.0,0.0,1.5,1.63,1.565,54.0,64.0,59.0,6.746,7.55,7.148,0.322,0.525,0.4235,4.0,6.0,5.0,5.0,5.0,5.0,0.0,0.0,0.0,0.9949241142323282,0.42142857142857143,2.0,0.0,10.0,1.875,2.5549999999999997
CsTaMgTiO6,0.79,1.31,1.05,89.0,188.0,138.5,3.894,7.646,5.77,0.0,0.472,0.236,3.0,6.0,4.5,1.0,2.0,1.5,0.0,0.0,0.0,1.5,1.54,1.52,60.5,64.0,62.25,6.828,7.55,7.189,0.079,0.322,0.2005,4.0,6.0,5.0,4.0,5.0,4.5,0.0,0.0,0.0,0.9736921560467414,0.4446428571428571,3.0,0.0,3.5,1.92,2.3899999999999997
CsTaMgZrO6,0.79,1.31,1.05,89.0,188.0,138.5,3.894,7.646,5.77,0.0,0.472,0.236,3.0,6.0,4.5,1.0,2.0,1.5,0.0,0.0,0.0,1.33,1.5,1.415,64.0,72.0,68.0,6.634,7.55,7.0920000000000005,0.322,0.426,0.374,5.0,6.0,5.5,4.0,5.0,4.5,0.0,0.0,0.0,0.9467751853867955,0.4857142857142857,3.0,0.0,8.0,2.025,2.3899999999999997
CsTaNaNbO6,0.79,0.93,0.8600000000000001,139.0,188.0,163.5,3.894,5.139,4.516500000000001,0.472,0.548,0.51,3.0,6.0,4.5,1.0,1.0,1.0,0.0,0.0,0.0,1.5,1.6,1.55,64.0,64.0,64.0,6.759,7.55,7.1545000000000005,0.322,0.917,0.6195,5.0,6.0,5.5,5.0,5.0,5.0,0.0,0.0,0.0,1.0519946475005744,0.45714285714285713,2.0,0.0,0.0,1.89,2.58
CsTaNaSbO6,0.79,0.93,0.8600000000000001,139.0,188.0,163.5,3.894,5.139,4.516500000000001,0.472,0.548,0.51,3.0,6.0,4.5,1.0,1.0,1.0,0.0,0.0,0.0,1.5,2.05,1.775,60.0,64.0,62.0,7.55,8.608,8.079,0.322,1.046,0.684,5.0,6.0,5.5,5.0,15.0,10.0,0.0,10.0,5.0,1.0624104360896889,0.44285714285714284,2.0,0.0,4.0,1.665,2.58
CsTaNaTaO6,0.79,0.93,0.8600000000000001,139.0,188.0,163.5,3.894,5.139,4.516500000000001,0.472,0.548,0.51,3.0,6.0,4.5,1.0,1.0,1.0,0.0,0.0,0.0,1.5,1.5,1.5,64.0,64.0,64.0,7.55,7.55,7.55,0.322,0.322,0.322,6.0,6.0,6.0,5.0,5.0,5.0,0.0,0.0,0.0,1.0519946475005744,0.45714285714285713,2.0,0.0,0.0,1.94,2.58
CsTaNaVO6,0.79,0.93,0.8600000000000001,139.0,188.0,163.5,3.894,5.139,4.516500000000001,0.472,0.548,0.51,3.0,6.0,4.5,1.0,1.0,1.0,0.0,0.0,0.0,1.5,1.63,1.565,54.0,64.0,59.0,6.746,7.55,7.148,0.322,0.525,0.4235,4.0,6.0,5.0,5.0,5.0,5.0,0.0,0.0,0.0,1.0784266738196844,0.42142857142857143,2.0,0.0,10.0,1.875,2.58
CsTaPbHfO6,0.79,1.8,1.295,149.0,188.0,168.5,3.894,7.417,5.6555,0.357,0.472,0.4145,6.0,6.0,6.0,1.0,14.0,7.5,0.0,10.0,5.0,1.3,1.5,1.4,64.0,71.0,67.5,6.825,7.55,7.1875,0.014,0.322,0.168,6.0,6.0,6.0,4.0,5.0,4.5,0.0,0.0,0.0,1.0512888770893971,0.48214285714285715,3.0,1.0,7.0,2.04,2.145
CsTaPbTiO6,0.79,1.8,1.295,149.0,188.0,168.5,3.894,7.417,5.6555,0.357,0.472,0.4145,6.0,6.0,6.0,1.0,14.0,7.5,0.0,10.0,5.0,1.5,1.54,1.52,60.5,64.0,62.25,6.828,7.55,7.189,0.079,0.322,0.2005,4.0,6.0,5.0,4.0,5.0,4.5,0.0,0.0,0.0,1.0785782051720636,0.4446428571428571,3.0,1.0,3.5,1.92,2.145
CsTaPbZrO6,0.79,1.8,1.295,149.0,188.0,168.5,3.894,7.417,5.6555,0.357,0.472,0.4145,6.0,6.0,6.0,1.0,14.0,7.5,0.0,10.0,5.0,1.33,1.5,1.415,64.0,72.0,68.0,6.634,7.55,7.0920000000000005,0.322,0.426,0.374,5.0,6.0,5.5,4.0,5.0,4.5,0.0,0.0,0.0,1.0487617403656244,0.4857142857142857,3.0,1.0,8.0,2.025,2.145
CsTaRbNbO6,0.79,0.82,0.8049999999999999,172.0,188.0,180.0,3.894,4.177,4.0355,0.472,0.486,0.479,5.0,6.0,5.5,1.0,1.0,1.0,0.0,0.0,0.0,1.5,1.6,1.55,64.0,64.0,64.0,6.759,7.55,7.1545000000000005,0.322,0.917,0.6195,5.0,6.0,5.5,5.0,5.0,5.0,0.0,0.0,0.0,1.109187107743604,0.45714285714285713,2.0,0.0,0.0,1.89,2.635
CsTaRbTaO6,0.79,0.82,0.8049999999999999,172.0,188.0,180.0,3.894,4.177,4.0355,0.472,0.486,0.479,5.0,6.0,5.5,1.0,1.0,1.0,0.0,0.0,0.0,1.5,1.5,1.5,64.0,64.0,64.0,7.55,7.55,7.55,0.322,0.322,0.322,6.0,6.0,6.0,5.0,5.0,5.0,0.0,0.0,0.0,1.109187107743604,0.45714285714285713,2.0,0.0,0.0,1.94,2.635
CsTaSnHfO6,0.79,1.96,1.375,118.0,188.0,153.0,3.894,7.344,5.619,0.472,1.112,0.792,5.0,6.0,5.5,1.0,14.0,7.5,0.0,10.0,5.0,1.3,1.5,1.4,64.0,71.0,67.5,6.825,7.55,7.1875,0.014,0.322,0.168,6.0,6.0,6.0,4.0,5.0,4.5,0.0,0.0,0.0,0.9984688524706429,0.48214285714285715,3.0,1.0,7.0,2.04,2.065
CsTaSnTiO6,0.79,1.96,1.375,118.0,188.0,153.0,3.894,7.344,5.619,0.472,1.112,0.792,5.0,6.0,5.5,1.0,14.0,7.5,0.0,10.0,5.0,1.5,1.54,1.52,60.5,64.0,62.25,6.828,7.55,7.189,0.079,0.322,0.2005,4.0,6.0,5.0,4.0,5.0,4.5,0.0,0.0,0.0,1.0243870797906471,0.4446428571428571,3.0,1.0,3.5,1.92,2.065
CsTaSnZrO6,0.79,1.96,1.375,118.0,188.0,153.0,3.894,7.344,5.619,0.472,1.112,0.792,5.0,6.0,5.5,1.0,14.0,7.5,0.0,10.0,5.0,1.33,1.5,1.415,64.0,72.0,68.0,6.634,7.55,7.0920000000000005,0.322,0.426,0.374,5.0,6.0,5.5,4.0,5.0,4.5,0.0,0.0,0.0,0.9960686869598961,0.4857142857142857,3.0,1.0,8.0,2.025,2.065
CsTaSrGeO6,0.79,0.95,0.87,144.0,188.0,166.0,3.894,5.695,4.7945,0.048,0.472,0.26,5.0,6.0,5.5,1.0,2.0,1.5,0.0,0.0,0.0,1.5,2.01,1.755,53.0,64.0,58.5,7.55,7.899,7.7245,0.322,1.233,0.7775000000000001,4.0,6.0,5.0,5.0,14.0,9.5,0.0,10.0,5.0,1.0900487407712018,0.41785714285714287,3.0,0.0,11.0,1.685,2.57
CsTaSrHfO6,0.79,0.95,0.87,144.0,188.0,166.0,3.894,5.695,4.7945,0.048,0.472,0.26,5.0,6.0,5.5,1.0,2.0,1.5,0.0,0.0,0.0,1.3,1.5,1.4,64.0,71.0,67.5,6.825,7.55,7.1875,0.014,0.322,0.168,6.0,6.0,6.0,4.0,5.0,4.5,0.0,0.0,0.0,1.0427695182799206,0.48214285714285715,3.0,0.0,7.0,2.04,2.57
CsTaSrSiO6,0.79,0.95,0.87,144.0,188.0,166.0,3.894,5.695,4.7945,0.048,0.472,0.26,5.0,6.0,5.5,1.0,2.0,1.5,0.0,0.0,0.0,1.5,1.9,1.7,40.0,64.0,52.0,7.55,8.152,7.850999999999999,0.322,1.39,0.856,3.0,6.0,4.5,5.0,14.0,9.5,0.0,0.0,0.0,1.12695143251606,0.37142857142857144,3.0,0.0,24.0,1.74,2.57
CsTaSrSnO6,0.79,0.95,0.87,144.0,188.0,166.0,3.894,5.695,4.7945,0.048,0.472,0.26,5.0,6.0,5.5,1.0,2.0,1.5,0.0,0.0,0.0,1.5,1.96,1.73,64.0,69.0,66.5,7.344,7.55,7.447,0.322,1.112,0.7170000000000001,5.0,6.0,5.5,5.0,14.0,9.5,0.0,10.0,5.0,1.04781924960331,0.475,3.0,0.0,5.0,1.71,2.57
CsTaSrTiO6,0.79,0.95,0.87,144.0,188.0,166.0,3.894,5.695,4.7945,0.048,0.472,0.26,5.0,6.0,5.5,1.0,2.0,1.5,0.0,0.0,0.0,1.5,1.54,1.52,60.5,64.0,62.25,6.828,7.55,7.189,0.079,0.322,0.2005,4.0,6.0,5.0,4.0,5.0,4.5,0.0,0.0,0.0,1.069837701078287,0.4446428571428571,3.0,0.0,3.5,1.92,2.57
CsTaSrZrO6,0.79,0.95,0.87,144.0,188.0,166.0,3.894,5.695,4.7945,0.048,0.472,0.26,5.0,6.0,5.5,1.0,2.0,1.5,0.0,0.0,0.0,1.33,1.5,1.415,64.0,72.0,68.0,6.634,7.55,7.0920000000000005,0.322,0.426,0.374,5.0,6.0,5.5,4.0,5.0,4.5,0.0,0.0,0.0,1.0402628607840554,0.4857142857142857,3.0,0.0,8.0,2.025,2.57
CsTaTlNbO6,0.79,1.8,1.295,170.0,188.0,179.0,3.894,6.108,5.0009999999999994,0.377,0.472,0.4245,6.0,6.0,6.0,1.0,13.0,7.0,0.0,10.0,5.0,1.5,1.6,1.55,64.0,64.0,64.0,6.759,7.55,7.1545000000000005,0.322,0.917,0.6195,5.0,6.0,5.5,5.0,5.0,5.0,0.0,0.0,0.0,1.105720898031905,0.45714285714285713,2.0,1.0,0.0,1.89,2.145
CsTaTlTaO6,0.79,1.8,1.295,170.0,188.0,179.0,3.894,6.108,5.0009999999999994,0.377,0.472,0.4245,6.0,6.0,6.0,1.0,13.0,7.0,0.0,10.0,5.0,1.5,1.5,1.5,64.0,64.0,64.0,7.55,7.55,7.55,0.322,0.322,0.322,6.0,6.0,6.0,5.0,5.0,5.0,0.0,0.0,0.0,1.105720898031905,0.45714285714285713,2.0,1.0,0.0,1.94,2.145
CsTaYAlO6,0.79,1.22,1.005,107.5,188.0,147.75,3.894,6.217,5.0555,0.307,0.472,0.38949999999999996,5.0,6.0,5.5,1.0,3.0,2.0,0.0,0.0,0.0,1.5,1.61,1.5550000000000002,53.5,64.0,58.75,5.986,7.55,6.768,0.322,0.433,0.3775,3.0,6.0,4.5,5.0,13.0,9.0,0.0,0.0,0.0,1.0237483083593915,0.41964285714285715,4.0,0.0,10.5,1.8849999999999998,2.435
CsVBaSnO6,0.79,0.89,0.8400000000000001,161.0,188.0,174.5,3.894,5.212,4.553,0.145,0.472,0.3085,6.0,6.0,6.0,1.0,2.0,1.5,0.0,0.0,0.0,1.63,1.96,1.795,54.0,69.0,61.5,6.746,7.344,7.045,0.525,1.112,0.8185,4.0,5.0,4.5,5.0,14.0,9.5,0.0,10.0,5.0,1.1036480530182093,0.4392857142857143,3.0,0.0,15.0,1.645,2.5999999999999996
CsVCaGeO6,0.79,1.0,0.895,134.0,188.0,161.0,3.894,6.113,5.003500000000001,0.025,0.472,0.2485,4.0,6.0,5.0,1.0,2.0,1.5,0.0,0.0,0.0,1.63,2.01,1.8199999999999998,53.0,54.0,53.5,6.746,7.899,7.3225,0.525,1.233,0.879,4.0,4.0,4.0,5.0,14.0,9.5,0.0,10.0,5.0,1.0999438818457405,0.3821428571428571,3.0,0.0,1.0,1.62,2.545
CsVCaSiO6,0.79,1.0,0.895,134.0,188.0,161.0,3.894,6.113,5.003500000000001,0.025,0.472,0.2485,4.0,6.0,5.0,1.0,2.0,1.5,0.0,0.0,0.0,1.63,1.9,1.765,40.0,54.0,47.0,6.746,8.152,7.449,0.525,1.39,0.9575,3.0,4.0,3.5,5.0,14.0,9.5,0.0,0.0,0.0,1.1381772253323572,0.3357142857142857,3.0,0.0,14.0,1.675,2.545
CsVCaSnO6,0.79,1.0,0.895,134.0,188.0,161.0,3.894,6.113,5.003500000000001,0.025,0.472,0.2485,4.0,6.0,5.0,1.0,2.0,1.5,0.0,0.0,0.0,1.63,1.96,1.795,54.0,69.0,61.5,6.746,7.344,7.045,0.525,1.112,0.8185,4.0,5.0,4.5,5.0,14.0,9.5,0.0,10.0,5.0,1.0562736532861081,0.4392857142857143,3.0,0.0,15.0,1.645,2.545
CsVCaTiO6,0.79,1.0,0.895,134.0,188.0,161.0,3.894,6.113,5.003500000000001,0.025,0.472,0.2485,4.0,6.0,5.0,1.0,2.0,1.5,0.0,0.0,0.0,1.54,1.63,1.585,54.0,60.5,57.25,6.746,6.828,6.787000000000001,0.079,0.525,0.302,4.0,4.0,4.0,4.0,5.0,4.5,0.0,0.0,0.0,1.0790324012022854,0.4089285714285714,3.0,0.0,6.5,1.855,2.545
CsVGaNbO6,0.79,1.81,1.3,120.0,188.0,154.0,3.894,5.999,4.9465,0.43,0.472,0.45099999999999996,4.0,6.0,5.0,1.0,13.0,7.0,0.0,10.0,5.0,1.6,1.63,1.615,54.0,64.0,59.0,6.746,6.759,6.7525,0.525,0.917,0.7210000000000001,4.0,5.0,4.5,5.0,5.0,5.0,0.0,0.0,0.0,1.0446703199439447,0.42142857142857143,2.0,1.0,10.0,1.825,2.1399999999999997
CsVGaTaO6,0.79,1.81,1.3,120.0,188.0,154.0,3.894,5.999,4.9465,0.43,0.472,0.45099999999999996,4.0,6.0,5.0,1.0,13.0,7.0,0.0,10.0,5.0,1.5,1.63,1.565,54.0,64.0,59.0,6.746,7.55,7.148,0.322,0.525,0.4235,4.0,6.0,5.0,5.0,5.0,5.0,0.0,0.0,0.0,1.0446703199439447,0.42142857142857143,2.0,1.0,10.0,1.875,2.1399999999999997
CsVKSbO6,0.79,0.82,0.8049999999999999,164.0,188.0,176.0,3.894,4.341,4.1175,0.472,0.501,0.4865,4.0,6.0,5.0,1.0,1.0,1.0,0.0,0.0,0.0,1.63,2.05,1.8399999999999999,54.0,60.0,57.0,6.746,8.608,7.6770000000000005,0.525,1.046,0.7855000000000001,4.0,5.0,4.5,5.0,15.0,10.0,0.0,10.0,5.0,1.1342423495175076,0.40714285714285714,2.0,0.0,6.0,1.6,2.635
CsVLaAlO6,0.79,1.1,0.9450000000000001,136.0,188.0,162.0,3.894,5.577,4.7355,0.47,0.472,0.471,6.0,6.0,6.0,1.0,3.0,2.0,0.0,0.0,0.0,1.61,1.63,1.62,53.5,54.0,53.75,5.986,6.746,6.366,0.433,0.525,0.479,3.0,4.0,3.5,5.0,13.0,9.0,0.0,0.0,0.0,1.102174182804322,0.38392857142857145,4.0,0.0,0.5,1.8199999999999998,2.495
CsVLaGaO6,0.79,1.1,0.9450000000000001,136.0,188.0,162.0,3.894,5.577,4.7355,0.47,0.472,0.471,6.0,6.0,6.0,1.0,3.0,2.0,0.0,0.0,0.0,1.63,1.81,1.72,54.0,62.0,58.0,5.999,6.746,6.3725000000000005,0.43,0.525,0.47750000000000004,4.0,4.0,4.0,5.0,13.0,9.0,0.0,10.0,5.0,1.0785164036279662,0.4142857142857143,4.0,0.0,8.0,1.72,2.495
CsVLaInO6,0.79,1.1,0.9450000000000001,136.0,188.0,162.0,3.894,5.577,4.7355,0.47,0.472,0.471,6.0,6.0,6.0,1.0,3.0,2.0,0.0,0.0,0.0,1.63,1.78,1.705,54.0,80.0,67.0,5.786,6.746,6.266,0.3,0.525,0.4125,4.0,5.0,4.5,5.0,13.0,9.0,0.0,10.0,5.0,1.0316243860789243,0.4785714285714286,4.0,0.0,26.0,1.7349999999999999,2.495
CsVLiVO6,0.79,0.98,0.885,92.0,188.0,140.0,3.894,5.392,4.643000000000001,0.472,0.618,0.5449999999999999,2.0,6.0,4.0,1.0,1.0,1.0,0.0,0.0,0.0,1.63,1.63,1.63,54.0,54.0,54.0,6.746,6.746,6.746,0.525,0.525,0.525,4.0,4.0,4.0,5.0,5.0,5.0,0.0,0.0,0.0,1.020566488310481,0.38571428571428573,2.0,0.0,0.0,1.81,2.5549999999999997
CsVMgZrO6,0.79,1.31,1.05,89.0,188.0,138.5,3.894,7.646,5.77,0.0,0.472,0.236,3.0,6.0,4.5,1.0,2.0,1.5,0.0,0.0,0.0,1.33,1.63,1.48,54.0,72.0,63.0,6.634,6.746,6.69,0.426,0.525,0.47550000000000003,4.0,5.0,4.5,4.0,5.0,4.5,0.0,0.0,0.0,0.9700947712337609,0.45,3.0,0.0,18.0,1.96,2.3899999999999997
CsVNaSbO6,0.79,0.93,0.8600000000000001,139.0,188.0,163.5,3.894,5.139,4.516500000000001,0.472,0.548,0.51,3.0,6.0,4.5,1.0,1.0,1.0,0.0,0.0,0.0,1.63,2.05,1.8399999999999999,54.0,60.0,57.0,6.746,8.608,7.6770000000000005,0.525,1.046,0.7855000000000001,4.0,5.0,4.5,5.0,15.0,10.0,0.0,10.0,5.0,1.0893751679701378,0.40714285714285714,2.0,0.0,6.0,1.6,2.58
CsVNaVO6,0.79,0.93,0.8600000000000001,139.0,188.0,163.5,3.894,5.139,4.516500000000001,0.472,0.548,0.51,3.0,6.0,4.5,1.0,1.0,1.0,0.0,0.0,0.0,1.63,1.63,1.63,54.0,54.0,54.0,6.746,6.746,6.746,0.525,0.525,0.525,4.0,4.0,4.0,5.0,5.0,5.0,0.0,0.0,0.0,1.1062211757222535,0.38571428571428573,2.0,0.0,0.0,1.81,2.58
CsVPbTiO6,0.79,1.8,1.295,149.0,188.0,168.5,3.894,7.417,5.6555,0.357,0.472,0.4145,6.0,6.0,6.0,1.0,14.0,7.5,0.0,10.0,5.0,1.54,1.63,1.585,54.0,60.5,57.25,6.746,6.828,6.787000000000001,0.079,0.525,0.302,4.0,4.0,4.0,4.0,5.0,4.5,0.0,0.0,0.0,1.1059185906010134,0.4089285714285714,3.0,1.0,6.5,1.855,2.145
CsVSnTiO6,0.79,1.96,1.375,118.0,188.0,153.0,3.894,7.344,5.619,0.472,1.112,0.792,5.0,6.0,5.5,1.0,14.0,7.5,0.0,10.0,5.0,1.54,1.63,1.585,54.0,60.5,57.25,6.746,6.828,6.787000000000001,0.079,0.525,0.302,4.0,4.0,4.0,4.0,5.0,4.5,0.0,0.0,0.0,1.0503537991769754,0.4089285714285714,3.0,1.0,6.5,1.855,2.065
CsVSrGeO6,0.79,0.95,0.87,144.0,188.0,166.0,3.894,5.695,4.7945,0.048,0.472,0.26,5.0,6.0,5.5,1.0,2.0,1.5,0.0,0.0,0.0,1.63,2.01,1.8199999999999998,53.0,54.0,53.5,6.746,7.899,7.3225,0.525,1.233,0.879,4.0,4.0,4.0,5.0,14.0,9.5,0.0,10.0,5.0,1.1182153748996566,0.3821428571428571,3.0,0.0,1.0,1.62,2.57
CsVSrSiO6,0.79,0.95,0.87,144.0,188.0,166.0,3.894,5.695,4.7945,0.048,0.472,0.26,5.0,6.0,5.5,1.0,2.0,1.5,0.0,0.0,0.0,1.63,1.9,1.765,40.0,54.0,47.0,6.746,8.152,7.449,0.525,1.39,0.9575,3.0,4.0,3.5,5.0,14.0,9.5,0.0,0.0,0.0,1.157083823759805,0.3357142857142857,3.0,0.0,14.0,1.675,2.57
CsVSrSnO6,0.79,0.95,0.87,144.0,188.0,166.0,3.894,5.695,4.7945,0.048,0.472,0.26,5.0,6.0,5.5,1.0,2.0,1.5,0.0,0.0,0.0,1.63,1.96,1.795,54.0,69.0,61.5,6.746,7.344,7.045,0.525,1.112,0.8185,4.0,5.0,4.5,5.0,14.0,9.5,0.0,10.0,5.0,1.0738197272609604,0.4392857142857143,3.0,0.0,15.0,1.645,2.57
CsVSrTiO6,0.79,0.95,0.87,144.0,188.0,166.0,3.894,5.695,4.7945,0.048,0.472,0.26,5.0,6.0,5.5,1.0,2.0,1.5,0.0,0.0,0.0,1.54,1.63,1.585,54.0,60.5,57.25,6.746,6.828,6.787000000000001,0.079,0.525,0.302,4.0,4.0,4.0,4.0,5.0,4.5,0.0,0.0,0.0,1.096956527468104,0.4089285714285714,3.0,0.0,6.5,1.855,2.57
CsVTlTaO6,0.79,1.8,1.295,170.0,188.0,179.0,3.894,6.108,5.0009999999999994,0.377,0.472,0.4245,6.0,6.0,6.0,1.0,13.0,7.0,0.0,10.0,5.0,1.5,1.63,1.565,54.0,64.0,59.0,6.746,7.55,7.148,0.322,0.525,0.4235,4.0,6.0,5.0,5.0,5.0,5.0,0.0,0.0,0.0,1.1335028301432597,0.42142857142857143,2.0,1.0,10.0,1.875,2.145
CsVYAlO6,0.79,1.22,1.005,107.5,188.0,147.75,3.894,6.217,5.0555,0.307,0.472,0.38949999999999996,5.0,6.0,5.5,1.0,3.0,2.0,0.0,0.0,0.0,1.61,1.63,1.62,53.5,54.0,53.75,5.986,6.746,6.366,0.433,0.525,0.479,3.0,4.0,3.5,5.0,13.0,9.0,0.0,0.0,0.0,1.0501676195428595,0.38392857142857145,4.0,0.0,0.5,1.8199999999999998,2.435
GaNbAgNbO6,1.81,1.93,1.87,120.0,128.0,124.0,5.999,7.576,6.7875,0.43,1.302,0.866,4.0,5.0,4.5,11.0,13.0,12.0,10.0,10.0,10.0,1.6,1.6,1.6,64.0,64.0,64.0,6.759,6.759,6.759,0.917,0.917,0.917,5.0,5.0,5.0,5.0,5.0,5.0,0.0,0.0,0.0,0.9150793638884732,0.45714285714285713,2.0,1.0,0.0,1.8399999999999999,1.5699999999999998
GaNbBaSnO6,0.89,1.81,1.35,120.0,161.0,140.5,5.212,5.999,5.605499999999999,0.145,0.43,0.2875,4.0,6.0,5.0,2.0,13.0,7.5,0.0,10.0,5.0,1.6,1.96,1.78,64.0,69.0,66.5,6.759,7.344,7.051500000000001,0.917,1.112,1.0145,5.0,5.0,5.0,5.0,14.0,9.5,0.0,10.0,5.0,0.9605009788030342,0.475,3.0,1.0,5.0,1.66,2.09
GaNbBaTiO6,0.89,1.81,1.35,120.0,161.0,140.5,5.212,5.999,5.605499999999999,0.145,0.43,0.2875,4.0,6.0,5.0,2.0,13.0,7.5,0.0,10.0,5.0,1.54,1.6,1.57,60.5,64.0,62.25,6.759,6.828,6.7935,0.079,0.917,0.498,4.0,5.0,4.5,4.0,5.0,4.5,0.0,0.0,0.0,0.9806845593217629,0.4446428571428571,3.0,1.0,3.5,1.8699999999999999,2.09
GaNbCaGeO6,1.0,1.81,1.405,120.0,134.0,127.0,5.999,6.113,6.056,0.025,0.43,0.2275,4.0,4.0,4.0,2.0,13.0,7.5,0.0,10.0,5.0,1.6,2.01,1.805,53.0,64.0,58.5,6.759,7.899,7.329000000000001,0.917,1.233,1.0750000000000002,4.0,5.0,4.5,5.0,14.0,9.5,0.0,10.0,5.0,0.9511209600846761,0.41785714285714287,3.0,1.0,11.0,1.635,2.035
GaNbCaSiO6,1.0,1.81,1.405,120.0,134.0,127.0,5.999,6.113,6.056,0.025,0.43,0.2275,4.0,4.0,4.0,2.0,13.0,7.5,0.0,10.0,5.0,1.6,1.9,1.75,40.0,64.0,52.0,6.759,8.152,7.4555,0.917,1.39,1.1535,3.0,5.0,4.0,5.0,14.0,9.5,0.0,0.0,0.0,0.9833203675875425,0.37142857142857144,3.0,1.0,24.0,1.69,2.035
GaNbCaSnO6,1.0,1.81,1.405,120.0,134.0,127.0,5.999,6.113,6.056,0.025,0.43,0.2275,4.0,4.0,4.0,2.0,13.0,7.5,0.0,10.0,5.0,1.6,1.96,1.78,64.0,69.0,66.5,6.759,7.344,7.051500000000001,0.917,1.112,1.0145,5.0,5.0,5.0,5.0,14.0,9.5,0.0,10.0,5.0,0.914273658967594,0.475,3.0,1.0,5.0,1.66,2.035
GaNbCaTiO6,1.0,1.81,1.405,120.0,134.0,127.0,5.999,6.113,6.056,0.025,0.43,0.2275,4.0,4.0,4.0,2.0,13.0,7.5,0.0,10.0,5.0,1.54,1.6,1.57,60.5,64.0,62.25,6.759,6.828,6.7935,0.079,0.917,0.498,4.0,5.0,4.5,4.0,5.0,4.5,0.0,0.0,0.0,0.9334858372153679,0.4446428571428571,3.0,1.0,3.5,1.8699999999999999,2.035
GaNbLaAlO6,1.1,1.81,1.455,120.0,136.0,128.0,5.577,5.999,5.788,0.43,0.47,0.44999999999999996,4.0,6.0,5.0,3.0,13.0,8.0,0.0,10.0,5.0,1.6,1.61,1.605,53.5,64.0,58.75,5.986,6.759,6.3725000000000005,0.433,0.917,0.675,3.0,5.0,4.0,5.0,13.0,9.0,0.0,0.0,0.0,0.953482351486766,0.41964285714285715,4.0,1.0,10.5,1.835,1.9849999999999999
GaNbLaGaO6,1.1,1.81,1.455,120.0,136.0,128.0,5.577,5.999,5.788,0.43,0.47,0.44999999999999996,4.0,6.0,5.0,3.0,13.0,8.0,0.0,10.0,5.0,1.6,1.81,1.705,62.0,64.0,63.0,5.999,6.759,6.379,0.43,0.917,0.6735,4.0,5.0,4.5,5.0,13.0,9.0,0.0,10.0,5.0,0.933520282551698,0.45,4.0,1.0,2.0,1.7349999999999999,1.9849999999999999
GaNbLaInO6,1.1,1.81,1.455,120.0,136.0,128.0,5.577,5.999,5.788,0.43,0.47,0.44999999999999996,4.0,6.0,5.0,3.0,13.0,8.0,0.0,10.0,5.0,1.6,1.78,1.69,64.0,80.0,72.0,5.786,6.759,6.2725,0.3,0.917,0.6085,5.0,5.0,5.0,5.0,13.0,9.0,0.0,10.0,5.0,0.893889704518843,0.5142857142857142,4.0,1.0,16.0,1.75,1.9849999999999999
GaNbLiNbO6,0.98,1.81,1.395,92.0,120.0,106.0,5.392,5.999,5.6955,0.43,0.618,0.524,2.0,4.0,3.0,1.0,13.0,7.0,0.0,10.0,5.0,1.6,1.6,1.6,64.0,64.0,64.0,6.759,6.759,6.759,0.917,0.917,0.917,5.0,5.0,5.0,5.0,5.0,5.0,0.0,0.0,0.0,0.8526875890778955,0.45714285714285713,2.0,1.0,0.0,1.8399999999999999,2.045
GaNbMgTiO6,1.31,1.81,1.56,89.0,120.0,104.5,5.999,7.646,6.8225,0.0,0.43,0.215,3.0,4.0,3.5,2.0,13.0,7.5,0.0,10.0,5.0,1.54,1.6,1.57,60.5,64.0,62.25,6.759,6.828,6.7935,0.079,0.917,0.498,4.0,5.0,4.5,4.0,5.0,4.5,0.0,0.0,0.0,0.8548213003713763,0.4446428571428571,3.0,1.0,3.5,1.8699999999999999,1.88
GaNbMgZrO6,1.31,1.81,1.56,89.0,120.0,104.5,5.999,7.646,6.8225,0.0,0.43,0.215,3.0,4.0,3.5,2.0,13.0,7.5,0.0,10.0,5.0,1.33,1.6,1.465,64.0,72.0,68.0,6.634,6.759,6.6965,0.426,0.917,0.6715,5.0,5.0,5.0,4.0,5.0,4.5,0.0,0.0,0.0,0.8311904230774559,0.4857142857142857,3.0,1.0,8.0,1.9749999999999999,1.88
GaNbNaNbO6,0.93,1.81,1.37,120.0,139.0,129.5,5.139,5.999,5.569,0.43,0.548,0.489,3.0,4.0,3.5,1.0,13.0,7.0,0.0,10.0,5.0,1.6,1.6,1.6,64.0,64.0,64.0,6.759,6.759,6.759,0.917,0.917,0.917,5.0,5.0,5.0,5.0,5.0,5.0,0.0,0.0,0.0,0.9341435173028164,0.45714285714285713,2.0,1.0,0.0,1.8399999999999999,2.07
GaNbNaSbO6,0.93,1.81,1.37,120.0,139.0,129.5,5.139,5.999,5.569,0.43,0.548,0.489,3.0,4.0,3.5,1.0,13.0,7.0,0.0,10.0,5.0,1.6,2.05,1.825,60.0,64.0,62.0,6.759,8.608,7.6835,0.917,1.046,0.9815,5.0,5.0,5.0,5.0,15.0,10.0,0.0,10.0,5.0,0.9433924630186858,0.44285714285714284,2.0,1.0,4.0,1.615,2.07
GaNbPbTiO6,1.8,1.81,1.8050000000000002,120.0,149.0,134.5,5.999,7.417,6.708,0.357,0.43,0.39349999999999996,4.0,6.0,5.0,13.0,14.0,13.5,10.0,10.0,10.0,1.54,1.6,1.57,60.5,64.0,62.25,6.759,6.828,6.7935,0.079,0.917,0.498,4.0,5.0,4.5,4.0,5.0,4.5,0.0,0.0,0.0,0.9597073494966984,0.4446428571428571,3.0,2.0,3.5,1.8699999999999999,1.6349999999999998
GaNbSnTiO6,1.81,1.96,1.885,118.0,120.0,119.0,5.999,7.344,6.6715,0.43,1.112,0.771,4.0,5.0,4.5,13.0,14.0,13.5,10.0,10.0,10.0,1.54,1.6,1.57,60.5,64.0,62.25,6.759,6.828,6.7935,0.079,0.917,0.498,4.0,5.0,4.5,4.0,5.0,4.5,0.0,0.0,0.0,0.905516224115282,0.4446428571428571,3.0,2.0,3.5,1.8699999999999999,1.555
GaNbSrGeO6,0.95,1.81,1.38,120.0,144.0,132.0,5.695,5.999,5.8469999999999995,0.048,0.43,0.239,4.0,5.0,4.5,2.0,13.0,7.5,0.0,10.0,5.0,1.6,2.01,1.805,53.0,64.0,58.5,6.759,7.899,7.329000000000001,0.917,1.233,1.0750000000000002,4.0,5.0,4.5,5.0,14.0,9.5,0.0,10.0,5.0,0.968932214018846,0.41785714285714287,3.0,1.0,11.0,1.635,2.06
GaNbSrSiO6,0.95,1.81,1.38,120.0,144.0,132.0,5.695,5.999,5.8469999999999995,0.048,0.43,0.239,4.0,5.0,4.5,2.0,13.0,7.5,0.0,10.0,5.0,1.6,1.9,1.75,40.0,64.0,52.0,6.759,8.152,7.4555,0.917,1.39,1.1535,3.0,5.0,4.0,5.0,14.0,9.5,0.0,0.0,0.0,1.0017346066809423,0.37142857142857144,3.0,1.0,24.0,1.69,2.06
GaNbSrSnO6,0.95,1.81,1.38,120.0,144.0,132.0,5.695,5.999,5.8469999999999995,0.048,0.43,0.239,4.0,5.0,4.5,2.0,13.0,7.5,0.0,10.0,5.0,1.6,1.96,1.78,64.0,69.0,66.5,6.759,7.344,7.051500000000001,0.917,1.112,1.0145,5.0,5.0,5.0,5.0,14.0,9.5,0.0,10.0,5.0,0.9313948885362756,0.475,3.0,1.0,5.0,1.66,2.06
GaNbSrTiO6,0.95,1.81,1.38,120.0,144.0,132.0,5.695,5.999,5.8469999999999995,0.048,0.43,0.239,4.0,5.0,4.5,2.0,13.0,7.5,0.0,10.0,5.0,1.54,1.6,1.57,60.5,64.0,62.25,6.759,6.828,6.7935,0.079,0.917,0.498,4.0,5.0,4.5,4.0,5.0,4.5,0.0,0.0,0.0,0.9509668454029216,0.4446428571428571,3.0,1.0,3.5,1.8699999999999999,2.06
GaNbYAlO6,1.22,1.81,1.5150000000000001,107.5,120.0,113.75,5.999,6.217,6.108,0.307,0.43,0.3685,4.0,5.0,4.5,3.0,13.0,8.0,0.0,10.0,5.0,1.6,1.61,1.605,53.5,64.0,58.75,5.986,6.759,6.3725000000000005,0.433,0.917,0.675,3.0,5.0,4.0,5.0,13.0,9.0,0.0,0.0,0.0,0.9027841294394287,0.41964285714285715,4.0,1.0,10.5,1.835,1.9249999999999998
GaTaAgNbO6,1.81,1.93,1.87,120.0,128.0,124.0,5.999,7.576,6.7875,0.43,1.302,0.866,4.0,5.0,4.5,11.0,13.0,12.0,10.0,10.0,10.0,1.5,1.6,1.55,64.0,64.0,64.0,6.759,7.55,7.1545000000000005,0.322,0.917,0.6195,5.0,6.0,5.5,5.0,5.0,5.0,0.0,0.0,0.0,0.9150793638884732,0.45714285714285713,2.0,1.0,0.0,1.89,1.5699999999999998
GaTaBaSnO6,0.89,1.81,1.35,120.0,161.0,140.5,5.212,5.999,5.605499999999999,0.145,0.43,0.2875,4.0,6.0,5.0,2.0,13.0,7.5,0.0,10.0,5.0,1.5,1.96,1.73,64.0,69.0,66.5,7.344,7.55,7.447,0.322,1.112,0.7170000000000001,5.0,6.0,5.5,5.0,14.0,9.5,0.0,10.0,5.0,0.9605009788030342,0.475,3.0,1.0,5.0,1.71,2.09
GaTaBaTiO6,0.89,1.81,1.35,120.0,161.0,140.5,5.212,5.999,5.605499999999999,0.145,0.43,0.2875,4.0,6.0,5.0,2.0,13.0,7.5,0.0,10.0,5.0,1.5,1.54,1.52,60.5,64.0,62.25,6.828,7.55,7.189,0.079,0.322,0.2005,4.0,6.0,5.0,4.0,5.0,4.5,0.0,0.0,0.0,0.9806845593217629,0.4446428571428571,3.0,1.0,3.5,1.92,2.09
GaTaCaGeO6,1.0,1.81,1.405,120.0,134.0,127.0,5.999,6.113,6.056,0.025,0.43,0.2275,4.0,4.0,4.0,2.0,13.0,7.5,0.0,10.0,5.0,1.5,2.01,1.755,53.0,64.0,58.5,7.55,7.899,7.7245,0.322,1.233,0.7775000000000001,4.0,6.0,5.0,5.0,14.0,9.5,0.0,10.0,5.0,0.9511209600846761,0.41785714285714287,3.0,1.0,11.0,1.685,2.035
GaTaCaSiO6,1.0,1.81,1.405,120.0,134.0,127.0,5.999,6.113,6.056,0.025,0.43,0.2275,4.0,4.0,4.0,2.0,13.0,7.5,0.0,10.0,5.0,1.5,1.9,1.7,40.0,64.0,52.0,7.55,8.152,7.850999999999999,0.322,1.39,0.856,3.0,6.0,4.5,5.0,14.0,9.5,0.0,0.0,0.0,0.9833203675875425,0.37142857142857144,3.0,1.0,24.0,1.74,2.035
GaTaCaSnO6,1.0,1.81,1.405,120.0,134.0,127.0,5.999,6.113,6.056,0.025,0.43,0.2275,4.0,4.0,4.0,2.0,13.0,7.5,0.0,10.0,5.0,1.5,1.96,1.73,64.0,69.0,66.5,7.344,7.55,7.447,0.322,1.112,0.7170000000000001,5.0,6.0,5.5,5.0,14.0,9.5,0.0,10.0,5.0,0.914273658967594,0.475,3.0,1.0,5.0,1.71,2.035
GaTaCaTiO6,1.0,1.81,1.405,120.0,134.0,127.0,5.999,6.113,6.056,0.025,0.43,0.2275,4.0,4.0,4.0,2.0,13.0,7.5,0.0,10.0,5.0,1.5,1.54,1.52,60.5,64.0,62.25,6.828,7.55,7.189,0.079,0.322,0.2005,4.0,6.0,5.0,4.0,5.0,4.5,0.0,0.0,0.0,0.9334858372153679,0.4446428571428571,3.0,1.0,3.5,1.92,2.035
GaTaGaNbO6,1.81,1.81,1.81,120.0,120.0,120.0,5.999,5.999,5.999,0.43,0.43,0.43,4.0,4.0,4.0,13.0,13.0,13.0,10.0,10.0,10.0,1.5,1.6,1.55,64.0,64.0,64.0,6.759,7.55,7.1545000000000005,0.322,0.917,0.6195,5.0,6.0,5.5,5.0,5.0,5.0,0.0,0.0,0.0,0.9012145250416782,0.45714285714285713,2.0,2.0,0.0,1.89,1.63
GaTaKNbO6,0.82,1.81,1.315,120.0,164.0,142.0,4.341,5.999,5.17,0.43,0.501,0.4655,4.0,4.0,4.0,1.0,13.0,7.0,0.0,10.0,5.0,1.5,1.6,1.55,64.0,64.0,64.0,6.759,7.55,7.1545000000000005,0.322,0.917,0.6195,5.0,6.0,5.5,5.0,5.0,5.0,0.0,0.0,0.0,0.977471138699051,0.45714285714285713,2.0,1.0,0.0,1.89,2.125
GaTaKSbO6,0.82,1.81,1.315,120.0,164.0,142.0,4.341,5.999,5.17,0.43,0.501,0.4655,4.0,4.0,4.0,1.0,13.0,7.0,0.0,10.0,5.0,1.5,2.05,1.775,60.0,64.0,62.0,7.55,8.608,8.079,0.322,1.046,0.684,5.0,6.0,5.5,5.0,15.0,10.0,0.0,10.0,5.0,0.9871490707653782,0.44285714285714284,2.0,1.0,4.0,1.665,2.125
GaTaLaAlO6,1.1,1.81,1.455,120.0,136.0,128.0,5.577,5.999,5.788,0.43,0.47,0.44999999999999996,4.0,6.0,5.0,3.0,13.0,8.0,0.0,10.0,5.0,1.5,1.61,1.5550000000000002,53.5,64.0,58.75,5.986,7.55,6.768,0.322,0.433,0.3775,3.0,6.0,4.5,5.0,13.0,9.0,0.0,0.0,0.0,0.953482351486766,0.41964285714285715,4.0,1.0,10.5,1.8849999999999998,1.9849999999999999
GaTaLaGaO6,1.1,1.81,1.455,120.0,136.0,128.0,5.577,5.999,5.788,0.43,0.47,0.44999999999999996,4.0,6.0,5.0,3.0,13.0,8.0,0.0,10.0,5.0,1.5,1.81,1.655,62.0,64.0,63.0,5.999,7.55,6.7745,0.322,0.43,0.376,4.0,6.0,5.0,5.0,13.0,9.0,0.0,10.0,5.0,0.933520282551698,0.45,4.0,1.0,2.0,1.785,1.9849999999999999
GaTaLaInO6,1.1,1.81,1.455,120.0,136.0,128.0,5.577,5.999,5.788,0.43,0.47,0.44999999999999996,4.0,6.0,5.0,3.0,13.0,8.0,0.0,10.0,5.0,1.5,1.78,1.6400000000000001,64.0,80.0,72.0,5.786,7.55,6.667999999999999,0.3,0.322,0.311,5.0,6.0,5.5,5.0,13.0,9.0,0.0,10.0,5.0,0.893889704518843,0.5142857142857142,4.0,1.0,16.0,1.7999999999999998,1.9849999999999999
GaTaLaScO6,1.1,1.81,1.455,120.0,136.0,128.0,5.577,5.999,5.788,0.43,0.47,0.44999999999999996,4.0,6.0,5.0,3.0,13.0,8.0,0.0,10.0,5.0,1.36,1.5,1.4300000000000002,64.0,74.5,69.25,6.561,7.55,7.0555,0.188,0.322,0.255,4.0,6.0,5.0,3.0,5.0,4.0,0.0,0.0,0.0,0.905637358939043,0.49464285714285716,4.0,1.0,10.5,2.01,1.9849999999999999
GaTaLiNbO6,0.98,1.81,1.395,92.0,120.0,106.0,5.392,5.999,5.6955,0.43,0.618,0.524,2.0,4.0,3.0,1.0,13.0,7.0,0.0,10.0,5.0,1.5,1.6,1.55,64.0,64.0,64.0,6.759,7.55,7.1545000000000005,0.322,0.917,0.6195,5.0,6.0,5.5,5.0,5.0,5.0,0.0,0.0,0.0,0.8526875890778955,0.45714285714285713,2.0,1.0,0.0,1.89,2.045
GaTaMgTiO6,1.31,1.81,1.56,89.0,120.0,104.5,5.999,7.646,6.8225,0.0,0.43,0.215,3.0,4.0,3.5,2.0,13.0,7.5,0.0,10.0,5.0,1.5,1.54,1.52,60.5,64.0,62.25,6.828,7.55,7.189,0.079,0.322,0.2005,4.0,6.0,5.0,4.0,5.0,4.5,0.0,0.0,0.0,0.8548213003713763,0.4446428571428571,3.0,1.0,3.5,1.92,1.88
GaTaMgZrO6,1.31,1.81,1.56,89.0,120.0,104.5,5.999,7.646,6.8225,0.0,0.43,0.215,3.0,4.0,3.5,2.0,13.0,7.5,0.0,10.0,5.0,1.33,1.5,1.415,64.0,72.0,68.0,6.634,7.55,7.0920000000000005,0.322,0.426,0.374,5.0,6.0,5.5,4.0,5.0,4.5,0.0,0.0,0.0,0.8311904230774559,0.4857142857142857,3.0,1.0,8.0,2.025,1.88
GaTaNaNbO6,0.93,1.81,1.37,120.0,139.0,129.5,5.139,5.999,5.569,0.43,0.548,0.489,3.0,4.0,3.5,1.0,13.0,7.0,0.0,10.0,5.0,1.5,1.6,1.55,64.0,64.0,64.0,6.759,7.55,7.1545000000000005,0.322,0.917,0.6195,5.0,6.0,5.5,5.0,5.0,5.0,0.0,0.0,0.0,0.9341435173028164,0.45714285714285713,2.0,1.0,0.0,1.89,2.07
GaTaNaSbO6,0.93,1.81,1.37,120.0,139.0,129.5,5.139,5.999,5.569,0.43,0.548,0.489,3.0,4.0,3.5,1.0,13.0,7.0,0.0,10.0,5.0,1.5,2.05,1.775,60.0,64.0,62.0,7.55,8.608,8.079,0.322,1.046,0.684,5.0,6.0,5.5,5.0,15.0,10.0,0.0,10.0,5.0,0.9433924630186858,0.44285714285714284,2.0,1.0,4.0,1.665,2.07
GaTaPbTiO6,1.8,1.81,1.8050000000000002,120.0,149.0,134.5,5.999,7.417,6.708,0.357,0.43,0.39349999999999996,4.0,6.0,5.0,13.0,14.0,13.5,10.0,10.0,10.0,1.5,1.54,1.52,60.5,64.0,62.25,6.828,7.55,7.189,0.079,0.322,0.2005,4.0,6.0,5.0,4.0,5.0,4.5,0.0,0.0,0.0,0.9597073494966984,0.4446428571428571,3.0,2.0,3.5,1.92,1.6349999999999998
GaTaPbZrO6,1.8,1.81,1.8050000000000002,120.0,149.0,134.5,5.999,7.417,6.708,0.357,0.43,0.39349999999999996,4.0,6.0,5.0,13.0,14.0,13.5,10.0,10.0,10.0,1.33,1.5,1.415,64.0,72.0,68.0,6.634,7.55,7.0920000000000005,0.322,0.426,0.374,5.0,6.0,5.5,4.0,5.0,4.5,0.0,0.0,0.0,0.933176978056285,0.4857142857142857,3.0,2.0,8.0,2.025,1.6349999999999998
GaTaRbNbO6,0.82,1.81,1.315,120.0,172.0,146.0,4.177,5.999,5.087999999999999,0.43,0.486,0.45799999999999996,4.0,5.0,4.5,1.0,13.0,7.0,0.0,10.0,5.0,1.5,1.6,1.55,64.0,64.0,64.0,6.759,7.55,7.1545000000000005,0.322,0.917,0.6195,5.0,6.0,5.5,5.0,5.0,5.0,0.0,0.0,0.0,0.991335977545846,0.45714285714285713,2.0,1.0,0.0,1.89,2.125
GaTaSnTiO6,1.81,1.96,1.885,118.0,120.0,119.0,5.999,7.344,6.6715,0.43,1.112,0.771,4.0,5.0,4.5,13.0,14.0,13.5,10.0,10.0,10.0,1.5,1.54,1.52,60.5,64.0,62.25,6.828,7.55,7.189,0.079,0.322,0.2005,4.0,6.0,5.0,4.0,5.0,4.5,0.0,0.0,0.0,0.905516224115282,0.4446428571428571,3.0,2.0,3.5,1.92,1.555
GaTaSrGeO6,0.95,1.81,1.38,120.0,144.0,132.0,5.695,5.999,5.8469999999999995,0.048,0.43,0.239,4.0,5.0,4.5,2.0,13.0,7.5,0.0,10.0,5.0,1.5,2.01,1.755,53.0,64.0,58.5,7.55,7.899,7.7245,0.322,1.233,0.7775000000000001,4.0,6.0,5.0,5.0,14.0,9.5,0.0,10.0,5.0,0.968932214018846,0.41785714285714287,3.0,1.0,11.0,1.685,2.06
GaTaSrSiO6,0.95,1.81,1.38,120.0,144.0,132.0,5.695,5.999,5.8469999999999995,0.048,0.43,0.239,4.0,5.0,4.5,2.0,13.0,7.5,0.0,10.0,5.0,1.5,1.9,1.7,40.0,64.0,52.0,7.55,8.152,7.850999999999999,0.322,1.39,0.856,3.0,6.0,4.5,5.0,14.0,9.5,0.0,0.0,0.0,1.0017346066809423,0.37142857142857144,3.0,1.0,24.0,1.74,2.06
GaTaSrSnO6,0.95,1.81,1.38,120.0,144.0,132.0,5.695,5.999,5.8469999999999995,0.048,0.43,0.239,4.0,5.0,4.5,2.0,13.0,7.5,0.0,10.0,5.0,1.5,1.96,1.73,64.0,69.0,66.5,7.344,7.55,7.447,0.322,1.112,0.7170000000000001,5.0,6.0,5.5,5.0,14.0,9.5,0.0,10.0,5.0,0.9313948885362756,0.475,3.0,1.0,5.0,1.71,2.06
GaTaSrTiO6,0.95,1.81,1.38,120.0,144.0,132.0,5.695,5.999,5.8469999999999995,0.048,0.43,0.239,4.0,5.0,4.5,2.0,13.0,7.5,0.0,10.0,5.0,1.5,1.54,1.52,60.5,64.0,62.25,6.828,7.55,7.189,0.079,0.322,0.2005,4.0,6.0,5.0,4.0,5.0,4.5,0.0,0.0,0.0,0.9509668454029216,0.4446428571428571,3.0,1.0,3.5,1.92,2.06
GaTaTlNbO6,1.8,1.81,1.8050000000000002,120.0,170.0,145.0,5.999,6.108,6.0535,0.377,0.43,0.40349999999999997,4.0,6.0,5.0,13.0,13.0,13.0,10.0,10.0,10.0,1.5,1.6,1.55,64.0,64.0,64.0,6.759,7.55,7.1545000000000005,0.322,0.917,0.6195,5.0,6.0,5.5,5.0,5.0,5.0,0.0,0.0,0.0,0.9878697678341473,0.45714285714285713,2.0,2.0,0.0,1.89,1.6349999999999998
GaTaTlTaO6,1.8,1.81,1.8050000000000002,120.0,170.0,145.0,5.999,6.108,6.0535,0.377,0.43,0.40349999999999997,4.0,6.0,5.0,13.0,13.0,13.0,10.0,10.0,10.0,1.5,1.5,1.5,64.0,64.0,64.0,7.55,7.55,7.55,0.322,0.322,0.322,6.0,6.0,6.0,5.0,5.0,5.0,0.0,0.0,0.0,0.9878697678341473,0.45714285714285713,2.0,2.0,0.0,1.94,1.6349999999999998
GaTaYAlO6,1.22,1.81,1.5150000000000001,107.5,120.0,113.75,5.999,6.217,6.108,0.307,0.43,0.3685,4.0,5.0,4.5,3.0,13.0,8.0,0.0,10.0,5.0,1.5,1.61,1.5550000000000002,53.5,64.0,58.75,5.986,7.55,6.768,0.322,0.433,0.3775,3.0,6.0,4.5,5.0,13.0,9.0,0.0,0.0,0.0,0.9027841294394287,0.41964285714285715,4.0,1.0,10.5,1.8849999999999998,1.9249999999999998
GeTiAgNbO6,1.93,2.01,1.9699999999999998,73.0,128.0,100.5,7.576,7.899,7.7375,1.233,1.302,1.2675,4.0,5.0,4.5,11.0,14.0,12.5,10.0,10.0,10.0,1.54,1.6,1.57,60.5,64.0,62.25,6.759,6.828,6.7935,0.079,0.917,0.498,4.0,5.0,4.5,4.0,5.0,4.5,0.0,0.0,0.0,0.8408364938213333,0.4446428571428571,3.0,1.0,3.5,1.8699999999999999,1.4700000000000002
GeTiAgTaO6,1.93,2.01,1.9699999999999998,73.0,128.0,100.5,7.576,7.899,7.7375,1.233,1.302,1.2675,4.0,5.0,4.5,11.0,14.0,12.5,10.0,10.0,10.0,1.5,1.54,1.52,60.5,64.0,62.25,6.828,7.55,7.189,0.079,0.322,0.2005,4.0,6.0,5.0,4.0,5.0,4.5,0.0,0.0,0.0,0.8408364938213333,0.4446428571428571,3.0,1.0,3.5,1.92,1.4700000000000002
GeTiBaHfO6,0.89,2.01,1.45,73.0,161.0,117.0,5.212,7.899,6.5555,0.145,1.233,0.6890000000000001,4.0,6.0,5.0,2.0,14.0,8.0,0.0,10.0,5.0,1.3,1.54,1.42,60.5,71.0,65.75,6.825,6.828,6.8265,0.014,0.079,0.0465,4.0,6.0,5.0,4.0,4.0,4.0,0.0,0.0,0.0,0.8832390899875708,0.46964285714285714,4.0,1.0,10.5,2.02,1.99
GeTiBaSnO6,0.89,2.01,1.45,73.0,161.0,117.0,5.212,7.899,6.5555,0.145,1.233,0.6890000000000001,4.0,6.0,5.0,2.0,14.0,8.0,0.0,10.0,5.0,1.54,1.96,1.75,60.5,69.0,64.75,6.828,7.344,7.086,0.079,1.112,0.5955,4.0,5.0,4.5,4.0,14.0,9.0,0.0,10.0,5.0,0.8875528340168142,0.4625,4.0,1.0,8.5,1.69,1.99
GeTiBaTiO6,0.89,2.01,1.45,73.0,161.0,117.0,5.212,7.899,6.5555,0.145,1.233,0.6890000000000001,4.0,6.0,5.0,2.0,14.0,8.0,0.0,10.0,5.0,1.54,1.54,1.54,60.5,60.5,60.5,6.828,6.828,6.828,0.079,0.079,0.079,4.0,4.0,4.0,4.0,4.0,4.0,0.0,0.0,0.0,0.9063662980795147,0.43214285714285716,4.0,1.0,0.0,1.9,1.99
GeTiBaZrO6,0.89,2.01,1.45,73.0,161.0,117.0,5.212,7.899,6.5555,0.145,1.233,0.6890000000000001,4.0,6.0,5.0,2.0,14.0,8.0,0.0,10.0,5.0,1.33,1.54,1.435,60.5,72.0,66.25,6.634,6.828,6.731,0.079,0.426,0.2525,4.0,5.0,4.5,4.0,4.0,4.0,0.0,0.0,0.0,0.8810979043148737,0.4732142857142857,4.0,1.0,11.5,2.005,1.99
GeTiCaGeO6,1.0,2.01,1.505,73.0,134.0,103.5,6.113,7.899,7.006,0.025,1.233,0.629,4.0,4.0,4.0,2.0,14.0,8.0,0.0,10.0,5.0,1.54,2.01,1.775,53.0,60.5,56.75,6.828,7.899,7.3635,0.079,1.233,0.656,4.0,4.0,4.0,4.0,14.0,9.0,0.0,10.0,5.0,0.8751232590542531,0.40535714285714286,4.0,1.0,7.5,1.665,1.935
GeTiCaHfO6,1.0,2.01,1.505,73.0,134.0,103.5,6.113,7.899,7.006,0.025,1.233,0.629,4.0,4.0,4.0,2.0,14.0,8.0,0.0,10.0,5.0,1.3,1.54,1.42,60.5,71.0,65.75,6.825,6.828,6.8265,0.014,0.079,0.0465,4.0,6.0,5.0,4.0,4.0,4.0,0.0,0.0,0.0,0.8368432623033988,0.46964285714285714,4.0,1.0,10.5,2.02,1.935
GeTiCaSiO6,1.0,2.01,1.505,73.0,134.0,103.5,6.113,7.899,7.006,0.025,1.233,0.629,4.0,4.0,4.0,2.0,14.0,8.0,0.0,10.0,5.0,1.54,1.9,1.72,40.0,60.5,50.25,6.828,8.152,7.49,0.079,1.39,0.7344999999999999,3.0,4.0,3.5,4.0,14.0,9.0,0.0,0.0,0.0,0.9050223454345562,0.35892857142857143,4.0,1.0,20.5,1.72,1.935
GeTiCaSnO6,1.0,2.01,1.505,73.0,134.0,103.5,6.113,7.899,7.006,0.025,1.233,0.629,4.0,4.0,4.0,2.0,14.0,8.0,0.0,10.0,5.0,1.54,1.96,1.75,60.5,69.0,64.75,6.828,7.344,7.086,0.079,1.112,0.5955,4.0,5.0,4.5,4.0,14.0,9.0,0.0,10.0,5.0,0.8409304088836352,0.4625,4.0,1.0,8.5,1.69,1.935
GeTiCaTiO6,1.0,2.01,1.505,73.0,134.0,103.5,6.113,7.899,7.006,0.025,1.233,0.629,4.0,4.0,4.0,2.0,14.0,8.0,0.0,10.0,5.0,1.54,1.54,1.54,60.5,60.5,60.5,6.828,6.828,6.828,0.079,0.079,0.079,4.0,4.0,4.0,4.0,4.0,4.0,0.0,0.0,0.0,0.8587556170519915,0.43214285714285716,4.0,1.0,0.0,1.9,1.935
GeTiCaZrO6,1.0,2.01,1.505,73.0,134.0,103.5,6.113,7.899,7.006,0.025,1.233,0.629,4.0,4.0,4.0,2.0,14.0,8.0,0.0,10.0,5.0,1.33,1.54,1.435,60.5,72.0,66.25,6.634,6.828,6.731,0.079,0.426,0.2525,4.0,5.0,4.5,4.0,4.0,4.0,0.0,0.0,0.0,0.8348145513644815,0.4732142857142857,4.0,1.0,11.5,2.005,1.935
GeTiCsNbO6,0.79,2.01,1.4,73.0,188.0,130.5,3.894,7.899,5.8965,0.472,1.233,0.8525,4.0,6.0,5.0,1.0,14.0,7.5,0.0,10.0,5.0,1.54,1.6,1.57,60.5,64.0,62.25,6.759,6.828,6.7935,0.079,0.917,0.498,4.0,5.0,4.5,4.0,5.0,4.5,0.0,0.0,0.0,0.9457225429466556,0.4446428571428571,3.0,1.0,3.5,1.8699999999999999,2.04
GeTiCsTaO6,0.79,2.01,1.4,73.0,188.0,130.5,3.894,7.899,5.8965,0.472,1.233,0.8525,4.0,6.0,5.0,1.0,14.0,7.5,0.0,10.0,5.0,1.5,1.54,1.52,60.5,64.0,62.25,6.828,7.55,7.189,0.079,0.322,0.2005,4.0,6.0,5.0,4.0,5.0,4.5,0.0,0.0,0.0,0.9457225429466556,0.4446428571428571,3.0,1.0,3.5,1.92,2.04
GeTiCsVO6,0.79,2.01,1.4,73.0,188.0,130.5,3.894,7.899,5.8965,0.472,1.233,0.8525,4.0,6.0,5.0,1.0,14.0,7.5,0.0,10.0,5.0,1.54,1.63,1.585,54.0,60.5,57.25,6.746,6.828,6.787000000000001,0.079,0.525,0.302,4.0,4.0,4.0,4.0,5.0,4.5,0.0,0.0,0.0,0.9696952309807912,0.4089285714285714,3.0,1.0,6.5,1.855,2.04
GeTiGaNbO6,1.81,2.01,1.91,73.0,120.0,96.5,5.999,7.899,6.949,0.43,1.233,0.8315,4.0,4.0,4.0,13.0,14.0,13.5,10.0,10.0,10.0,1.54,1.6,1.57,60.5,64.0,62.25,6.759,6.828,6.7935,0.079,0.917,0.498,4.0,5.0,4.5,4.0,5.0,4.5,0.0,0.0,0.0,0.8268516872712903,0.4446428571428571,3.0,2.0,3.5,1.8699999999999999,1.53
GeTiGaTaO6,1.81,2.01,1.91,73.0,120.0,96.5,5.999,7.899,6.949,0.43,1.233,0.8315,4.0,4.0,4.0,13.0,14.0,13.5,10.0,10.0,10.0,1.5,1.54,1.52,60.5,64.0,62.25,6.828,7.55,7.189,0.079,0.322,0.2005,4.0,6.0,5.0,4.0,5.0,4.5,0.0,0.0,0.0,0.8268516872712903,0.4446428571428571,3.0,2.0,3.5,1.92,1.53
GeTiInNbO6,1.78,2.01,1.895,73.0,140.0,106.5,5.786,7.899,6.842499999999999,0.3,1.233,0.7665000000000001,4.0,5.0,4.5,13.0,14.0,13.5,10.0,10.0,10.0,1.54,1.6,1.57,60.5,64.0,62.25,6.759,6.828,6.7935,0.079,0.917,0.498,4.0,5.0,4.5,4.0,5.0,4.5,0.0,0.0,0.0,0.8618137036463978,0.4446428571428571,3.0,2.0,3.5,1.8699999999999999,1.545
GeTiInTaO6,1.78,2.01,1.895,73.0,140.0,106.5,5.786,7.899,6.842499999999999,0.3,1.233,0.7665000000000001,4.0,5.0,4.5,13.0,14.0,13.5,10.0,10.0,10.0,1.5,1.54,1.52,60.5,64.0,62.25,6.828,7.55,7.189,0.079,0.322,0.2005,4.0,6.0,5.0,4.0,5.0,4.5,0.0,0.0,0.0,0.8618137036463978,0.4446428571428571,3.0,2.0,3.5,1.92,1.545
GeTiKNbO6,0.82,2.01,1.4149999999999998,73.0,164.0,118.5,4.341,7.899,6.12,0.501,1.233,0.867,4.0,4.0,4.0,1.0,14.0,7.5,0.0,10.0,5.0,1.54,1.6,1.57,60.5,64.0,62.25,6.759,6.828,6.7935,0.079,0.917,0.498,4.0,5.0,4.5,4.0,5.0,4.5,0.0,0.0,0.0,0.9037681232965267,0.4446428571428571,3.0,1.0,3.5,1.8699999999999999,2.0250000000000004
GeTiKSbO6,0.82,2.01,1.4149999999999998,73.0,164.0,118.5,4.341,7.899,6.12,0.501,1.233,0.867,4.0,4.0,4.0,1.0,14.0,7.5,0.0,10.0,5.0,1.54,2.05,1.795,60.0,60.5,60.25,6.828,8.608,7.718,0.079,1.046,0.5625,4.0,5.0,4.5,4.0,15.0,9.5,0.0,10.0,5.0,0.912794521531698,0.4303571428571429,3.0,1.0,0.5,1.645,2.0250000000000004
GeTiKTaO6,0.82,2.01,1.4149999999999998,73.0,164.0,118.5,4.341,7.899,6.12,0.501,1.233,0.867,4.0,4.0,4.0,1.0,14.0,7.5,0.0,10.0,5.0,1.5,1.54,1.52,60.5,64.0,62.25,6.828,7.55,7.189,0.079,0.322,0.2005,4.0,6.0,5.0,4.0,5.0,4.5,0.0,0.0,0.0,0.9037681232965267,0.4446428571428571,3.0,1.0,3.5,1.92,2.0250000000000004
GeTiLaAlO6,1.1,2.01,1.555,73.0,136.0,104.5,5.577,7.899,6.7379999999999995,0.47,1.233,0.8515,4.0,6.0,5.0,3.0,14.0,8.5,0.0,10.0,5.0,1.54,1.61,1.5750000000000002,53.5,60.5,57.0,5.986,6.828,6.407,0.079,0.433,0.256,3.0,4.0,3.5,4.0,13.0,8.5,0.0,0.0,0.0,0.8776020710665525,0.40714285714285714,5.0,1.0,7.0,1.8649999999999998,1.885
GeTiLaGaO6,1.1,2.01,1.555,73.0,136.0,104.5,5.577,7.899,6.7379999999999995,0.47,1.233,0.8515,4.0,6.0,5.0,3.0,14.0,8.5,0.0,10.0,5.0,1.54,1.81,1.675,60.5,62.0,61.25,5.999,6.828,6.4135,0.079,0.43,0.2545,4.0,4.0,4.0,4.0,13.0,8.5,0.0,10.0,5.0,0.85906885962788,0.4375,5.0,1.0,1.5,1.765,1.885
GeTiLaInO6,1.1,2.01,1.555,73.0,136.0,104.5,5.577,7.899,6.7379999999999995,0.47,1.233,0.8515,4.0,6.0,5.0,3.0,14.0,8.5,0.0,10.0,5.0,1.54,1.78,1.6600000000000001,60.5,80.0,70.25,5.786,6.828,6.307,0.079,0.3,0.1895,4.0,5.0,4.5,4.0,13.0,8.5,0.0,10.0,5.0,0.8222954007139637,0.5017857142857143,5.0,1.0,19.5,1.7799999999999998,1.885
GeTiLaScO6,1.1,2.01,1.555,73.0,136.0,104.5,5.577,7.899,6.7379999999999995,0.47,1.233,0.8515,4.0,6.0,5.0,3.0,14.0,8.5,0.0,10.0,5.0,1.36,1.54,1.4500000000000002,60.5,74.5,67.5,6.561,6.828,6.6945,0.079,0.188,0.1335,4.0,4.0,4.0,3.0,4.0,3.5,0.0,0.0,0.0,0.8331932915667992,0.48214285714285715,5.0,1.0,14.0,1.9899999999999998,1.885
GeTiLiNbO6,0.98,2.01,1.4949999999999999,73.0,92.0,82.5,5.392,7.899,6.6455,0.618,1.233,0.9255,2.0,4.0,3.0,1.0,14.0,7.5,0.0,10.0,5.0,1.54,1.6,1.57,60.5,64.0,62.25,6.759,6.828,6.7935,0.079,0.917,0.498,4.0,5.0,4.5,4.0,5.0,4.5,0.0,0.0,0.0,0.7779048643461399,0.4446428571428571,3.0,1.0,3.5,1.8699999999999999,1.945
GeTiLiTaO6,0.98,2.01,1.4949999999999999,73.0,92.0,82.5,5.392,7.899,6.6455,0.618,1.233,0.9255,2.0,4.0,3.0,1.0,14.0,7.5,0.0,10.0,5.0,1.5,1.54,1.52,60.5,64.0,62.25,6.828,7.55,7.189,0.079,0.322,0.2005,4.0,6.0,5.0,4.0,5.0,4.5,0.0,0.0,0.0,0.7779048643461399,0.4446428571428571,3.0,1.0,3.5,1.92,1.945
GeTiLiVO6,0.98,2.01,1.4949999999999999,73.0,92.0,82.5,5.392,7.899,6.6455,0.618,1.233,0.9255,2.0,4.0,3.0,1.0,14.0,7.5,0.0,10.0,5.0,1.54,1.63,1.585,54.0,60.5,57.25,6.746,6.828,6.787000000000001,0.079,0.525,0.302,4.0,4.0,4.0,4.0,5.0,4.5,0.0,0.0,0.0,0.7976236188289318,0.4089285714285714,3.0,1.0,6.5,1.855,1.945
GeTiMgTiO6,1.31,2.01,1.66,73.0,89.0,81.0,7.646,7.899,7.7725,0.0,1.233,0.6165,3.0,4.0,3.5,2.0,14.0,8.0,0.0,10.0,5.0,1.54,1.54,1.54,60.5,60.5,60.5,6.828,6.828,6.828,0.079,0.079,0.079,4.0,4.0,4.0,4.0,4.0,4.0,0.0,0.0,0.0,0.7794044820061197,0.43214285714285716,4.0,1.0,0.0,1.9,1.78
GeTiMgZrO6,1.31,2.01,1.66,73.0,89.0,81.0,7.646,7.899,7.7725,0.0,1.233,0.6165,3.0,4.0,3.5,2.0,14.0,8.0,0.0,10.0,5.0,1.33,1.54,1.435,60.5,72.0,66.25,6.634,6.828,6.731,0.079,0.426,0.2525,4.0,5.0,4.5,4.0,4.0,4.0,0.0,0.0,0.0,0.7576756297804945,0.4732142857142857,4.0,1.0,11.5,2.005,1.78
GeTiNaNbO6,0.93,2.01,1.47,73.0,139.0,106.0,5.139,7.899,6.519,0.548,1.233,0.8905000000000001,3.0,4.0,3.5,1.0,14.0,7.5,0.0,10.0,5.0,1.54,1.6,1.57,60.5,64.0,62.25,6.759,6.828,6.7935,0.079,0.917,0.498,4.0,5.0,4.5,4.0,5.0,4.5,0.0,0.0,0.0,0.8600656028276423,0.4446428571428571,3.0,1.0,3.5,1.8699999999999999,1.97
GeTiNaSbO6,0.93,2.01,1.47,73.0,139.0,106.0,5.139,7.899,6.519,0.548,1.233,0.8905000000000001,3.0,4.0,3.5,1.0,14.0,7.5,0.0,10.0,5.0,1.54,2.05,1.795,60.0,60.5,60.25,6.828,8.608,7.718,0.079,1.046,0.5625,4.0,5.0,4.5,4.0,15.0,9.5,0.0,10.0,5.0,0.8686555214576314,0.4303571428571429,3.0,1.0,0.5,1.645,1.97
GeTiNaTaO6,0.93,2.01,1.47,73.0,139.0,106.0,5.139,7.899,6.519,0.548,1.233,0.8905000000000001,3.0,4.0,3.5,1.0,14.0,7.5,0.0,10.0,5.0,1.5,1.54,1.52,60.5,64.0,62.25,6.828,7.55,7.189,0.079,0.322,0.2005,4.0,6.0,5.0,4.0,5.0,4.5,0.0,0.0,0.0,0.8600656028276423,0.4446428571428571,3.0,1.0,3.5,1.92,1.97
GeTiNaVO6,0.93,2.01,1.47,73.0,139.0,106.0,5.139,7.899,6.519,0.548,1.233,0.8905000000000001,3.0,4.0,3.5,1.0,14.0,7.5,0.0,10.0,5.0,1.54,1.63,1.585,54.0,60.5,57.25,6.746,6.828,6.787000000000001,0.079,0.525,0.302,4.0,4.0,4.0,4.0,5.0,4.5,0.0,0.0,0.0,0.8818670122782797,0.4089285714285714,3.0,1.0,6.5,1.855,1.97
GeTiPbHfO6,1.8,2.01,1.9049999999999998,73.0,149.0,111.0,7.417,7.899,7.6579999999999995,0.357,1.233,0.795,4.0,6.0,5.0,14.0,14.0,14.0,10.0,10.0,10.0,1.3,1.54,1.42,60.5,71.0,65.75,6.825,6.828,6.8265,0.014,0.079,0.0465,4.0,6.0,5.0,4.0,4.0,4.0,0.0,0.0,0.0,0.8626187221279389,0.46964285714285714,4.0,2.0,10.5,2.02,1.5350000000000001
GeTiPbTiO6,1.8,2.01,1.9049999999999998,73.0,149.0,111.0,7.417,7.899,7.6579999999999995,0.357,1.233,0.795,4.0,6.0,5.0,14.0,14.0,14.0,10.0,10.0,10.0,1.54,1.54,1.54,60.5,60.5,60.5,6.828,6.828,6.828,0.079,0.079,0.079,4.0,4.0,4.0,4.0,4.0,4.0,0.0,0.0,0.0,0.8852059954006155,0.43214285714285716,4.0,2.0,0.0,1.9,1.5350000000000001
GeTiPbZrO6,1.8,2.01,1.9049999999999998,73.0,149.0,111.0,7.417,7.899,7.6579999999999995,0.357,1.233,0.795,4.0,6.0,5.0,14.0,14.0,14.0,10.0,10.0,10.0,1.33,1.54,1.435,60.5,72.0,66.25,6.634,6.828,6.731,0.079,0.426,0.2525,4.0,5.0,4.5,4.0,4.0,4.0,0.0,0.0,0.0,0.8605275252258104,0.4732142857142857,4.0,2.0,11.5,2.005,1.5350000000000001
GeTiRbNbO6,0.82,2.01,1.4149999999999998,73.0,172.0,122.5,4.177,7.899,6.038,0.486,1.233,0.8595,4.0,5.0,4.5,1.0,14.0,7.5,0.0,10.0,5.0,1.54,1.6,1.57,60.5,64.0,62.25,6.759,6.828,6.7935,0.079,0.917,0.498,4.0,5.0,4.5,4.0,5.0,4.5,0.0,0.0,0.0,0.9177529298465696,0.4446428571428571,3.0,1.0,3.5,1.8699999999999999,2.0250000000000004
GeTiRbTaO6,0.82,2.01,1.4149999999999998,73.0,172.0,122.5,4.177,7.899,6.038,0.486,1.233,0.8595,4.0,5.0,4.5,1.0,14.0,7.5,0.0,10.0,5.0,1.5,1.54,1.52,60.5,64.0,62.25,6.828,7.55,7.189,0.079,0.322,0.2005,4.0,6.0,5.0,4.0,5.0,4.5,0.0,0.0,0.0,0.9177529298465696,0.4446428571428571,3.0,1.0,3.5,1.92,2.0250000000000004
GeTiSnHfO6,1.96,2.01,1.9849999999999999,73.0,118.0,95.5,7.344,7.899,7.6215,1.112,1.233,1.1725,4.0,5.0,4.5,14.0,14.0,14.0,10.0,10.0,10.0,1.3,1.54,1.42,60.5,71.0,65.75,6.825,6.828,6.8265,0.014,0.079,0.0465,4.0,6.0,5.0,4.0,4.0,4.0,0.0,0.0,0.0,0.8093494384905562,0.46964285714285714,4.0,2.0,10.5,2.02,1.455
GeTiSnTiO6,1.96,2.01,1.9849999999999999,73.0,118.0,95.5,7.344,7.899,7.6215,1.112,1.233,1.1725,4.0,5.0,4.5,14.0,14.0,14.0,10.0,10.0,10.0,1.54,1.54,1.54,60.5,60.5,60.5,6.828,6.828,6.828,0.079,0.079,0.079,4.0,4.0,4.0,4.0,4.0,4.0,0.0,0.0,0.0,0.8305418801467926,0.43214285714285716,4.0,2.0,0.0,1.9,1.455
GeTiSnZrO6,1.96,2.01,1.9849999999999999,73.0,118.0,95.5,7.344,7.899,7.6215,1.112,1.233,1.1725,4.0,5.0,4.5,14.0,14.0,14.0,10.0,10.0,10.0,1.33,1.54,1.435,60.5,72.0,66.25,6.634,6.828,6.731,0.079,0.426,0.2525,4.0,5.0,4.5,4.0,4.0,4.0,0.0,0.0,0.0,0.8073873792457306,0.4732142857142857,4.0,2.0,11.5,2.005,1.455
GeTiSrGeO6,0.95,2.01,1.48,73.0,144.0,108.5,5.695,7.899,6.797000000000001,0.048,1.233,0.6405000000000001,4.0,5.0,4.5,2.0,14.0,8.0,0.0,10.0,5.0,1.54,2.01,1.775,53.0,60.5,56.75,6.828,7.899,7.3635,0.079,1.233,0.656,4.0,4.0,4.0,4.0,14.0,9.0,0.0,10.0,5.0,0.8930929358315478,0.40535714285714286,4.0,1.0,7.5,1.665,1.96
GeTiSrHfO6,0.95,2.01,1.48,73.0,144.0,108.5,5.695,7.899,6.797000000000001,0.048,1.233,0.6405000000000001,4.0,5.0,4.5,2.0,14.0,8.0,0.0,10.0,5.0,1.3,1.54,1.42,60.5,71.0,65.75,6.825,6.828,6.8265,0.014,0.079,0.0465,4.0,6.0,5.0,4.0,4.0,4.0,0.0,0.0,0.0,0.8540269021864255,0.46964285714285714,4.0,1.0,10.5,2.02,1.96
GeTiSrSiO6,0.95,2.01,1.48,73.0,144.0,108.5,5.695,7.899,6.797000000000001,0.048,1.233,0.6405000000000001,4.0,5.0,4.5,2.0,14.0,8.0,0.0,10.0,5.0,1.54,1.9,1.72,40.0,60.5,50.25,6.828,8.152,7.49,0.079,1.39,0.7344999999999999,3.0,4.0,3.5,4.0,14.0,9.0,0.0,0.0,0.0,0.9236059664907073,0.35892857142857143,4.0,1.0,20.5,1.72,1.96
GeTiSrSnO6,0.95,2.01,1.48,73.0,144.0,108.5,5.695,7.899,6.797000000000001,0.048,1.233,0.6405000000000001,4.0,5.0,4.5,2.0,14.0,8.0,0.0,10.0,5.0,1.54,1.96,1.75,60.5,69.0,64.75,6.828,7.344,7.086,0.079,1.112,0.5955,4.0,5.0,4.5,4.0,14.0,9.0,0.0,10.0,5.0,0.8581979737477756,0.4625,4.0,1.0,8.5,1.69,1.96
GeTiSrTiO6,0.95,2.01,1.48,73.0,144.0,108.5,5.695,7.899,6.797000000000001,0.048,1.233,0.6405000000000001,4.0,5.0,4.5,2.0,14.0,8.0,0.0,10.0,5.0,1.54,1.54,1.54,60.5,60.5,60.5,6.828,6.828,6.828,0.079,0.079,0.079,4.0,4.0,4.0,4.0,4.0,4.0,0.0,0.0,0.0,0.8763892026177409,0.43214285714285716,4.0,1.0,0.0,1.9,1.96
GeTiSrZrO6,0.95,2.01,1.48,73.0,144.0,108.5,5.695,7.899,6.797000000000001,0.048,1.233,0.6405000000000001,4.0,5.0,4.5,2.0,14.0,8.0,0.0,10.0,5.0,1.33,1.54,1.435,60.5,72.0,66.25,6.634,6.828,6.731,0.079,0.426,0.2525,4.0,5.0,4.5,4.0,4.0,4.0,0.0,0.0,0.0,0.8519565339387009,0.4732142857142857,4.0,1.0,11.5,2.005,1.96
GeTiTlNbO6,1.8,2.01,1.9049999999999998,73.0,170.0,121.5,6.108,7.899,7.0035,0.377,1.233,0.805,4.0,6.0,5.0,13.0,14.0,13.5,10.0,10.0,10.0,1.54,1.6,1.57,60.5,64.0,62.25,6.759,6.828,6.7935,0.079,0.917,0.498,4.0,5.0,4.5,4.0,5.0,4.5,0.0,0.0,0.0,0.9142567282090589,0.4446428571428571,3.0,2.0,3.5,1.8699999999999999,1.5350000000000001
GeTiTlTaO6,1.8,2.01,1.9049999999999998,73.0,170.0,121.5,6.108,7.899,7.0035,0.377,1.233,0.805,4.0,6.0,5.0,13.0,14.0,13.5,10.0,10.0,10.0,1.5,1.54,1.52,60.5,64.0,62.25,6.828,7.55,7.189,0.079,0.322,0.2005,4.0,6.0,5.0,4.0,5.0,4.5,0.0,0.0,0.0,0.9142567282090589,0.4446428571428571,3.0,2.0,3.5,1.92,1.5350000000000001
GeTiYAlO6,1.22,2.01,1.6149999999999998,73.0,107.5,90.25,6.217,7.899,7.058,0.307,1.233,0.77,4.0,5.0,4.5,3.0,14.0,8.5,0.0,10.0,5.0,1.54,1.61,1.5750000000000002,53.5,60.5,57.0,5.986,6.828,6.407,0.079,0.433,0.256,3.0,4.0,3.5,4.0,13.0,8.5,0.0,0.0,0.0,0.826453484102551,0.40714285714285714,5.0,1.0,7.0,1.8649999999999998,1.8250000000000002
InNbBaSnO6,0.89,1.78,1.335,140.0,161.0,150.5,5.212,5.786,5.499,0.145,0.3,0.22249999999999998,5.0,6.0,5.5,2.0,13.0,7.5,0.0,10.0,5.0,1.6,1.96,1.78,64.0,69.0,66.5,6.759,7.344,7.051500000000001,0.917,1.112,1.0145,5.0,5.0,5.0,5.0,14.0,9.5,0.0,10.0,5.0,0.9947434379403973,0.475,3.0,1.0,5.0,1.66,2.105
InNbCaGeO6,1.0,1.78,1.3900000000000001,134.0,140.0,137.0,5.786,6.113,5.9495000000000005,0.025,0.3,0.1625,4.0,5.0,4.5,2.0,13.0,7.5,0.0,10.0,5.0,1.6,2.01,1.805,53.0,64.0,58.5,6.759,7.899,7.329000000000001,0.917,1.233,1.0750000000000002,4.0,5.0,4.5,5.0,14.0,9.5,0.0,10.0,5.0,0.9867434679530159,0.41785714285714287,3.0,1.0,11.0,1.635,2.05
InNbCaSnO6,1.0,1.78,1.3900000000000001,134.0,140.0,137.0,5.786,6.113,5.9495000000000005,0.025,0.3,0.1625,4.0,5.0,4.5,2.0,13.0,7.5,0.0,10.0,5.0,1.6,1.96,1.78,64.0,69.0,66.5,6.759,7.344,7.051500000000001,0.917,1.112,1.0145,5.0,5.0,5.0,5.0,14.0,9.5,0.0,10.0,5.0,0.9485161181049572,0.475,3.0,1.0,5.0,1.66,2.05
InNbGaNbO6,1.78,1.81,1.795,120.0,140.0,130.0,5.786,5.999,5.8925,0.3,0.43,0.365,4.0,5.0,4.5,13.0,13.0,13.0,10.0,10.0,10.0,1.6,1.6,1.6,64.0,64.0,64.0,6.759,6.759,6.759,0.917,0.917,0.917,5.0,5.0,5.0,5.0,5.0,5.0,0.0,0.0,0.0,0.9358766221586658,0.45714285714285713,2.0,2.0,0.0,1.8399999999999999,1.645
InNbLaAlO6,1.1,1.78,1.44,136.0,140.0,138.0,5.577,5.786,5.6815,0.3,0.47,0.385,5.0,6.0,5.5,3.0,13.0,8.0,0.0,10.0,5.0,1.6,1.61,1.605,53.5,64.0,58.75,5.986,6.759,6.3725000000000005,0.433,0.917,0.675,3.0,5.0,4.0,5.0,13.0,9.0,0.0,0.0,0.0,0.989060051169108,0.41964285714285715,4.0,1.0,10.5,1.835,2.0
InNbLaGaO6,1.1,1.78,1.44,136.0,140.0,138.0,5.577,5.786,5.6815,0.3,0.47,0.385,5.0,6.0,5.5,3.0,13.0,8.0,0.0,10.0,5.0,1.6,1.81,1.705,62.0,64.0,63.0,5.999,6.759,6.379,0.43,0.917,0.6735,4.0,5.0,4.5,5.0,13.0,9.0,0.0,10.0,5.0,0.9683531289155674,0.45,4.0,1.0,2.0,1.7349999999999999,2.0
InNbLaInO6,1.1,1.78,1.44,136.0,140.0,138.0,5.577,5.786,5.6815,0.3,0.47,0.385,5.0,6.0,5.5,3.0,13.0,8.0,0.0,10.0,5.0,1.6,1.78,1.69,64.0,80.0,72.0,5.786,6.759,6.2725,0.3,0.917,0.6085,5.0,5.0,5.0,5.0,13.0,9.0,0.0,10.0,5.0,0.9272437979710386,0.5142857142857142,4.0,1.0,16.0,1.75,2.0
InNbLiNbO6,0.98,1.78,1.38,92.0,140.0,116.0,5.392,5.786,5.589,0.3,0.618,0.45899999999999996,2.0,5.0,3.5,1.0,13.0,7.0,0.0,10.0,5.0,1.6,1.6,1.6,64.0,64.0,64.0,6.759,6.759,6.759,0.917,0.917,0.917,5.0,5.0,5.0,5.0,5.0,5.0,0.0,0.0,0.0,0.8873496861948832,0.45714285714285713,2.0,1.0,0.0,1.8399999999999999,2.06
InNbMgTiO6,1.31,1.78,1.545,89.0,140.0,114.5,5.786,7.646,6.715999999999999,0.0,0.3,0.15,3.0,5.0,4.0,2.0,13.0,7.5,0.0,10.0,5.0,1.54,1.6,1.57,60.5,64.0,62.25,6.759,6.828,6.7935,0.079,0.917,0.498,4.0,5.0,4.5,4.0,5.0,4.5,0.0,0.0,0.0,0.8897833167464837,0.4446428571428571,3.0,1.0,3.5,1.8699999999999999,1.895
InNbMgZrO6,1.31,1.78,1.545,89.0,140.0,114.5,5.786,7.646,6.715999999999999,0.0,0.3,0.15,3.0,5.0,4.0,2.0,13.0,7.5,0.0,10.0,5.0,1.33,1.6,1.465,64.0,72.0,68.0,6.634,6.759,6.6965,0.426,0.917,0.6715,5.0,5.0,5.0,4.0,5.0,4.5,0.0,0.0,0.0,0.8651859414037323,0.4857142857142857,3.0,1.0,8.0,1.9749999999999999,1.895
InNbNaNbO6,0.93,1.78,1.355,139.0,140.0,139.5,5.139,5.786,5.4625,0.3,0.548,0.42400000000000004,3.0,5.0,4.0,1.0,13.0,7.0,0.0,10.0,5.0,1.6,1.6,1.6,64.0,64.0,64.0,6.759,6.759,6.759,0.917,0.917,0.917,5.0,5.0,5.0,5.0,5.0,5.0,0.0,0.0,0.0,0.9688056144198041,0.45714285714285713,2.0,1.0,0.0,1.8399999999999999,2.085
InNbNaSbO6,0.93,1.78,1.355,139.0,140.0,139.5,5.139,5.786,5.4625,0.3,0.548,0.42400000000000004,3.0,5.0,4.0,1.0,13.0,7.0,0.0,10.0,5.0,1.6,2.05,1.825,60.0,64.0,62.0,6.759,8.608,7.6835,0.917,1.046,0.9815,5.0,5.0,5.0,5.0,15.0,10.0,0.0,10.0,5.0,0.9783977492160396,0.44285714285714284,2.0,1.0,4.0,1.615,2.085
InNbSrGeO6,0.95,1.78,1.365,140.0,144.0,142.0,5.695,5.786,5.7405,0.048,0.3,0.174,5.0,5.0,5.0,2.0,13.0,7.5,0.0,10.0,5.0,1.6,2.01,1.805,53.0,64.0,58.5,6.759,7.899,7.329000000000001,0.917,1.233,1.0750000000000002,4.0,5.0,4.5,5.0,14.0,9.5,0.0,10.0,5.0,1.004554721887186,0.41785714285714287,3.0,1.0,11.0,1.635,2.075
InNbSrSnO6,0.95,1.78,1.365,140.0,144.0,142.0,5.695,5.786,5.7405,0.048,0.3,0.174,5.0,5.0,5.0,2.0,13.0,7.5,0.0,10.0,5.0,1.6,1.96,1.78,64.0,69.0,66.5,6.759,7.344,7.051500000000001,0.917,1.112,1.0145,5.0,5.0,5.0,5.0,14.0,9.5,0.0,10.0,5.0,0.9656373476736386,0.475,3.0,1.0,5.0,1.66,2.075
InNbYAlO6,1.22,1.78,1.5,107.5,140.0,123.75,5.786,6.217,6.0015,0.3,0.307,0.3035,5.0,5.0,5.0,3.0,13.0,8.0,0.0,10.0,5.0,1.6,1.61,1.605,53.5,64.0,58.75,5.986,6.759,6.3725000000000005,0.433,0.917,0.675,3.0,5.0,4.0,5.0,13.0,9.0,0.0,0.0,0.0,0.9383618291217706,0.41964285714285715,4.0,1.0,10.5,1.835,1.94
InTaBaSnO6,0.89,1.78,1.335,140.0,161.0,150.5,5.212,5.786,5.499,0.145,0.3,0.22249999999999998,5.0,6.0,5.5,2.0,13.0,7.5,0.0,10.0,5.0,1.5,1.96,1.73,64.0,69.0,66.5,7.344,7.55,7.447,0.322,1.112,0.7170000000000001,5.0,6.0,5.5,5.0,14.0,9.5,0.0,10.0,5.0,0.9947434379403973,0.475,3.0,1.0,5.0,1.71,2.105
InTaCaGeO6,1.0,1.78,1.3900000000000001,134.0,140.0,137.0,5.786,6.113,5.9495000000000005,0.025,0.3,0.1625,4.0,5.0,4.5,2.0,13.0,7.5,0.0,10.0,5.0,1.5,2.01,1.755,53.0,64.0,58.5,7.55,7.899,7.7245,0.322,1.233,0.7775000000000001,4.0,6.0,5.0,5.0,14.0,9.5,0.0,10.0,5.0,0.9867434679530159,0.41785714285714287,3.0,1.0,11.0,1.685,2.05
InTaCaSnO6,1.0,1.78,1.3900000000000001,134.0,140.0,137.0,5.786,6.113,5.9495000000000005,0.025,0.3,0.1625,4.0,5.0,4.5,2.0,13.0,7.5,0.0,10.0,5.0,1.5,1.96,1.73,64.0,69.0,66.5,7.344,7.55,7.447,0.322,1.112,0.7170000000000001,5.0,6.0,5.5,5.0,14.0,9.5,0.0,10.0,5.0,0.9485161181049572,0.475,3.0,1.0,5.0,1.71,2.05
InTaLaAlO6,1.1,1.78,1.44,136.0,140.0,138.0,5.577,5.786,5.6815,0.3,0.47,0.385,5.0,6.0,5.5,3.0,13.0,8.0,0.0,10.0,5.0,1.5,1.61,1.5550000000000002,53.5,64.0,58.75,5.986,7.55,6.768,0.322,0.433,0.3775,3.0,6.0,4.5,5.0,13.0,9.0,0.0,0.0,0.0,0.989060051169108,0.41964285714285715,4.0,1.0,10.5,1.8849999999999998,2.0
InTaLaInO6,1.1,1.78,1.44,136.0,140.0,138.0,5.577,5.786,5.6815,0.3,0.47,0.385,5.0,6.0,5.5,3.0,13.0,8.0,0.0,10.0,5.0,1.5,1.78,1.6400000000000001,64.0,80.0,72.0,5.786,7.55,6.667999999999999,0.3,0.322,0.311,5.0,6.0,5.5,5.0,13.0,9.0,0.0,10.0,5.0,0.9272437979710386,0.5142857142857142,4.0,1.0,16.0,1.7999999999999998,2.0
InTaLaScO6,1.1,1.78,1.44,136.0,140.0,138.0,5.577,5.786,5.6815,0.3,0.47,0.385,5.0,6.0,5.5,3.0,13.0,8.0,0.0,10.0,5.0,1.36,1.5,1.4300000000000002,64.0,74.5,69.25,6.561,7.55,7.0555,0.188,0.322,0.255,4.0,6.0,5.0,3.0,5.0,4.0,0.0,0.0,0.0,0.9394297977054251,0.49464285714285716,4.0,1.0,10.5,2.01,2.0
InTaNaSbO6,0.93,1.78,1.355,139.0,140.0,139.5,5.139,5.786,5.4625,0.3,0.548,0.42400000000000004,3.0,5.0,4.0,1.0,13.0,7.0,0.0,10.0,5.0,1.5,2.05,1.775,60.0,64.0,62.0,7.55,8.608,8.079,0.322,1.046,0.684,5.0,6.0,5.5,5.0,15.0,10.0,0.0,10.0,5.0,0.9783977492160396,0.44285714285714284,2.0,1.0,4.0,1.665,2.085
InTaPbHfO6,1.78,1.8,1.79,140.0,149.0,144.5,5.786,7.417,6.6015,0.3,0.357,0.3285,5.0,6.0,5.5,13.0,14.0,13.5,10.0,10.0,10.0,1.3,1.5,1.4,64.0,71.0,67.5,6.825,7.55,7.1875,0.014,0.322,0.168,6.0,6.0,6.0,4.0,5.0,4.5,0.0,0.0,0.0,0.9695030325184228,0.48214285714285715,3.0,2.0,7.0,2.04,1.65
InTaPbZrO6,1.78,1.8,1.79,140.0,149.0,144.5,5.786,7.417,6.6015,0.3,0.357,0.3285,5.0,6.0,5.5,13.0,14.0,13.5,10.0,10.0,10.0,1.33,1.5,1.415,64.0,72.0,68.0,6.634,7.55,7.0920000000000005,0.322,0.426,0.374,5.0,6.0,5.5,4.0,5.0,4.5,0.0,0.0,0.0,0.9671724963825612,0.4857142857142857,3.0,2.0,8.0,2.025,1.65
InTaSnHfO6,1.78,1.96,1.87,118.0,140.0,129.0,5.786,7.344,6.5649999999999995,0.3,1.112,0.7060000000000001,5.0,5.0,5.0,13.0,14.0,13.5,10.0,10.0,10.0,1.3,1.5,1.4,64.0,71.0,67.5,6.825,7.55,7.1875,0.014,0.322,0.168,6.0,6.0,6.0,4.0,5.0,4.5,0.0,0.0,0.0,0.9166830078996687,0.48214285714285715,3.0,2.0,7.0,2.04,1.5699999999999998
InTaSnZrO6,1.78,1.96,1.87,118.0,140.0,129.0,5.786,7.344,6.5649999999999995,0.3,1.112,0.7060000000000001,5.0,5.0,5.0,13.0,14.0,13.5,10.0,10.0,10.0,1.33,1.5,1.415,64.0,72.0,68.0,6.634,7.55,7.0920000000000005,0.322,0.426,0.374,5.0,6.0,5.5,4.0,5.0,4.5,0.0,0.0,0.0,0.9144794429768329,0.4857142857142857,3.0,2.0,8.0,2.025,1.5699999999999998
InTaSrSiO6,0.95,1.78,1.365,140.0,144.0,142.0,5.695,5.786,5.7405,0.048,0.3,0.174,5.0,5.0,5.0,2.0,13.0,7.5,0.0,10.0,5.0,1.5,1.9,1.7,40.0,64.0,52.0,7.55,8.152,7.850999999999999,0.322,1.39,0.856,3.0,6.0,4.5,5.0,14.0,9.5,0.0,0.0,0.0,1.0385630848677416,0.37142857142857144,3.0,1.0,24.0,1.74,2.075
InTaSrSnO6,0.95,1.78,1.365,140.0,144.0,142.0,5.695,5.786,5.7405,0.048,0.3,0.174,5.0,5.0,5.0,2.0,13.0,7.5,0.0,10.0,5.0,1.5,1.96,1.73,64.0,69.0,66.5,7.344,7.55,7.447,0.322,1.112,0.7170000000000001,5.0,6.0,5.5,5.0,14.0,9.5,0.0,10.0,5.0,0.9656373476736386,0.475,3.0,1.0,5.0,1.71,2.075
InTaYAlO6,1.22,1.78,1.5,107.5,140.0,123.75,5.786,6.217,6.0015,0.3,0.307,0.3035,5.0,5.0,5.0,3.0,13.0,8.0,0.0,10.0,5.0,1.5,1.61,1.5550000000000002,53.5,64.0,58.75,5.986,7.55,6.768,0.322,0.433,0.3775,3.0,6.0,4.5,5.0,13.0,9.0,0.0,0.0,0.0,0.9383618291217706,0.41964285714285715,4.0,1.0,10.5,1.8849999999999998,1.94
KNbAgNbO6,0.82,1.93,1.375,128.0,164.0,146.0,4.341,7.576,5.9585,0.501,1.302,0.9015,4.0,5.0,4.5,1.0,11.0,6.0,0.0,10.0,5.0,1.6,1.6,1.6,64.0,64.0,64.0,6.759,6.759,6.759,0.917,0.917,0.917,5.0,5.0,5.0,5.0,5.0,5.0,0.0,0.0,0.0,0.991335977545846,0.45714285714285713,2.0,0.0,0.0,1.8399999999999999,2.065
KNbBaSnO6,0.82,0.89,0.855,161.0,164.0,162.5,4.341,5.212,4.7765,0.145,0.501,0.323,4.0,6.0,5.0,1.0,2.0,1.5,0.0,0.0,0.0,1.6,1.96,1.78,64.0,69.0,66.5,6.759,7.344,7.051500000000001,0.917,1.112,1.0145,5.0,5.0,5.0,5.0,14.0,9.5,0.0,10.0,5.0,1.035834388905233,0.475,3.0,0.0,5.0,1.66,2.585
KNbBaTiO6,0.82,0.89,0.855,161.0,164.0,162.5,4.341,5.212,4.7765,0.145,0.501,0.323,4.0,6.0,5.0,1.0,2.0,1.5,0.0,0.0,0.0,1.54,1.6,1.57,60.5,64.0,62.25,6.759,6.828,6.7935,0.079,0.917,0.498,4.0,5.0,4.5,4.0,5.0,4.5,0.0,0.0,0.0,1.0576009953469994,0.4446428571428571,3.0,0.0,3.5,1.8699999999999999,2.585
KNbCaGeO6,0.82,1.0,0.9099999999999999,134.0,164.0,149.0,4.341,6.113,5.227,0.025,0.501,0.263,4.0,4.0,4.0,1.0,2.0,1.5,0.0,0.0,0.0,1.6,2.01,1.805,53.0,64.0,58.5,6.759,7.899,7.329000000000001,0.917,1.233,1.0750000000000002,4.0,5.0,4.5,5.0,14.0,9.5,0.0,10.0,5.0,1.029490477395024,0.41785714285714287,3.0,0.0,11.0,1.635,2.5300000000000002
KNbCaSiO6,0.82,1.0,0.9099999999999999,134.0,164.0,149.0,4.341,6.113,5.227,0.025,0.501,0.263,4.0,4.0,4.0,1.0,2.0,1.5,0.0,0.0,0.0,1.6,1.9,1.75,40.0,64.0,52.0,6.759,8.152,7.4555,0.917,1.39,1.1535,3.0,5.0,4.0,5.0,14.0,9.5,0.0,0.0,0.0,1.064343019598501,0.37142857142857144,3.0,0.0,24.0,1.69,2.5300000000000002
KNbCaSnO6,0.82,1.0,0.9099999999999999,134.0,164.0,149.0,4.341,6.113,5.227,0.025,0.501,0.263,4.0,4.0,4.0,1.0,2.0,1.5,0.0,0.0,0.0,1.6,1.96,1.78,64.0,69.0,66.5,6.759,7.344,7.051500000000001,0.917,1.112,1.0145,5.0,5.0,5.0,5.0,14.0,9.5,0.0,10.0,5.0,0.9896070690697928,0.475,3.0,0.0,5.0,1.66,2.5300000000000002
KNbCaTiO6,0.82,1.0,0.9099999999999999,134.0,164.0,149.0,4.341,6.113,5.227,0.025,0.501,0.263,4.0,4.0,4.0,1.0,2.0,1.5,0.0,0.0,0.0,1.54,1.6,1.57,60.5,64.0,62.25,6.759,6.828,6.7935,0.079,0.917,0.498,4.0,5.0,4.5,4.0,5.0,4.5,0.0,0.0,0.0,1.0104022732406042,0.4446428571428571,3.0,0.0,3.5,1.8699999999999999,2.5300000000000002
KNbGaNbO6,0.82,1.81,1.315,120.0,164.0,142.0,4.341,5.999,5.17,0.43,0.501,0.4655,4.0,4.0,4.0,1.0,13.0,7.0,0.0,10.0,5.0,1.6,1.6,1.6,64.0,64.0,64.0,6.759,6.759,6.759,0.917,0.917,0.917,5.0,5.0,5.0,5.0,5.0,5.0,0.0,0.0,0.0,0.977471138699051,0.45714285714285713,2.0,1.0,0.0,1.8399999999999999,2.125
KNbKSbO6,0.82,0.82,0.82,164.0,164.0,164.0,4.341,4.341,4.341,0.501,0.501,0.501,4.0,4.0,4.0,1.0,1.0,1.0,0.0,0.0,0.0,1.6,2.05,1.825,60.0,64.0,62.0,6.759,8.608,7.6835,0.917,1.046,0.9815,5.0,5.0,5.0,5.0,15.0,10.0,0.0,10.0,5.0,1.0641607003995566,0.44285714285714284,2.0,0.0,4.0,1.615,2.62
KNbLaAlO6,0.82,1.1,0.96,136.0,164.0,150.0,4.341,5.577,4.959,0.47,0.501,0.4855,4.0,6.0,5.0,1.0,3.0,2.0,0.0,0.0,0.0,1.6,1.61,1.605,53.5,64.0,58.75,5.986,6.759,6.3725000000000005,0.433,0.917,0.675,3.0,5.0,4.0,5.0,13.0,9.0,0.0,0.0,0.0,1.0317532907879183,0.41964285714285715,4.0,0.0,10.5,1.835,2.48
KNbLaGaO6,0.82,1.1,0.96,136.0,164.0,150.0,4.341,5.577,4.959,0.47,0.501,0.4855,4.0,6.0,5.0,1.0,3.0,2.0,0.0,0.0,0.0,1.6,1.81,1.705,62.0,64.0,63.0,5.999,6.759,6.379,0.43,0.917,0.6735,4.0,5.0,4.5,5.0,13.0,9.0,0.0,10.0,5.0,1.0101525445522106,0.45,4.0,0.0,2.0,1.7349999999999999,2.48
KNbLaInO6,0.82,1.1,0.96,136.0,164.0,150.0,4.341,5.577,4.959,0.47,0.501,0.4855,4.0,6.0,5.0,1.0,3.0,2.0,0.0,0.0,0.0,1.6,1.78,1.69,64.0,80.0,72.0,5.786,6.759,6.2725,0.3,0.917,0.6085,5.0,5.0,5.0,5.0,13.0,9.0,0.0,10.0,5.0,0.9672687101136734,0.5142857142857142,4.0,0.0,16.0,1.75,2.48
KNbLiNbO6,0.82,0.98,0.8999999999999999,92.0,164.0,128.0,4.341,5.392,4.8665,0.501,0.618,0.5595,2.0,4.0,3.0,1.0,1.0,1.0,0.0,0.0,0.0,1.6,1.6,1.6,64.0,64.0,64.0,6.759,6.759,6.759,0.917,0.917,0.917,5.0,5.0,5.0,5.0,5.0,5.0,0.0,0.0,0.0,0.9289442027352683,0.45714285714285713,2.0,0.0,0.0,1.8399999999999999,2.54
KNbMgTiO6,0.82,1.31,1.065,89.0,164.0,126.5,4.341,7.646,5.9935,0.0,0.501,0.2505,3.0,4.0,3.5,1.0,2.0,1.5,0.0,0.0,0.0,1.54,1.6,1.57,60.5,64.0,62.25,6.759,6.828,6.7935,0.079,0.917,0.498,4.0,5.0,4.5,4.0,5.0,4.5,0.0,0.0,0.0,0.9317377363966126,0.4446428571428571,3.0,0.0,3.5,1.8699999999999999,2.375
KNbMgZrO6,0.82,1.31,1.065,89.0,164.0,126.5,4.341,7.646,5.9935,0.0,0.501,0.2505,3.0,4.0,3.5,1.0,2.0,1.5,0.0,0.0,0.0,1.33,1.6,1.465,64.0,72.0,68.0,6.634,6.759,6.6965,0.426,0.917,0.6715,5.0,5.0,5.0,4.0,5.0,4.5,0.0,0.0,0.0,0.9059805633952639,0.4857142857142857,3.0,0.0,8.0,1.9749999999999999,2.375
KNbNaNbO6,0.82,0.93,0.875,139.0,164.0,151.5,4.341,5.139,4.74,0.501,0.548,0.5245,3.0,4.0,3.5,1.0,1.0,1.0,0.0,0.0,0.0,1.6,1.6,1.6,64.0,64.0,64.0,6.759,6.759,6.759,0.917,0.917,0.917,5.0,5.0,5.0,5.0,5.0,5.0,0.0,0.0,0.0,1.0104001309601893,0.45714285714285713,2.0,0.0,0.0,1.8399999999999999,2.565
KNbNaSbO6,0.82,0.93,0.875,139.0,164.0,151.5,4.341,5.139,4.74,0.501,0.548,0.5245,3.0,4.0,3.5,1.0,1.0,1.0,0.0,0.0,0.0,1.6,2.05,1.825,60.0,64.0,62.0,6.759,8.608,7.6835,0.917,1.046,0.9815,5.0,5.0,5.0,5.0,15.0,10.0,0.0,10.0,5.0,1.0204040926528644,0.44285714285714284,2.0,0.0,4.0,1.615,2.565
KNbPbTiO6,0.82,1.8,1.31,149.0,164.0,156.5,4.341,7.417,5.879,0.357,0.501,0.429,4.0,6.0,5.0,1.0,14.0,7.5,0.0,10.0,5.0,1.54,1.6,1.57,60.5,64.0,62.25,6.759,6.828,6.7935,0.079,0.917,0.498,4.0,5.0,4.5,4.0,5.0,4.5,0.0,0.0,0.0,1.036623785521935,0.4446428571428571,3.0,1.0,3.5,1.8699999999999999,2.13
KNbRbNbO6,0.82,0.82,0.82,164.0,172.0,168.0,4.177,4.341,4.259,0.486,0.501,0.4935,4.0,5.0,4.5,1.0,1.0,1.0,0.0,0.0,0.0,1.6,1.6,1.6,64.0,64.0,64.0,6.759,6.759,6.759,0.917,0.917,0.917,5.0,5.0,5.0,5.0,5.0,5.0,0.0,0.0,0.0,1.067592591203219,0.45714285714285713,2.0,0.0,0.0,1.8399999999999999,2.62
KNbSnTiO6,0.82,1.96,1.39,118.0,164.0,141.0,4.341,7.344,5.8425,0.501,1.112,0.8065,4.0,5.0,4.5,1.0,14.0,7.5,0.0,10.0,5.0,1.54,1.6,1.57,60.5,64.0,62.25,6.759,6.828,6.7935,0.079,0.917,0.498,4.0,5.0,4.5,4.0,5.0,4.5,0.0,0.0,0.0,0.9824326601405183,0.4446428571428571,3.0,1.0,3.5,1.8699999999999999,2.05
KNbSrGeO6,0.82,0.95,0.885,144.0,164.0,154.0,4.341,5.695,5.018000000000001,0.048,0.501,0.2745,4.0,5.0,4.5,1.0,2.0,1.5,0.0,0.0,0.0,1.6,2.01,1.805,53.0,64.0,58.5,6.759,7.899,7.329000000000001,0.917,1.233,1.0750000000000002,4.0,5.0,4.5,5.0,14.0,9.5,0.0,10.0,5.0,1.047301731329194,0.41785714285714287,3.0,0.0,11.0,1.635,2.5549999999999997
KNbSrSiO6,0.82,0.95,0.885,144.0,164.0,154.0,4.341,5.695,5.018000000000001,0.048,0.501,0.2745,4.0,5.0,4.5,1.0,2.0,1.5,0.0,0.0,0.0,1.6,1.9,1.75,40.0,64.0,52.0,6.759,8.152,7.4555,0.917,1.39,1.1535,3.0,5.0,4.0,5.0,14.0,9.5,0.0,0.0,0.0,1.0827572586919008,0.37142857142857144,3.0,0.0,24.0,1.69,2.5549999999999997
KNbSrSnO6,0.82,0.95,0.885,144.0,164.0,154.0,4.341,5.695,5.018000000000001,0.048,0.501,0.2745,4.0,5.0,4.5,1.0,2.0,1.5,0.0,0.0,0.0,1.6,1.96,1.78,64.0,69.0,66.5,6.759,7.344,7.051500000000001,0.917,1.112,1.0145,5.0,5.0,5.0,5.0,14.0,9.5,0.0,10.0,5.0,1.0067282986384742,0.475,3.0,0.0,5.0,1.66,2.5549999999999997
KNbSrTiO6,0.82,0.95,0.885,144.0,164.0,154.0,4.341,5.695,5.018000000000001,0.048,0.501,0.2745,4.0,5.0,4.5,1.0,2.0,1.5,0.0,0.0,0.0,1.54,1.6,1.57,60.5,64.0,62.25,6.759,6.828,6.7935,0.079,0.917,0.498,4.0,5.0,4.5,4.0,5.0,4.5,0.0,0.0,0.0,1.027883281428158,0.4446428571428571,3.0,0.0,3.5,1.8699999999999999,2.5549999999999997
KNbTlNbO6,0.82,1.8,1.31,164.0,170.0,167.0,4.341,6.108,5.2245,0.377,0.501,0.439,4.0,6.0,5.0,1.0,13.0,7.0,0.0,10.0,5.0,1.6,1.6,1.6,64.0,64.0,64.0,6.759,6.759,6.759,0.917,0.917,0.917,5.0,5.0,5.0,5.0,5.0,5.0,0.0,0.0,0.0,1.06412638149152,0.45714285714285713,2.0,1.0,0.0,1.8399999999999999,2.13
KNbYAlO6,0.82,1.22,1.02,107.5,164.0,135.75,4.341,6.217,5.279,0.307,0.501,0.404,4.0,5.0,4.5,1.0,3.0,2.0,0.0,0.0,0.0,1.6,1.61,1.605,53.5,64.0,58.75,5.986,6.759,6.3725000000000005,0.433,0.917,0.675,3.0,5.0,4.0,5.0,13.0,9.0,0.0,0.0,0.0,0.981055068740581,0.41964285714285715,4.0,0.0,10.5,1.835,2.42
KSbAgNbO6,0.82,1.93,1.375,128.0,164.0,146.0,4.341,7.576,5.9585,0.501,1.302,0.9015,4.0,5.0,4.5,1.0,11.0,6.0,0.0,10.0,5.0,1.6,2.05,1.825,60.0,64.0,62.0,6.759,8.608,7.6835,0.917,1.046,0.9815,5.0,5.0,5.0,5.0,15.0,10.0,0.0,10.0,5.0,1.0011511852443196,0.44285714285714284,2.0,0.0,4.0,1.615,2.065
KSbBaTiO6,0.82,0.89,0.855,161.0,164.0,162.5,4.341,5.212,4.7765,0.145,0.501,0.323,4.0,6.0,5.0,1.0,2.0,1.5,0.0,0.0,0.0,1.54,2.05,1.795,60.0,60.5,60.25,6.828,8.608,7.718,0.079,1.046,0.5625,4.0,5.0,4.5,4.0,15.0,9.5,0.0,10.0,5.0,1.0681638017924127,0.4303571428571429,3.0,0.0,0.5,1.645,2.585
KSbCaGeO6,0.82,1.0,0.9099999999999999,134.0,164.0,149.0,4.341,6.113,5.227,0.025,0.501,0.263,4.0,4.0,4.0,1.0,2.0,1.5,0.0,0.0,0.0,2.01,2.05,2.03,53.0,60.0,56.5,7.899,8.608,8.2535,1.046,1.233,1.1395,4.0,5.0,4.5,14.0,15.0,14.5,10.0,10.0,10.0,1.0399687519741079,0.4035714285714286,3.0,0.0,7.0,1.4100000000000001,2.5300000000000002
KSbCaSiO6,0.82,1.0,0.9099999999999999,134.0,164.0,149.0,4.341,6.113,5.227,0.025,0.501,0.263,4.0,4.0,4.0,1.0,2.0,1.5,0.0,0.0,0.0,1.9,2.05,1.9749999999999999,40.0,60.0,50.0,8.152,8.608,8.379999999999999,1.046,1.39,1.218,3.0,5.0,4.0,14.0,15.0,14.5,0.0,10.0,5.0,1.075546630331117,0.35714285714285715,3.0,0.0,20.0,1.465,2.5300000000000002
KSbCaSnO6,0.82,1.0,0.9099999999999999,134.0,164.0,149.0,4.341,6.113,5.227,0.025,0.501,0.263,4.0,4.0,4.0,1.0,2.0,1.5,0.0,0.0,0.0,1.96,2.05,2.005,60.0,69.0,64.5,7.344,8.608,7.976000000000001,1.046,1.112,1.0790000000000002,5.0,5.0,5.0,14.0,15.0,14.5,10.0,10.0,10.0,0.9992853778137517,0.4607142857142857,3.0,0.0,9.0,1.435,2.5300000000000002
KSbCaTiO6,0.82,1.0,0.9099999999999999,134.0,164.0,149.0,4.341,6.113,5.227,0.025,0.501,0.263,4.0,4.0,4.0,1.0,2.0,1.5,0.0,0.0,0.0,1.54,2.05,1.795,60.0,60.5,60.25,6.828,8.608,7.718,0.079,1.046,0.5625,4.0,5.0,4.5,4.0,15.0,9.5,0.0,10.0,5.0,1.0204936817124206,0.4303571428571429,3.0,0.0,0.5,1.645,2.5300000000000002
KSbGaNbO6,0.82,1.81,1.315,120.0,164.0,142.0,4.341,5.999,5.17,0.43,0.501,0.4655,4.0,4.0,4.0,1.0,13.0,7.0,0.0,10.0,5.0,1.6,2.05,1.825,60.0,64.0,62.0,6.759,8.608,7.6835,0.917,1.046,0.9815,5.0,5.0,5.0,5.0,15.0,10.0,0.0,10.0,5.0,0.9871490707653782,0.44285714285714284,2.0,1.0,4.0,1.615,2.125
KSbLaAlO6,0.82,1.1,0.96,136.0,164.0,150.0,4.341,5.577,4.959,0.47,0.501,0.4855,4.0,6.0,5.0,1.0,3.0,2.0,0.0,0.0,0.0,1.61,2.05,1.83,53.5,60.0,56.75,5.986,8.608,7.297000000000001,0.433,1.046,0.7395,3.0,5.0,4.0,13.0,15.0,14.0,0.0,10.0,5.0,1.042241253083094,0.40535714285714286,4.0,0.0,6.5,1.6099999999999999,2.48
KSbLaGaO6,0.82,1.1,0.96,136.0,164.0,150.0,4.341,5.577,4.959,0.47,0.501,0.4855,4.0,6.0,5.0,1.0,3.0,2.0,0.0,0.0,0.0,1.81,2.05,1.93,60.0,62.0,61.0,5.999,8.608,7.3035,0.43,1.046,0.738,4.0,5.0,4.5,13.0,15.0,14.0,10.0,10.0,10.0,1.0202038136522327,0.4357142857142857,4.0,0.0,2.0,1.51,2.48
KSbLaInO6,0.82,1.1,0.96,136.0,164.0,150.0,4.341,5.577,4.959,0.47,0.501,0.4855,4.0,6.0,5.0,1.0,3.0,2.0,0.0,0.0,0.0,1.78,2.05,1.915,60.0,80.0,70.0,5.786,8.608,7.197,0.3,1.046,0.673,5.0,5.0,5.0,13.0,15.0,14.0,10.0,10.0,10.0,0.976480793067137,0.5,4.0,0.0,20.0,1.525,2.48
KSbLiNbO6,0.82,0.98,0.8999999999999999,92.0,164.0,128.0,4.341,5.392,4.8665,0.501,0.618,0.5595,2.0,4.0,3.0,1.0,1.0,1.0,0.0,0.0,0.0,1.6,2.05,1.825,60.0,64.0,62.0,6.759,8.608,7.6835,0.917,1.046,0.9815,5.0,5.0,5.0,5.0,15.0,10.0,0.0,10.0,5.0,0.9381416700890828,0.44285714285714284,2.0,0.0,4.0,1.615,2.54
KSbLiVO6,0.82,0.98,0.8999999999999999,92.0,164.0,128.0,4.341,5.392,4.8665,0.501,0.618,0.5595,2.0,4.0,3.0,1.0,1.0,1.0,0.0,0.0,0.0,1.63,2.05,1.8399999999999999,54.0,60.0,57.0,6.746,8.608,7.6770000000000005,0.525,1.046,0.7855000000000001,4.0,5.0,4.5,5.0,15.0,10.0,0.0,10.0,5.0,0.9619523723756077,0.40714285714285714,2.0,0.0,6.0,1.6,2.54
KSbMgTiO6,0.82,1.31,1.065,89.0,164.0,126.5,4.341,7.646,5.9935,0.0,0.501,0.2505,3.0,4.0,3.5,1.0,2.0,1.5,0.0,0.0,0.0,1.54,2.05,1.795,60.0,60.5,60.25,6.828,8.608,7.718,0.079,1.046,0.5625,4.0,5.0,4.5,4.0,15.0,9.5,0.0,10.0,5.0,0.9410434815791007,0.4303571428571429,3.0,0.0,0.5,1.645,2.375
KSbMgZrO6,0.82,1.31,1.065,89.0,164.0,126.5,4.341,7.646,5.9935,0.0,0.501,0.2505,3.0,4.0,3.5,1.0,2.0,1.5,0.0,0.0,0.0,1.33,2.05,1.69,60.0,72.0,66.0,6.634,8.608,7.621,0.426,1.046,0.736,5.0,5.0,5.0,4.0,15.0,9.5,0.0,10.0,5.0,0.914776491195218,0.4714285714285714,3.0,0.0,12.0,1.75,2.375
KSbNaNbO6,0.82,0.93,0.875,139.0,164.0,151.5,4.341,5.139,4.74,0.501,0.548,0.5245,3.0,4.0,3.5,1.0,1.0,1.0,0.0,0.0,0.0,1.6,2.05,1.825,60.0,64.0,62.0,6.759,8.608,7.6835,0.917,1.046,0.9815,5.0,5.0,5.0,5.0,15.0,10.0,0.0,10.0,5.0,1.0204040926528644,0.44285714285714284,2.0,0.0,4.0,1.615,2.565
KSbNaVO6,0.82,0.93,0.875,139.0,164.0,151.5,4.341,5.139,4.74,0.501,0.548,0.5245,3.0,4.0,3.5,1.0,1.0,1.0,0.0,0.0,0.0,1.63,2.05,1.8399999999999999,54.0,60.0,57.0,6.746,8.608,7.6770000000000005,0.525,1.046,0.7855000000000001,4.0,5.0,4.5,5.0,15.0,10.0,0.0,10.0,5.0,1.0463026736846628,0.40714285714285714,2.0,0.0,6.0,1.6,2.565
KSbPbTiO6,0.82,1.8,1.31,149.0,164.0,156.5,4.341,7.417,5.879,0.357,0.501,0.429,4.0,6.0,5.0,1.0,14.0,7.5,0.0,10.0,5.0,1.54,2.05,1.795,60.0,60.5,60.25,6.828,8.608,7.718,0.079,1.046,0.5625,4.0,5.0,4.5,4.0,15.0,9.5,0.0,10.0,5.0,1.0469770817568607,0.4303571428571429,3.0,1.0,0.5,1.645,2.13
KSbRbNbO6,0.82,0.82,0.82,164.0,172.0,168.0,4.177,4.341,4.259,0.486,0.501,0.4935,4.0,5.0,4.5,1.0,1.0,1.0,0.0,0.0,0.0,1.6,2.05,1.825,60.0,64.0,62.0,6.759,8.608,7.6835,0.917,1.046,0.9815,5.0,5.0,5.0,5.0,15.0,10.0,0.0,10.0,5.0,1.078162814878498,0.44285714285714284,2.0,0.0,4.0,1.615,2.62
KSbSnHfO6,0.82,1.96,1.39,118.0,164.0,141.0,4.341,7.344,5.8425,0.501,1.112,0.8065,4.0,5.0,4.5,1.0,14.0,7.5,0.0,10.0,5.0,1.3,2.05,1.6749999999999998,60.0,71.0,65.5,6.825,8.608,7.7165,0.014,1.046,0.53,5.0,6.0,5.5,4.0,15.0,9.5,0.0,10.0,5.0,0.9668954039582474,0.46785714285714286,3.0,1.0,11.0,1.7650000000000001,2.05
KSbSnTiO6,0.82,1.96,1.39,118.0,164.0,141.0,4.341,7.344,5.8425,0.501,1.112,0.8065,4.0,5.0,4.5,1.0,14.0,7.5,0.0,10.0,5.0,1.54,2.05,1.795,60.0,60.5,60.25,6.828,8.608,7.718,0.079,1.046,0.5625,4.0,5.0,4.5,4.0,15.0,9.5,0.0,10.0,5.0,0.992244721665018,0.4303571428571429,3.0,1.0,0.5,1.645,2.05
KSbSrSiO6,0.82,0.95,0.885,144.0,164.0,154.0,4.341,5.695,5.018000000000001,0.048,0.501,0.2745,4.0,5.0,4.5,1.0,2.0,1.5,0.0,0.0,0.0,1.9,2.05,1.9749999999999999,40.0,60.0,50.0,8.152,8.608,8.379999999999999,1.046,1.39,1.218,3.0,5.0,4.0,14.0,15.0,14.5,0.0,10.0,5.0,1.0941547035202366,0.35714285714285715,3.0,0.0,20.0,1.465,2.5549999999999997
KSbSrSnO6,0.82,0.95,0.885,144.0,164.0,154.0,4.341,5.695,5.018000000000001,0.048,0.501,0.2745,4.0,5.0,4.5,1.0,2.0,1.5,0.0,0.0,0.0,1.96,2.05,2.005,60.0,69.0,64.5,7.344,8.608,7.976000000000001,1.046,1.112,1.0790000000000002,5.0,5.0,5.0,14.0,15.0,14.5,10.0,10.0,10.0,1.016574052170391,0.4607142857142857,3.0,0.0,9.0,1.435,2.5549999999999997
KSbSrTiO6,0.82,0.95,0.885,144.0,164.0,154.0,4.341,5.695,5.018000000000001,0.048,0.501,0.2745,4.0,5.0,4.5,1.0,2.0,1.5,0.0,0.0,0.0,1.54,2.05,1.795,60.0,60.5,60.25,6.828,8.608,7.718,0.079,1.046,0.5625,4.0,5.0,4.5,4.0,15.0,9.5,0.0,10.0,5.0,1.0381492817420472,0.4303571428571429,3.0,0.0,0.5,1.645,2.5549999999999997
KSbTlNbO6,0.82,1.8,1.31,164.0,170.0,167.0,4.341,6.108,5.2245,0.377,0.501,0.439,4.0,6.0,5.0,1.0,13.0,7.0,0.0,10.0,5.0,1.6,2.05,1.825,60.0,64.0,62.0,6.759,8.608,7.6835,0.917,1.046,0.9815,5.0,5.0,5.0,5.0,15.0,10.0,0.0,10.0,5.0,1.0746622862587627,0.44285714285714284,2.0,1.0,4.0,1.615,2.13
KSbYAlO6,0.82,1.22,1.02,107.5,164.0,135.75,4.341,6.217,5.279,0.307,0.501,0.404,4.0,5.0,4.5,1.0,3.0,2.0,0.0,0.0,0.0,1.61,2.05,1.83,53.5,60.0,56.75,5.986,8.608,7.297000000000001,0.433,1.046,0.7395,3.0,5.0,4.0,13.0,15.0,14.0,0.0,10.0,5.0,0.9910276742678041,0.40535714285714286,4.0,0.0,6.5,1.6099999999999999,2.42
KTaAgNbO6,0.82,1.93,1.375,128.0,164.0,146.0,4.341,7.576,5.9585,0.501,1.302,0.9015,4.0,5.0,4.5,1.0,11.0,6.0,0.0,10.0,5.0,1.5,1.6,1.55,64.0,64.0,64.0,6.759,7.55,7.1545000000000005,0.322,0.917,0.6195,5.0,6.0,5.5,5.0,5.0,5.0,0.0,0.0,0.0,0.991335977545846,0.45714285714285713,2.0,0.0,0.0,1.89,2.065
KTaAgTaO6,0.82,1.93,1.375,128.0,164.0,146.0,4.341,7.576,5.9585,0.501,1.302,0.9015,4.0,5.0,4.5,1.0,11.0,6.0,0.0,10.0,5.0,1.5,1.5,1.5,64.0,64.0,64.0,7.55,7.55,7.55,0.322,0.322,0.322,6.0,6.0,6.0,5.0,5.0,5.0,0.0,0.0,0.0,0.991335977545846,0.45714285714285713,2.0,0.0,0.0,1.94,2.065
KTaBaSnO6,0.82,0.89,0.855,161.0,164.0,162.5,4.341,5.212,4.7765,0.145,0.501,0.323,4.0,6.0,5.0,1.0,2.0,1.5,0.0,0.0,0.0,1.5,1.96,1.73,64.0,69.0,66.5,7.344,7.55,7.447,0.322,1.112,0.7170000000000001,5.0,6.0,5.5,5.0,14.0,9.5,0.0,10.0,5.0,1.035834388905233,0.475,3.0,0.0,5.0,1.71,2.585
KTaBaTiO6,0.82,0.89,0.855,161.0,164.0,162.5,4.341,5.212,4.7765,0.145,0.501,0.323,4.0,6.0,5.0,1.0,2.0,1.5,0.0,0.0,0.0,1.5,1.54,1.52,60.5,64.0,62.25,6.828,7.55,7.189,0.079,0.322,0.2005,4.0,6.0,5.0,4.0,5.0,4.5,0.0,0.0,0.0,1.0576009953469994,0.4446428571428571,3.0,0.0,3.5,1.92,2.585
KTaCaGeO6,0.82,1.0,0.9099999999999999,134.0,164.0,149.0,4.341,6.113,5.227,0.025,0.501,0.263,4.0,4.0,4.0,1.0,2.0,1.5,0.0,0.0,0.0,1.5,2.01,1.755,53.0,64.0,58.5,7.55,7.899,7.7245,0.322,1.233,0.7775000000000001,4.0,6.0,5.0,5.0,14.0,9.5,0.0,10.0,5.0,1.029490477395024,0.41785714285714287,3.0,0.0,11.0,1.685,2.5300000000000002
KTaCaHfO6,0.82,1.0,0.9099999999999999,134.0,164.0,149.0,4.341,6.113,5.227,0.025,0.501,0.263,4.0,4.0,4.0,1.0,2.0,1.5,0.0,0.0,0.0,1.3,1.5,1.4,64.0,71.0,67.5,6.825,7.55,7.1875,0.014,0.322,0.168,6.0,6.0,6.0,4.0,5.0,4.5,0.0,0.0,0.0,0.9848378783754805,0.48214285714285715,3.0,0.0,7.0,2.04,2.5300000000000002
KTaCaSiO6,0.82,1.0,0.9099999999999999,134.0,164.0,149.0,4.341,6.113,5.227,0.025,0.501,0.263,4.0,4.0,4.0,1.0,2.0,1.5,0.0,0.0,0.0,1.5,1.9,1.7,40.0,64.0,52.0,7.55,8.152,7.850999999999999,0.322,1.39,0.856,3.0,6.0,4.5,5.0,14.0,9.5,0.0,0.0,0.0,1.064343019598501,0.37142857142857144,3.0,0.0,24.0,1.74,2.5300000000000002
KTaCaSnO6,0.82,1.0,0.9099999999999999,134.0,164.0,149.0,4.341,6.113,5.227,0.025,0.501,0.263,4.0,4.0,4.0,1.0,2.0,1.5,0.0,0.0,0.0,1.5,1.96,1.73,64.0,69.0,66.5,7.344,7.55,7.447,0.322,1.112,0.7170000000000001,5.0,6.0,5.5,5.0,14.0,9.5,0.0,10.0,5.0,0.9896070690697928,0.475,3.0,0.0,5.0,1.71,2.5300000000000002
KTaCaTiO6,0.82,1.0,0.9099999999999999,134.0,164.0,149.0,4.341,6.113,5.227,0.025,0.501,0.263,4.0,4.0,4.0,1.0,2.0,1.5,0.0,0.0,0.0,1.5,1.54,1.52,60.5,64.0,62.25,6.828,7.55,7.189,0.079,0.322,0.2005,4.0,6.0,5.0,4.0,5.0,4.5,0.0,0.0,0.0,1.0104022732406042,0.4446428571428571,3.0,0.0,3.5,1.92,2.5300000000000002
KTaCaZrO6,0.82,1.0,0.9099999999999999,134.0,164.0,149.0,4.341,6.113,5.227,0.025,0.501,0.263,4.0,4.0,4.0,1.0,2.0,1.5,0.0,0.0,0.0,1.33,1.5,1.415,64.0,72.0,68.0,6.634,7.55,7.0920000000000005,0.322,0.426,0.374,5.0,6.0,5.5,4.0,5.0,4.5,0.0,0.0,0.0,0.9824704796293856,0.4857142857142857,3.0,0.0,8.0,2.025,2.5300000000000002
KTaCsNbO6,0.79,0.82,0.8049999999999999,164.0,188.0,176.0,3.894,4.341,4.1175,0.472,0.501,0.4865,4.0,6.0,5.0,1.0,1.0,1.0,0.0,0.0,0.0,1.5,1.6,1.55,64.0,64.0,64.0,6.759,7.55,7.1545000000000005,0.322,0.917,0.6195,5.0,6.0,5.5,5.0,5.0,5.0,0.0,0.0,0.0,1.095322268896809,0.45714285714285713,2.0,0.0,0.0,1.89,2.635
KTaCsVO6,0.79,0.82,0.8049999999999999,164.0,188.0,176.0,3.894,4.341,4.1175,0.472,0.501,0.4865,4.0,6.0,5.0,1.0,1.0,1.0,0.0,0.0,0.0,1.5,1.63,1.565,54.0,64.0,59.0,6.746,7.55,7.148,0.322,0.525,0.4235,4.0,6.0,5.0,5.0,5.0,5.0,0.0,0.0,0.0,1.1228429289193418,0.42142857142857143,2.0,0.0,10.0,1.875,2.635
KTaGaNbO6,0.82,1.81,1.315,120.0,164.0,142.0,4.341,5.999,5.17,0.43,0.501,0.4655,4.0,4.0,4.0,1.0,13.0,7.0,0.0,10.0,5.0,1.5,1.6,1.55,64.0,64.0,64.0,6.759,7.55,7.1545000000000005,0.322,0.917,0.6195,5.0,6.0,5.5,5.0,5.0,5.0,0.0,0.0,0.0,0.977471138699051,0.45714285714285713,2.0,1.0,0.0,1.89,2.125
KTaGaTaO6,0.82,1.81,1.315,120.0,164.0,142.0,4.341,5.999,5.17,0.43,0.501,0.4655,4.0,4.0,4.0,1.0,13.0,7.0,0.0,10.0,5.0,1.5,1.5,1.5,64.0,64.0,64.0,7.55,7.55,7.55,0.322,0.322,0.322,6.0,6.0,6.0,5.0,5.0,5.0,0.0,0.0,0.0,0.977471138699051,0.45714285714285713,2.0,1.0,0.0,1.94,2.125
KTaKNbO6,0.82,0.82,0.82,164.0,164.0,164.0,4.341,4.341,4.341,0.501,0.501,0.501,4.0,4.0,4.0,1.0,1.0,1.0,0.0,0.0,0.0,1.5,1.6,1.55,64.0,64.0,64.0,6.759,7.55,7.1545000000000005,0.322,0.917,0.6195,5.0,6.0,5.5,5.0,5.0,5.0,0.0,0.0,0.0,1.0537277523564237,0.45714285714285713,2.0,0.0,0.0,1.89,2.62
KTaKSbO6,0.82,0.82,0.82,164.0,164.0,164.0,4.341,4.341,4.341,0.501,0.501,0.501,4.0,4.0,4.0,1.0,1.0,1.0,0.0,0.0,0.0,1.5,2.05,1.775,60.0,64.0,62.0,7.55,8.608,8.079,0.322,1.046,0.684,5.0,6.0,5.5,5.0,15.0,10.0,0.0,10.0,5.0,1.0641607003995566,0.44285714285714284,2.0,0.0,4.0,1.665,2.62
KTaLaAlO6,0.82,1.1,0.96,136.0,164.0,150.0,4.341,5.577,4.959,0.47,0.501,0.4855,4.0,6.0,5.0,1.0,3.0,2.0,0.0,0.0,0.0,1.5,1.61,1.5550000000000002,53.5,64.0,58.75,5.986,7.55,6.768,0.322,0.433,0.3775,3.0,6.0,4.5,5.0,13.0,9.0,0.0,0.0,0.0,1.0317532907879183,0.41964285714285715,4.0,0.0,10.5,1.8849999999999998,2.48
KTaLaGaO6,0.82,1.1,0.96,136.0,164.0,150.0,4.341,5.577,4.959,0.47,0.501,0.4855,4.0,6.0,5.0,1.0,3.0,2.0,0.0,0.0,0.0,1.5,1.81,1.655,62.0,64.0,63.0,5.999,7.55,6.7745,0.322,0.43,0.376,4.0,6.0,5.0,5.0,13.0,9.0,0.0,10.0,5.0,1.0101525445522106,0.45,4.0,0.0,2.0,1.785,2.48
KTaLaInO6,0.82,1.1,0.96,136.0,164.0,150.0,4.341,5.577,4.959,0.47,0.501,0.4855,4.0,6.0,5.0,1.0,3.0,2.0,0.0,0.0,0.0,1.5,1.78,1.6400000000000001,64.0,80.0,72.0,5.786,7.55,6.667999999999999,0.3,0.322,0.311,5.0,6.0,5.5,5.0,13.0,9.0,0.0,10.0,5.0,0.9672687101136734,0.5142857142857142,4.0,0.0,16.0,1.7999999999999998,2.48
KTaLaScO6,0.82,1.1,0.96,136.0,164.0,150.0,4.341,5.577,4.959,0.47,0.501,0.4855,4.0,6.0,5.0,1.0,3.0,2.0,0.0,0.0,0.0,1.36,1.5,1.4300000000000002,64.0,74.5,69.25,6.561,7.55,7.0555,0.188,0.322,0.255,4.0,6.0,5.0,3.0,5.0,4.0,0.0,0.0,0.0,0.9799807242250838,0.49464285714285716,4.0,0.0,10.5,2.01,2.48
KTaLiNbO6,0.82,0.98,0.8999999999999999,92.0,164.0,128.0,4.341,5.392,4.8665,0.501,0.618,0.5595,2.0,4.0,3.0,1.0,1.0,1.0,0.0,0.0,0.0,1.5,1.6,1.55,64.0,64.0,64.0,6.759,7.55,7.1545000000000005,0.322,0.917,0.6195,5.0,6.0,5.5,5.0,5.0,5.0,0.0,0.0,0.0,0.9289442027352683,0.45714285714285713,2.0,0.0,0.0,1.89,2.54
KTaLiTaO6,0.82,0.98,0.8999999999999999,92.0,164.0,128.0,4.341,5.392,4.8665,0.501,0.618,0.5595,2.0,4.0,3.0,1.0,1.0,1.0,0.0,0.0,0.0,1.5,1.5,1.5,64.0,64.0,64.0,7.55,7.55,7.55,0.322,0.322,0.322,6.0,6.0,6.0,5.0,5.0,5.0,0.0,0.0,0.0,0.9289442027352683,0.45714285714285713,2.0,0.0,0.0,1.94,2.54
KTaLiVO6,0.82,0.98,0.8999999999999999,92.0,164.0,128.0,4.341,5.392,4.8665,0.501,0.618,0.5595,2.0,4.0,3.0,1.0,1.0,1.0,0.0,0.0,0.0,1.5,1.63,1.565,54.0,64.0,59.0,6.746,7.55,7.148,0.322,0.525,0.4235,4.0,6.0,5.0,5.0,5.0,5.0,0.0,0.0,0.0,0.952284509336657,0.42142857142857143,2.0,0.0,10.0,1.875,2.54
KTaMgTiO6,0.82,1.31,1.065,89.0,164.0,126.5,4.341,7.646,5.9935,0.0,0.501,0.2505,3.0,4.0,3.5,1.0,2.0,1.5,0.0,0.0,0.0,1.5,1.54,1.52,60.5,64.0,62.25,6.828,7.55,7.189,0.079,0.322,0.2005,4.0,6.0,5.0,4.0,5.0,4.5,0.0,0.0,0.0,0.9317377363966126,0.4446428571428571,3.0,0.0,3.5,1.92,2.375
KTaMgZrO6,0.82,1.31,1.065,89.0,164.0,126.5,4.341,7.646,5.9935,0.0,0.501,0.2505,3.0,4.0,3.5,1.0,2.0,1.5,0.0,0.0,0.0,1.33,1.5,1.415,64.0,72.0,68.0,6.634,7.55,7.0920000000000005,0.322,0.426,0.374,5.0,6.0,5.5,4.0,5.0,4.5,0.0,0.0,0.0,0.9059805633952639,0.4857142857142857,3.0,0.0,8.0,2.025,2.375
KTaNaNbO6,0.82,0.93,0.875,139.0,164.0,151.5,4.341,5.139,4.74,0.501,0.548,0.5245,3.0,4.0,3.5,1.0,1.0,1.0,0.0,0.0,0.0,1.5,1.6,1.55,64.0,64.0,64.0,6.759,7.55,7.1545000000000005,0.322,0.917,0.6195,5.0,6.0,5.5,5.0,5.0,5.0,0.0,0.0,0.0,1.0104001309601893,0.45714285714285713,2.0,0.0,0.0,1.89,2.565
KTaNaSbO6,0.82,0.93,0.875,139.0,164.0,151.5,4.341,5.139,4.74,0.501,0.548,0.5245,3.0,4.0,3.5,1.0,1.0,1.0,0.0,0.0,0.0,1.5,2.05,1.775,60.0,64.0,62.0,7.55,8.608,8.079,0.322,1.046,0.684,5.0,6.0,5.5,5.0,15.0,10.0,0.0,10.0,5.0,1.0204040926528644,0.44285714285714284,2.0,0.0,4.0,1.665,2.565
KTaNaTaO6,0.82,0.93,0.875,139.0,164.0,151.5,4.341,5.139,4.74,0.501,0.548,0.5245,3.0,4.0,3.5,1.0,1.0,1.0,0.0,0.0,0.0,1.5,1.5,1.5,64.0,64.0,64.0,7.55,7.55,7.55,0.322,0.322,0.322,6.0,6.0,6.0,5.0,5.0,5.0,0.0,0.0,0.0,1.0104001309601893,0.45714285714285713,2.0,0.0,0.0,1.94,2.565
KTaNaVO6,0.82,0.93,0.875,139.0,164.0,151.5,4.341,5.139,4.74,0.501,0.548,0.5245,3.0,4.0,3.5,1.0,1.0,1.0,0.0,0.0,0.0,1.5,1.63,1.565,54.0,64.0,59.0,6.746,7.55,7.148,0.322,0.525,0.4235,4.0,6.0,5.0,5.0,5.0,5.0,0.0,0.0,0.0,1.0357870689240132,0.42142857142857143,2.0,0.0,10.0,1.875,2.565
KTaPbHfO6,0.82,1.8,1.31,149.0,164.0,156.5,4.341,7.417,5.879,0.357,0.501,0.429,4.0,6.0,5.0,1.0,14.0,7.5,0.0,10.0,5.0,1.3,1.5,1.4,64.0,71.0,67.5,6.825,7.55,7.1875,0.014,0.322,0.168,6.0,6.0,6.0,4.0,5.0,4.5,0.0,0.0,0.0,1.0103959548039099,0.48214285714285715,3.0,1.0,7.0,2.04,2.13
KTaPbTiO6,0.82,1.8,1.31,149.0,164.0,156.5,4.341,7.417,5.879,0.357,0.501,0.429,4.0,6.0,5.0,1.0,14.0,7.5,0.0,10.0,5.0,1.5,1.54,1.52,60.5,64.0,62.25,6.828,7.55,7.189,0.079,0.322,0.2005,4.0,6.0,5.0,4.0,5.0,4.5,0.0,0.0,0.0,1.036623785521935,0.4446428571428571,3.0,1.0,3.5,1.92,2.13
KTaPbZrO6,0.82,1.8,1.31,149.0,164.0,156.5,4.341,7.417,5.879,0.357,0.501,0.429,4.0,6.0,5.0,1.0,14.0,7.5,0.0,10.0,5.0,1.33,1.5,1.415,64.0,72.0,68.0,6.634,7.55,7.0920000000000005,0.322,0.426,0.374,5.0,6.0,5.5,4.0,5.0,4.5,0.0,0.0,0.0,1.0079671183740928,0.4857142857142857,3.0,1.0,8.0,2.025,2.13
KTaRbNbO6,0.82,0.82,0.82,164.0,172.0,168.0,4.177,4.341,4.259,0.486,0.501,0.4935,4.0,5.0,4.5,1.0,1.0,1.0,0.0,0.0,0.0,1.5,1.6,1.55,64.0,64.0,64.0,6.759,7.55,7.1545000000000005,0.322,0.917,0.6195,5.0,6.0,5.5,5.0,5.0,5.0,0.0,0.0,0.0,1.067592591203219,0.45714285714285713,2.0,0.0,0.0,1.89,2.62
KTaRbTaO6,0.82,0.82,0.82,164.0,172.0,168.0,4.177,4.341,4.259,0.486,0.501,0.4935,4.0,5.0,4.5,1.0,1.0,1.0,0.0,0.0,0.0,1.5,1.5,1.5,64.0,64.0,64.0,7.55,7.55,7.55,0.322,0.322,0.322,6.0,6.0,6.0,5.0,5.0,5.0,0.0,0.0,0.0,1.067592591203219,0.45714285714285713,2.0,0.0,0.0,1.94,2.62
KTaSnHfO6,0.82,1.96,1.39,118.0,164.0,141.0,4.341,7.344,5.8425,0.501,1.112,0.8065,4.0,5.0,4.5,1.0,14.0,7.5,0.0,10.0,5.0,1.3,1.5,1.4,64.0,71.0,67.5,6.825,7.55,7.1875,0.014,0.322,0.168,6.0,6.0,6.0,4.0,5.0,4.5,0.0,0.0,0.0,0.9575759301851557,0.48214285714285715,3.0,1.0,7.0,2.04,2.05
KTaSnTiO6,0.82,1.96,1.39,118.0,164.0,141.0,4.341,7.344,5.8425,0.501,1.112,0.8065,4.0,5.0,4.5,1.0,14.0,7.5,0.0,10.0,5.0,1.5,1.54,1.52,60.5,64.0,62.25,6.828,7.55,7.189,0.079,0.322,0.2005,4.0,6.0,5.0,4.0,5.0,4.5,0.0,0.0,0.0,0.9824326601405183,0.4446428571428571,3.0,1.0,3.5,1.92,2.05
KTaSnZrO6,0.82,1.96,1.39,118.0,164.0,141.0,4.341,7.344,5.8425,0.501,1.112,0.8065,4.0,5.0,4.5,1.0,14.0,7.5,0.0,10.0,5.0,1.33,1.5,1.415,64.0,72.0,68.0,6.634,7.55,7.0920000000000005,0.322,0.426,0.374,5.0,6.0,5.5,4.0,5.0,4.5,0.0,0.0,0.0,0.9552740649683645,0.4857142857142857,3.0,1.0,8.0,2.025,2.05
KTaSrGeO6,0.82,0.95,0.885,144.0,164.0,154.0,4.341,5.695,5.018000000000001,0.048,0.501,0.2745,4.0,5.0,4.5,1.0,2.0,1.5,0.0,0.0,0.0,1.5,2.01,1.755,53.0,64.0,58.5,7.55,7.899,7.7245,0.322,1.233,0.7775000000000001,4.0,6.0,5.0,5.0,14.0,9.5,0.0,10.0,5.0,1.047301731329194,0.41785714285714287,3.0,0.0,11.0,1.685,2.5549999999999997
KTaSrHfO6,0.82,0.95,0.885,144.0,164.0,154.0,4.341,5.695,5.018000000000001,0.048,0.501,0.2745,4.0,5.0,4.5,1.0,2.0,1.5,0.0,0.0,0.0,1.3,1.5,1.4,64.0,71.0,67.5,6.825,7.55,7.1875,0.014,0.322,0.168,6.0,6.0,6.0,4.0,5.0,4.5,0.0,0.0,0.0,1.0018765959944336,0.48214285714285715,3.0,0.0,7.0,2.04,2.5549999999999997
KTaSrSiO6,0.82,0.95,0.885,144.0,164.0,154.0,4.341,5.695,5.018000000000001,0.048,0.501,0.2745,4.0,5.0,4.5,1.0,2.0,1.5,0.0,0.0,0.0,1.5,1.9,1.7,40.0,64.0,52.0,7.55,8.152,7.850999999999999,0.322,1.39,0.856,3.0,6.0,4.5,5.0,14.0,9.5,0.0,0.0,0.0,1.0827572586919008,0.37142857142857144,3.0,0.0,24.0,1.74,2.5549999999999997
KTaSrSnO6,0.82,0.95,0.885,144.0,164.0,154.0,4.341,5.695,5.018000000000001,0.048,0.501,0.2745,4.0,5.0,4.5,1.0,2.0,1.5,0.0,0.0,0.0,1.5,1.96,1.73,64.0,69.0,66.5,7.344,7.55,7.447,0.322,1.112,0.7170000000000001,5.0,6.0,5.5,5.0,14.0,9.5,0.0,10.0,5.0,1.0067282986384742,0.475,3.0,0.0,5.0,1.71,2.5549999999999997
KTaSrTiO6,0.82,0.95,0.885,144.0,164.0,154.0,4.341,5.695,5.018000000000001,0.048,0.501,0.2745,4.0,5.0,4.5,1.0,2.0,1.5,0.0,0.0,0.0,1.5,1.54,1.52,60.5,64.0,62.25,6.828,7.55,7.189,0.079,0.322,0.2005,4.0,6.0,5.0,4.0,5.0,4.5,0.0,0.0,0.0,1.027883281428158,0.4446428571428571,3.0,0.0,3.5,1.92,2.5549999999999997
KTaSrZrO6,0.82,0.95,0.885,144.0,164.0,154.0,4.341,5.695,5.018000000000001,0.048,0.501,0.2745,4.0,5.0,4.5,1.0,2.0,1.5,0.0,0.0,0.0,1.33,1.5,1.415,64.0,72.0,68.0,6.634,7.55,7.0920000000000005,0.322,0.426,0.374,5.0,6.0,5.5,4.0,5.0,4.5,0.0,0.0,0.0,0.9994682387925238,0.4857142857142857,3.0,0.0,8.0,2.025,2.5549999999999997
KTaTlNbO6,0.82,1.8,1.31,164.0,170.0,167.0,4.341,6.108,5.2245,0.377,0.501,0.439,4.0,6.0,5.0,1.0,13.0,7.0,0.0,10.0,5.0,1.5,1.6,1.55,64.0,64.0,64.0,6.759,7.55,7.1545000000000005,0.322,0.917,0.6195,5.0,6.0,5.5,5.0,5.0,5.0,0.0,0.0,0.0,1.06412638149152,0.45714285714285713,2.0,1.0,0.0,1.89,2.13
KTaTlTaO6,0.82,1.8,1.31,164.0,170.0,167.0,4.341,6.108,5.2245,0.377,0.501,0.439,4.0,6.0,5.0,1.0,13.0,7.0,0.0,10.0,5.0,1.5,1.5,1.5,64.0,64.0,64.0,7.55,7.55,7.55,0.322,0.322,0.322,6.0,6.0,6.0,5.0,5.0,5.0,0.0,0.0,0.0,1.06412638149152,0.45714285714285713,2.0,1.0,0.0,1.94,2.13
KTaYAlO6,0.82,1.22,1.02,107.5,164.0,135.75,4.341,6.217,5.279,0.307,0.501,0.404,4.0,5.0,4.5,1.0,3.0,2.0,0.0,0.0,0.0,1.5,1.61,1.5550000000000002,53.5,64.0,58.75,5.986,7.55,6.768,0.322,0.433,0.3775,3.0,6.0,4.5,5.0,13.0,9.0,0.0,0.0,0.0,0.981055068740581,0.41964285714285715,4.0,0.0,10.5,1.8849999999999998,2.42
LaAlLaGaO6,1.1,1.1,1.1,136.0,136.0,136.0,5.577,5.577,5.577,0.47,0.47,0.47,6.0,6.0,6.0,3.0,3.0,3.0,0.0,0.0,0.0,1.61,1.81,1.71,53.5,62.0,57.75,5.986,5.999,5.9925,0.43,0.433,0.4315,3.0,4.0,3.5,13.0,13.0,13.0,0.0,10.0,5.0,0.9869100966244606,0.4125,6.0,0.0,8.5,1.73,2.34
LaAlLaInO6,1.1,1.1,1.1,136.0,136.0,136.0,5.577,5.577,5.577,0.47,0.47,0.47,6.0,6.0,6.0,3.0,3.0,3.0,0.0,0.0,0.0,1.61,1.78,1.695,53.5,80.0,66.75,5.786,5.986,5.885999999999999,0.3,0.433,0.3665,3.0,5.0,4.0,13.0,13.0,13.0,0.0,10.0,5.0,0.9439490766988493,0.4767857142857143,6.0,0.0,26.5,1.7449999999999999,2.34
LaAlMgTiO6,1.1,1.31,1.205,89.0,136.0,112.5,5.577,7.646,6.6114999999999995,0.0,0.47,0.235,3.0,6.0,4.5,2.0,3.0,2.5,0.0,0.0,0.0,1.54,1.61,1.5750000000000002,53.5,60.5,57.0,5.986,6.828,6.407,0.079,0.433,0.256,3.0,4.0,3.5,4.0,13.0,8.5,0.0,0.0,0.0,0.9063170672568692,0.40714285714285714,5.0,0.0,7.0,1.8649999999999998,2.235
LaAlSnTiO6,1.1,1.96,1.53,118.0,136.0,127.0,5.577,7.344,6.4605,0.47,1.112,0.791,5.0,6.0,5.5,3.0,14.0,8.5,0.0,10.0,5.0,1.54,1.61,1.5750000000000002,53.5,60.5,57.0,5.986,6.828,6.407,0.079,0.433,0.256,3.0,4.0,3.5,4.0,13.0,8.5,0.0,0.0,0.0,0.9583629978518181,0.40714285714285714,5.0,1.0,7.0,1.8649999999999998,1.91
LaAlYAlO6,1.1,1.22,1.1600000000000001,107.5,136.0,121.75,5.577,6.217,5.897,0.307,0.47,0.38849999999999996,5.0,6.0,5.5,3.0,3.0,3.0,0.0,0.0,0.0,1.61,1.61,1.61,53.5,53.5,53.5,5.986,5.986,5.986,0.433,0.433,0.433,3.0,3.0,3.0,13.0,13.0,13.0,0.0,0.0,0.0,0.9565126613725004,0.3821428571428571,6.0,0.0,0.0,1.8299999999999998,2.28
LaGaLaInO6,1.1,1.1,1.1,136.0,136.0,136.0,5.577,5.577,5.577,0.47,0.47,0.47,6.0,6.0,6.0,3.0,3.0,3.0,0.0,0.0,0.0,1.78,1.81,1.795,62.0,80.0,71.0,5.786,5.999,5.8925,0.3,0.43,0.365,4.0,5.0,4.5,13.0,13.0,13.0,10.0,10.0,10.0,0.9249358843956734,0.5071428571428571,6.0,0.0,18.0,1.645,2.34
LaGaMgTiO6,1.1,1.31,1.205,89.0,136.0,112.5,5.577,7.646,6.6114999999999995,0.0,0.47,0.235,3.0,6.0,4.5,2.0,3.0,2.5,0.0,0.0,0.0,1.54,1.81,1.675,60.5,62.0,61.25,5.999,6.828,6.4135,0.079,0.43,0.2545,4.0,4.0,4.0,4.0,13.0,8.5,0.0,10.0,5.0,0.8871774521719415,0.4375,5.0,0.0,1.5,1.765,2.235
LaGaSnTiO6,1.1,1.96,1.53,118.0,136.0,127.0,5.577,7.344,6.4605,0.47,1.112,0.791,5.0,6.0,5.5,3.0,14.0,8.5,0.0,10.0,5.0,1.54,1.81,1.675,60.5,62.0,61.25,5.999,6.828,6.4135,0.079,0.43,0.2545,4.0,4.0,4.0,4.0,13.0,8.5,0.0,10.0,5.0,0.938124276158053,0.4375,5.0,1.0,1.5,1.765,1.91
LaGaYAlO6,1.1,1.22,1.1600000000000001,107.5,136.0,121.75,5.577,6.217,5.897,0.307,0.47,0.38849999999999996,5.0,6.0,5.5,3.0,3.0,3.0,0.0,0.0,0.0,1.61,1.81,1.71,53.5,62.0,57.75,5.986,5.999,5.9925,0.43,0.433,0.4315,3.0,4.0,3.5,13.0,13.0,13.0,0.0,10.0,5.0,0.9359554992443934,0.4125,6.0,0.0,8.5,1.73,2.28
LaInMgTiO6,1.1,1.31,1.205,89.0,136.0,112.5,5.577,7.646,6.6114999999999995,0.0,0.47,0.235,3.0,6.0,4.5,2.0,3.0,2.5,0.0,0.0,0.0,1.54,1.78,1.6600000000000001,60.5,80.0,70.25,5.786,6.828,6.307,0.079,0.3,0.1895,4.0,5.0,4.5,4.0,13.0,8.5,0.0,10.0,5.0,0.8492007716984696,0.5017857142857143,5.0,0.0,19.5,1.7799999999999998,2.235
LaInSnTiO6,1.1,1.96,1.53,118.0,136.0,127.0,5.577,7.344,6.4605,0.47,1.112,0.791,5.0,6.0,5.5,3.0,14.0,8.5,0.0,10.0,5.0,1.54,1.78,1.6600000000000001,60.5,80.0,70.25,5.786,6.828,6.307,0.079,0.3,0.1895,4.0,5.0,4.5,4.0,13.0,8.5,0.0,10.0,5.0,0.8979667566078867,0.5017857142857143,5.0,1.0,19.5,1.7799999999999998,1.91
LaInYAlO6,1.1,1.22,1.1600000000000001,107.5,136.0,121.75,5.577,6.217,5.897,0.307,0.47,0.38849999999999996,5.0,6.0,5.5,3.0,3.0,3.0,0.0,0.0,0.0,1.61,1.78,1.695,53.5,80.0,66.75,5.786,5.986,5.885999999999999,0.3,0.433,0.3665,3.0,5.0,4.0,13.0,13.0,13.0,0.0,10.0,5.0,0.8952125754562457,0.4767857142857143,6.0,0.0,26.5,1.7449999999999999,2.28
LaScAgNbO6,1.1,1.93,1.5150000000000001,128.0,136.0,132.0,5.577,7.576,6.576499999999999,0.47,1.302,0.886,5.0,6.0,5.5,3.0,11.0,7.0,0.0,10.0,5.0,1.36,1.6,1.48,64.0,74.5,69.25,6.561,6.759,6.66,0.188,0.917,0.5525,4.0,5.0,4.5,3.0,5.0,4.0,0.0,0.0,0.0,0.9191543344455958,0.49464285714285716,4.0,0.0,10.5,1.96,1.9249999999999998
LaScAgTaO6,1.1,1.93,1.5150000000000001,128.0,136.0,132.0,5.577,7.576,6.576499999999999,0.47,1.302,0.886,5.0,6.0,5.5,3.0,11.0,7.0,0.0,10.0,5.0,1.36,1.5,1.4300000000000002,64.0,74.5,69.25,6.561,7.55,7.0555,0.188,0.322,0.255,4.0,6.0,5.0,3.0,5.0,4.0,0.0,0.0,0.0,0.9191543344455958,0.49464285714285716,4.0,0.0,10.5,2.01,1.9249999999999998
LaScBaSnO6,0.89,1.1,0.9950000000000001,136.0,161.0,148.5,5.212,5.577,5.3945,0.145,0.47,0.3075,6.0,6.0,6.0,2.0,3.0,2.5,0.0,0.0,0.0,1.36,1.96,1.6600000000000001,69.0,74.5,71.75,6.561,7.344,6.952500000000001,0.188,1.112,0.65,4.0,5.0,4.5,3.0,14.0,8.5,0.0,10.0,5.0,0.9634016829861579,0.5125,5.0,0.0,5.5,1.7799999999999998,2.445
LaScBaTiO6,0.89,1.1,0.9950000000000001,136.0,161.0,148.5,5.212,5.577,5.3945,0.145,0.47,0.3075,6.0,6.0,6.0,2.0,3.0,2.5,0.0,0.0,0.0,1.36,1.54,1.4500000000000002,60.5,74.5,67.5,6.561,6.828,6.6945,0.079,0.188,0.1335,4.0,4.0,4.0,3.0,4.0,3.5,0.0,0.0,0.0,0.9831340066135852,0.48214285714285715,5.0,0.0,14.0,1.9899999999999998,2.445
LaScCaGeO6,1.0,1.1,1.05,134.0,136.0,135.0,5.577,6.113,5.845000000000001,0.025,0.47,0.2475,4.0,6.0,5.0,2.0,3.0,2.5,0.0,0.0,0.0,1.36,2.01,1.685,53.0,74.5,63.75,6.561,7.899,7.23,0.188,1.233,0.7105,4.0,4.0,4.0,3.0,14.0,8.5,0.0,10.0,5.0,0.9543772506812298,0.45535714285714285,5.0,0.0,21.5,1.755,2.3899999999999997
LaScCaSiO6,1.0,1.1,1.05,134.0,136.0,135.0,5.577,6.113,5.845000000000001,0.025,0.47,0.2475,4.0,6.0,5.0,2.0,3.0,2.5,0.0,0.0,0.0,1.36,1.9,1.63,40.0,74.5,57.25,6.561,8.152,7.3565,0.188,1.39,0.7889999999999999,3.0,4.0,3.5,3.0,14.0,8.5,0.0,0.0,0.0,0.9858269446200281,0.4089285714285714,5.0,0.0,34.5,1.81,2.3899999999999997
LaScCaSnO6,1.0,1.1,1.05,134.0,136.0,135.0,5.577,6.113,5.845000000000001,0.025,0.47,0.2475,4.0,6.0,5.0,2.0,3.0,2.5,0.0,0.0,0.0,1.36,1.96,1.6600000000000001,69.0,74.5,71.75,6.561,7.344,6.952500000000001,0.188,1.112,0.65,4.0,5.0,4.5,3.0,14.0,8.5,0.0,10.0,5.0,0.9183204950474643,0.5125,5.0,0.0,5.5,1.7799999999999998,2.3899999999999997
LaScCaTiO6,1.0,1.1,1.05,134.0,136.0,135.0,5.577,6.113,5.845000000000001,0.025,0.47,0.2475,4.0,6.0,5.0,2.0,3.0,2.5,0.0,0.0,0.0,1.36,1.54,1.4500000000000002,60.5,74.5,67.5,6.561,6.828,6.6945,0.079,0.188,0.1335,4.0,4.0,4.0,3.0,4.0,3.5,0.0,0.0,0.0,0.9371294690424122,0.48214285714285715,5.0,0.0,14.0,1.9899999999999998,2.3899999999999997
LaScCsNbO6,0.79,1.1,0.9450000000000001,136.0,188.0,162.0,3.894,5.577,4.7355,0.47,0.472,0.471,6.0,6.0,6.0,1.0,3.0,2.0,0.0,0.0,0.0,1.36,1.6,1.48,64.0,74.5,69.25,6.561,6.759,6.66,0.188,0.917,0.5525,4.0,5.0,4.5,3.0,5.0,4.0,0.0,0.0,0.0,1.0205316507447424,0.49464285714285716,4.0,0.0,10.5,1.96,2.495
LaScCsVO6,0.79,1.1,0.9450000000000001,136.0,188.0,162.0,3.894,5.577,4.7355,0.47,0.472,0.471,6.0,6.0,6.0,1.0,3.0,2.0,0.0,0.0,0.0,1.36,1.63,1.495,54.0,74.5,64.25,6.561,6.746,6.6535,0.188,0.525,0.35650000000000004,4.0,4.0,4.0,3.0,5.0,4.0,0.0,0.0,0.0,1.045514065695654,0.4589285714285714,4.0,0.0,20.5,1.9449999999999998,2.495
LaScGaNbO6,1.1,1.81,1.455,120.0,136.0,128.0,5.577,5.999,5.788,0.43,0.47,0.44999999999999996,4.0,6.0,5.0,3.0,13.0,8.0,0.0,10.0,5.0,1.36,1.6,1.48,64.0,74.5,69.25,6.561,6.759,6.66,0.188,0.917,0.5525,4.0,5.0,4.5,3.0,5.0,4.0,0.0,0.0,0.0,0.905637358939043,0.49464285714285716,4.0,1.0,10.5,1.96,1.9849999999999999
LaScInNbO6,1.1,1.78,1.44,136.0,140.0,138.0,5.577,5.786,5.6815,0.3,0.47,0.385,5.0,6.0,5.5,3.0,13.0,8.0,0.0,10.0,5.0,1.36,1.6,1.48,64.0,74.5,69.25,6.561,6.759,6.66,0.188,0.917,0.5525,4.0,5.0,4.5,3.0,5.0,4.0,0.0,0.0,0.0,0.9394297977054251,0.49464285714285716,4.0,1.0,10.5,1.96,2.0
LaScKNbO6,0.82,1.1,0.96,136.0,164.0,150.0,4.341,5.577,4.959,0.47,0.501,0.4855,4.0,6.0,5.0,1.0,3.0,2.0,0.0,0.0,0.0,1.36,1.6,1.48,64.0,74.5,69.25,6.561,6.759,6.66,0.188,0.917,0.5525,4.0,5.0,4.5,3.0,5.0,4.0,0.0,0.0,0.0,0.9799807242250838,0.49464285714285716,4.0,0.0,10.5,1.96,2.48
LaScKSbO6,0.82,1.1,0.96,136.0,164.0,150.0,4.341,5.577,4.959,0.47,0.501,0.4855,4.0,6.0,5.0,1.0,3.0,2.0,0.0,0.0,0.0,1.36,2.05,1.705,60.0,74.5,67.25,6.561,8.608,7.5845,0.188,1.046,0.617,4.0,5.0,4.5,3.0,15.0,9.0,0.0,10.0,5.0,0.9894377155324428,0.48035714285714287,4.0,0.0,14.5,1.7349999999999999,2.48
LaScLaAlO6,1.1,1.1,1.1,136.0,136.0,136.0,5.577,5.577,5.577,0.47,0.47,0.47,6.0,6.0,6.0,3.0,3.0,3.0,0.0,0.0,0.0,1.36,1.61,1.485,53.5,74.5,64.0,5.986,6.561,6.2735,0.188,0.433,0.3105,3.0,4.0,3.5,3.0,13.0,8.0,0.0,0.0,0.0,0.9566738804288584,0.45714285714285713,6.0,0.0,21.0,1.9549999999999998,2.34
LaScLaGaO6,1.1,1.1,1.1,136.0,136.0,136.0,5.577,5.577,5.577,0.47,0.47,0.47,6.0,6.0,6.0,3.0,3.0,3.0,0.0,0.0,0.0,1.36,1.81,1.585,62.0,74.5,68.25,5.999,6.561,6.279999999999999,0.188,0.43,0.309,4.0,4.0,4.0,3.0,13.0,8.0,0.0,10.0,5.0,0.9371499236854122,0.4875,6.0,0.0,12.5,1.855,2.34
LaScLaInO6,1.1,1.1,1.1,136.0,136.0,136.0,5.577,5.577,5.577,0.47,0.47,0.47,6.0,6.0,6.0,3.0,3.0,3.0,0.0,0.0,0.0,1.36,1.78,1.57,74.5,80.0,77.25,5.786,6.561,6.1735,0.188,0.3,0.244,4.0,5.0,4.5,3.0,13.0,8.0,0.0,10.0,5.0,0.89832668173757,0.5517857142857143,6.0,0.0,5.5,1.8699999999999999,2.34
LaScLiNbO6,0.98,1.1,1.04,92.0,136.0,114.0,5.392,5.577,5.484500000000001,0.47,0.618,0.544,2.0,6.0,4.0,1.0,3.0,2.0,0.0,0.0,0.0,1.36,1.6,1.48,64.0,74.5,69.25,6.561,6.759,6.66,0.188,0.917,0.5525,4.0,5.0,4.5,3.0,5.0,4.0,0.0,0.0,0.0,0.8583279446661078,0.49464285714285716,4.0,0.0,10.5,1.96,2.4
LaScLiTaO6,0.98,1.1,1.04,92.0,136.0,114.0,5.392,5.577,5.484500000000001,0.47,0.618,0.544,2.0,6.0,4.0,1.0,3.0,2.0,0.0,0.0,0.0,1.36,1.5,1.4300000000000002,64.0,74.5,69.25,6.561,7.55,7.0555,0.188,0.322,0.255,4.0,6.0,5.0,3.0,5.0,4.0,0.0,0.0,0.0,0.8583279446661078,0.49464285714285716,4.0,0.0,10.5,2.01,2.4
LaScLiVO6,0.98,1.1,1.04,92.0,136.0,114.0,5.392,5.577,5.484500000000001,0.47,0.618,0.544,2.0,6.0,4.0,1.0,3.0,2.0,0.0,0.0,0.0,1.36,1.63,1.495,54.0,74.5,64.25,6.561,6.746,6.6535,0.188,0.525,0.35650000000000004,4.0,4.0,4.0,3.0,5.0,4.0,0.0,0.0,0.0,0.8793396446579342,0.4589285714285714,4.0,0.0,20.5,1.9449999999999998,2.4
LaScMgTiO6,1.1,1.31,1.205,89.0,136.0,112.5,5.577,7.646,6.6114999999999995,0.0,0.47,0.235,3.0,6.0,4.5,2.0,3.0,2.5,0.0,0.0,0.0,1.36,1.54,1.4500000000000002,60.5,74.5,67.5,6.561,6.828,6.6945,0.079,0.188,0.1335,4.0,4.0,4.0,3.0,4.0,3.5,0.0,0.0,0.0,0.860455239757124,0.48214285714285715,5.0,0.0,14.0,1.9899999999999998,2.235
LaScMgZrO6,1.1,1.31,1.205,89.0,136.0,112.5,5.577,7.646,6.6114999999999995,0.0,0.47,0.235,3.0,6.0,4.5,2.0,3.0,2.5,0.0,0.0,0.0,1.33,1.36,1.3450000000000002,72.0,74.5,73.25,6.561,6.634,6.5975,0.188,0.426,0.307,4.0,5.0,4.5,3.0,4.0,3.5,0.0,0.0,0.0,0.8372542192243996,0.5232142857142857,5.0,0.0,2.5,2.0949999999999998,2.235
LaScNaNbO6,0.93,1.1,1.0150000000000001,136.0,139.0,137.5,5.139,5.577,5.3580000000000005,0.47,0.548,0.509,3.0,6.0,4.5,1.0,3.0,2.0,0.0,0.0,0.0,1.36,1.6,1.48,64.0,74.5,69.25,6.561,6.759,6.66,0.188,0.917,0.5525,4.0,5.0,4.5,3.0,5.0,4.0,0.0,0.0,0.0,0.937740175767106,0.49464285714285716,4.0,0.0,10.5,1.96,2.425
LaScNaSbO6,0.93,1.1,1.0150000000000001,136.0,139.0,137.5,5.139,5.577,5.3580000000000005,0.47,0.548,0.509,3.0,6.0,4.5,1.0,3.0,2.0,0.0,0.0,0.0,1.36,2.05,1.705,60.0,74.5,67.25,6.561,8.608,7.5845,0.188,1.046,0.617,4.0,5.0,4.5,3.0,15.0,9.0,0.0,10.0,5.0,0.946789538138803,0.48035714285714287,4.0,0.0,14.5,1.7349999999999999,2.425
LaScNaVO6,0.93,1.1,1.0150000000000001,136.0,139.0,137.5,5.139,5.577,5.3580000000000005,0.47,0.548,0.509,3.0,6.0,4.5,1.0,3.0,2.0,0.0,0.0,0.0,1.36,1.63,1.495,54.0,74.5,64.25,6.561,6.746,6.6535,0.188,0.525,0.35650000000000004,4.0,4.0,4.0,3.0,5.0,4.0,0.0,0.0,0.0,0.9606958716243179,0.4589285714285714,4.0,0.0,20.5,1.9449999999999998,2.425
LaScPbHfO6,1.1,1.8,1.4500000000000002,136.0,149.0,142.5,5.577,7.417,6.497,0.357,0.47,0.4135,6.0,6.0,6.0,3.0,14.0,8.5,0.0,10.0,5.0,1.3,1.36,1.33,71.0,74.5,72.75,6.561,6.825,6.693,0.014,0.188,0.101,4.0,6.0,5.0,3.0,4.0,3.5,0.0,0.0,0.0,0.9389314485790817,0.5196428571428572,5.0,1.0,3.5,2.11,1.9899999999999998
LaScPbTiO6,1.1,1.8,1.4500000000000002,136.0,149.0,142.5,5.577,7.417,6.497,0.357,0.47,0.4135,6.0,6.0,6.0,3.0,14.0,8.5,0.0,10.0,5.0,1.36,1.54,1.4500000000000002,60.5,74.5,67.5,6.561,6.828,6.6945,0.079,0.188,0.1335,4.0,4.0,4.0,3.0,4.0,3.5,0.0,0.0,0.0,0.9626875454708417,0.48214285714285715,5.0,1.0,14.0,1.9899999999999998,1.9899999999999998
LaScPbZrO6,1.1,1.8,1.4500000000000002,136.0,149.0,142.5,5.577,7.417,6.497,0.357,0.47,0.4135,6.0,6.0,6.0,3.0,14.0,8.5,0.0,10.0,5.0,1.33,1.36,1.3450000000000002,72.0,74.5,73.25,6.561,6.634,6.5975,0.188,0.426,0.307,4.0,5.0,4.5,3.0,4.0,3.5,0.0,0.0,0.0,0.9367299680431401,0.5232142857142857,5.0,1.0,2.5,2.0949999999999998,1.9899999999999998
LaScRbNbO6,0.82,1.1,0.96,136.0,172.0,154.0,4.177,5.577,4.877,0.47,0.486,0.478,5.0,6.0,5.5,1.0,3.0,2.0,0.0,0.0,0.0,1.36,1.6,1.48,64.0,74.5,69.25,6.561,6.759,6.66,0.188,0.917,0.5525,4.0,5.0,4.5,3.0,5.0,4.0,0.0,0.0,0.0,0.9934976997316367,0.49464285714285716,4.0,0.0,10.5,1.96,2.48
LaScSnHfO6,1.1,1.96,1.53,118.0,136.0,127.0,5.577,7.344,6.4605,0.47,1.112,0.791,5.0,6.0,5.5,3.0,14.0,8.5,0.0,10.0,5.0,1.3,1.36,1.33,71.0,74.5,72.75,6.561,6.825,6.693,0.014,0.188,0.101,4.0,6.0,5.0,3.0,4.0,3.5,0.0,0.0,0.0,0.8874148558251852,0.5196428571428572,5.0,1.0,3.5,2.11,1.91
LaScSnTiO6,1.1,1.96,1.53,118.0,136.0,127.0,5.577,7.344,6.4605,0.47,1.112,0.791,5.0,6.0,5.5,3.0,14.0,8.5,0.0,10.0,5.0,1.36,1.54,1.4500000000000002,60.5,74.5,67.5,6.561,6.828,6.6945,0.079,0.188,0.1335,4.0,4.0,4.0,3.0,4.0,3.5,0.0,0.0,0.0,0.9098675208520876,0.48214285714285715,5.0,1.0,14.0,1.9899999999999998,1.91
LaScSnZrO6,1.1,1.96,1.53,118.0,136.0,127.0,5.577,7.344,6.4605,0.47,1.112,0.791,5.0,6.0,5.5,3.0,14.0,8.5,0.0,10.0,5.0,1.33,1.36,1.3450000000000002,72.0,74.5,73.25,6.561,6.634,6.5975,0.188,0.426,0.307,4.0,5.0,4.5,3.0,4.0,3.5,0.0,0.0,0.0,0.8853341644867909,0.5232142857142857,5.0,1.0,2.5,2.0949999999999998,1.91
LaScSrGeO6,0.95,1.1,1.025,136.0,144.0,140.0,5.577,5.695,5.636,0.048,0.47,0.259,5.0,6.0,5.5,2.0,3.0,2.5,0.0,0.0,0.0,1.36,2.01,1.685,53.0,74.5,63.75,6.561,7.899,7.23,0.188,1.233,0.7105,4.0,4.0,4.0,3.0,14.0,8.5,0.0,10.0,5.0,0.9717295643299795,0.45535714285714285,5.0,0.0,21.5,1.755,2.415
LaScSrHfO6,0.95,1.1,1.025,136.0,144.0,140.0,5.577,5.695,5.636,0.048,0.47,0.259,5.0,6.0,5.5,2.0,3.0,2.5,0.0,0.0,0.0,1.3,1.36,1.33,71.0,74.5,72.75,6.561,6.825,6.693,0.014,0.188,0.101,4.0,6.0,5.0,3.0,4.0,3.5,0.0,0.0,0.0,0.9306223207155501,0.5196428571428572,5.0,0.0,3.5,2.11,2.415
LaScSrSiO6,0.95,1.1,1.025,136.0,144.0,140.0,5.577,5.695,5.636,0.048,0.47,0.259,5.0,6.0,5.5,2.0,3.0,2.5,0.0,0.0,0.0,1.36,1.9,1.63,40.0,74.5,57.25,6.561,8.152,7.3565,0.188,1.39,0.7889999999999999,3.0,4.0,3.5,3.0,14.0,8.5,0.0,0.0,0.0,1.0037510708858468,0.4089285714285714,5.0,0.0,34.5,1.81,2.415
LaScSrSnO6,0.95,1.1,1.025,136.0,144.0,140.0,5.577,5.695,5.636,0.048,0.47,0.259,5.0,6.0,5.5,2.0,3.0,2.5,0.0,0.0,0.0,1.36,1.96,1.6600000000000001,69.0,74.5,71.75,6.561,7.344,6.952500000000001,0.188,1.112,0.65,4.0,5.0,4.5,3.0,14.0,8.5,0.0,10.0,5.0,0.9350172313210545,0.5125,5.0,0.0,5.5,1.7799999999999998,2.415
LaScSrTiO6,0.95,1.1,1.025,136.0,144.0,140.0,5.577,5.695,5.636,0.048,0.47,0.259,5.0,6.0,5.5,2.0,3.0,2.5,0.0,0.0,0.0,1.36,1.54,1.4500000000000002,60.5,74.5,67.5,6.561,6.828,6.6945,0.079,0.188,0.1335,4.0,4.0,4.0,3.0,4.0,3.5,0.0,0.0,0.0,0.9541681866613652,0.48214285714285715,5.0,0.0,14.0,1.9899999999999998,2.415
LaScSrZrO6,0.95,1.1,1.025,136.0,144.0,140.0,5.577,5.695,5.636,0.048,0.47,0.259,5.0,6.0,5.5,2.0,3.0,2.5,0.0,0.0,0.0,1.33,1.36,1.3450000000000002,72.0,74.5,73.25,6.561,6.634,6.5975,0.188,0.426,0.307,4.0,5.0,4.5,3.0,4.0,3.5,0.0,0.0,0.0,0.9284403223082451,0.5232142857142857,5.0,0.0,2.5,2.0949999999999998,2.415
LaScTlNbO6,1.1,1.8,1.4500000000000002,136.0,170.0,153.0,5.577,6.108,5.842499999999999,0.377,0.47,0.4235,6.0,6.0,6.0,3.0,13.0,8.0,0.0,10.0,5.0,1.36,1.6,1.48,64.0,74.5,69.25,6.561,6.759,6.66,0.188,0.917,0.5525,4.0,5.0,4.5,3.0,5.0,4.0,0.0,0.0,0.0,0.9901184558549985,0.49464285714285716,4.0,1.0,10.5,1.96,1.9899999999999998
LaScTlTaO6,1.1,1.8,1.4500000000000002,136.0,170.0,153.0,5.577,6.108,5.842499999999999,0.377,0.47,0.4235,6.0,6.0,6.0,3.0,13.0,8.0,0.0,10.0,5.0,1.36,1.5,1.4300000000000002,64.0,74.5,69.25,6.561,7.55,7.0555,0.188,0.322,0.255,4.0,6.0,5.0,3.0,5.0,4.0,0.0,0.0,0.0,0.9901184558549985,0.49464285714285716,4.0,1.0,10.5,2.01,1.9899999999999998
LaScYAlO6,1.1,1.22,1.1600000000000001,107.5,136.0,121.75,5.577,6.217,5.897,0.307,0.47,0.38849999999999996,5.0,6.0,5.5,3.0,3.0,3.0,0.0,0.0,0.0,1.36,1.61,1.485,53.5,74.5,64.0,5.986,6.561,6.2735,0.188,0.433,0.3105,3.0,4.0,3.5,3.0,13.0,8.0,0.0,0.0,0.0,0.907280392037151,0.45714285714285713,6.0,0.0,21.0,1.9549999999999998,2.28
LiNbAgNbO6,0.98,1.93,1.455,92.0,128.0,110.0,5.392,7.576,6.484,0.618,1.302,0.96,2.0,5.0,3.5,1.0,11.0,6.0,0.0,10.0,5.0,1.6,1.6,1.6,64.0,64.0,64.0,6.759,6.759,6.759,0.917,0.917,0.917,5.0,5.0,5.0,5.0,5.0,5.0,0.0,0.0,0.0,0.8665524279246906,0.45714285714285713,2.0,0.0,0.0,1.8399999999999999,1.9849999999999999
LiNbCaGeO6,0.98,1.0,0.99,92.0,134.0,113.0,5.392,6.113,5.7525,0.025,0.618,0.3215,2.0,4.0,3.0,1.0,2.0,1.5,0.0,0.0,0.0,1.6,2.01,1.805,53.0,64.0,58.5,6.759,7.899,7.329000000000001,0.917,1.233,1.0750000000000002,4.0,5.0,4.5,5.0,14.0,9.5,0.0,10.0,5.0,0.9012494490690002,0.41785714285714287,3.0,0.0,11.0,1.635,2.45
LiNbCaSiO6,0.98,1.0,0.99,92.0,134.0,113.0,5.392,6.113,5.7525,0.025,0.618,0.3215,2.0,4.0,3.0,1.0,2.0,1.5,0.0,0.0,0.0,1.6,1.9,1.75,40.0,64.0,52.0,6.759,8.152,7.4555,0.917,1.39,1.1535,3.0,5.0,4.0,5.0,14.0,9.5,0.0,0.0,0.0,0.9317604981260235,0.37142857142857144,3.0,0.0,24.0,1.69,2.45
LiNbCaSnO6,0.98,1.0,0.99,92.0,134.0,113.0,5.392,6.113,5.7525,0.025,0.618,0.3215,2.0,4.0,3.0,1.0,2.0,1.5,0.0,0.0,0.0,1.6,1.96,1.78,64.0,69.0,66.5,6.759,7.344,7.051500000000001,0.917,1.112,1.0145,5.0,5.0,5.0,5.0,14.0,9.5,0.0,10.0,5.0,0.8663342161752857,0.475,3.0,0.0,5.0,1.66,2.45
LiNbCaTiO6,0.98,1.0,0.99,92.0,134.0,113.0,5.392,6.113,5.7525,0.025,0.618,0.3215,2.0,4.0,3.0,1.0,2.0,1.5,0.0,0.0,0.0,1.54,1.6,1.57,60.5,64.0,62.25,6.759,6.828,6.7935,0.079,0.917,0.498,4.0,5.0,4.5,4.0,5.0,4.5,0.0,0.0,0.0,0.8845390142902175,0.4446428571428571,3.0,0.0,3.5,1.8699999999999999,2.45
LiNbLaAlO6,0.98,1.1,1.04,92.0,136.0,114.0,5.392,5.577,5.484500000000001,0.47,0.618,0.544,2.0,6.0,4.0,1.0,3.0,2.0,0.0,0.0,0.0,1.6,1.61,1.605,53.5,64.0,58.75,5.986,6.759,6.3725000000000005,0.433,0.917,0.675,3.0,5.0,4.0,5.0,13.0,9.0,0.0,0.0,0.0,0.9036735719314871,0.41964285714285715,4.0,0.0,10.5,1.835,2.4
LiNbLaGaO6,0.98,1.1,1.04,92.0,136.0,114.0,5.392,5.577,5.484500000000001,0.47,0.618,0.544,2.0,6.0,4.0,1.0,3.0,2.0,0.0,0.0,0.0,1.6,1.81,1.705,62.0,64.0,63.0,5.999,6.759,6.379,0.43,0.917,0.6735,4.0,5.0,4.5,5.0,13.0,9.0,0.0,10.0,5.0,0.884754297642281,0.45,4.0,0.0,2.0,1.7349999999999999,2.4
LiNbLaInO6,0.98,1.1,1.04,92.0,136.0,114.0,5.392,5.577,5.484500000000001,0.47,0.618,0.544,2.0,6.0,4.0,1.0,3.0,2.0,0.0,0.0,0.0,1.6,1.78,1.69,64.0,80.0,72.0,5.786,6.759,6.2725,0.3,0.917,0.6085,5.0,5.0,5.0,5.0,13.0,9.0,0.0,10.0,5.0,0.8471939736857691,0.5142857142857142,4.0,0.0,16.0,1.75,2.4
LiNbMgTiO6,0.98,1.31,1.145,89.0,92.0,90.5,5.392,7.646,6.519,0.0,0.618,0.309,2.0,3.0,2.5,1.0,2.0,1.5,0.0,0.0,0.0,1.54,1.6,1.57,60.5,64.0,62.25,6.759,6.828,6.7935,0.079,0.917,0.498,4.0,5.0,4.5,4.0,5.0,4.5,0.0,0.0,0.0,0.8058744774462259,0.4446428571428571,3.0,0.0,3.5,1.8699999999999999,2.295
LiNbSnTiO6,0.98,1.96,1.47,92.0,118.0,105.0,5.392,7.344,6.368,0.618,1.112,0.865,2.0,5.0,3.5,1.0,14.0,7.5,0.0,10.0,5.0,1.54,1.6,1.57,60.5,64.0,62.25,6.759,6.828,6.7935,0.079,0.917,0.498,4.0,5.0,4.5,4.0,5.0,4.5,0.0,0.0,0.0,0.8565694011901316,0.4446428571428571,3.0,1.0,3.5,1.8699999999999999,1.97
LiNbSrGeO6,0.95,0.98,0.965,92.0,144.0,118.0,5.392,5.695,5.5435,0.048,0.618,0.333,2.0,5.0,3.5,1.0,2.0,1.5,0.0,0.0,0.0,1.6,2.01,1.805,53.0,64.0,58.5,6.759,7.899,7.329000000000001,0.917,1.233,1.0750000000000002,4.0,5.0,4.5,5.0,14.0,9.5,0.0,10.0,5.0,0.9190607030031701,0.41785714285714287,3.0,0.0,11.0,1.635,2.475
LiNbSrSnO6,0.95,0.98,0.965,92.0,144.0,118.0,5.392,5.695,5.5435,0.048,0.618,0.333,2.0,5.0,3.5,1.0,2.0,1.5,0.0,0.0,0.0,1.6,1.96,1.78,64.0,69.0,66.5,6.759,7.344,7.051500000000001,0.917,1.112,1.0145,5.0,5.0,5.0,5.0,14.0,9.5,0.0,10.0,5.0,0.8834554457439673,0.475,3.0,0.0,5.0,1.66,2.475
LiNbYAlO6,0.98,1.22,1.1,92.0,107.5,99.75,5.392,6.217,5.8045,0.307,0.618,0.4625,2.0,5.0,3.5,1.0,3.0,2.0,0.0,0.0,0.0,1.6,1.61,1.605,53.5,64.0,58.75,5.986,6.759,6.3725000000000005,0.433,0.917,0.675,3.0,5.0,4.0,5.0,13.0,9.0,0.0,0.0,0.0,0.8529753498841498,0.41964285714285715,4.0,0.0,10.5,1.835,2.34
LiTaAgNbO6,0.98,1.93,1.455,92.0,128.0,110.0,5.392,7.576,6.484,0.618,1.302,0.96,2.0,5.0,3.5,1.0,11.0,6.0,0.0,10.0,5.0,1.5,1.6,1.55,64.0,64.0,64.0,6.759,7.55,7.1545000000000005,0.322,0.917,0.6195,5.0,6.0,5.5,5.0,5.0,5.0,0.0,0.0,0.0,0.8665524279246906,0.45714285714285713,2.0,0.0,0.0,1.89,1.9849999999999999
LiTaAgTaO6,0.98,1.93,1.455,92.0,128.0,110.0,5.392,7.576,6.484,0.618,1.302,0.96,2.0,5.0,3.5,1.0,11.0,6.0,0.0,10.0,5.0,1.5,1.5,1.5,64.0,64.0,64.0,7.55,7.55,7.55,0.322,0.322,0.322,6.0,6.0,6.0,5.0,5.0,5.0,0.0,0.0,0.0,0.8665524279246906,0.45714285714285713,2.0,0.0,0.0,1.94,1.9849999999999999
LiTaBaSnO6,0.89,0.98,0.935,92.0,161.0,126.5,5.212,5.392,5.302,0.145,0.618,0.3815,2.0,6.0,4.0,1.0,2.0,1.5,0.0,0.0,0.0,1.5,1.96,1.73,64.0,69.0,66.5,7.344,7.55,7.447,0.322,1.112,0.7170000000000001,5.0,6.0,5.5,5.0,14.0,9.5,0.0,10.0,5.0,0.9125615360107259,0.475,3.0,0.0,5.0,1.71,2.505
LiTaBaTiO6,0.89,0.98,0.935,92.0,161.0,126.5,5.212,5.392,5.302,0.145,0.618,0.3815,2.0,6.0,4.0,1.0,2.0,1.5,0.0,0.0,0.0,1.5,1.54,1.52,60.5,64.0,62.25,6.828,7.55,7.189,0.079,0.322,0.2005,4.0,6.0,5.0,4.0,5.0,4.5,0.0,0.0,0.0,0.9317377363966126,0.4446428571428571,3.0,0.0,3.5,1.92,2.505
LiTaCaGeO6,0.98,1.0,0.99,92.0,134.0,113.0,5.392,6.113,5.7525,0.025,0.618,0.3215,2.0,4.0,3.0,1.0,2.0,1.5,0.0,0.0,0.0,1.5,2.01,1.755,53.0,64.0,58.5,7.55,7.899,7.7245,0.322,1.233,0.7775000000000001,4.0,6.0,5.0,5.0,14.0,9.5,0.0,10.0,5.0,0.9012494490690002,0.41785714285714287,3.0,0.0,11.0,1.685,2.45
LiTaCaHfO6,0.98,1.0,0.99,92.0,134.0,113.0,5.392,6.113,5.7525,0.025,0.618,0.3215,2.0,4.0,3.0,1.0,2.0,1.5,0.0,0.0,0.0,1.3,1.5,1.4,64.0,71.0,67.5,6.825,7.55,7.1875,0.014,0.322,0.168,6.0,6.0,6.0,4.0,5.0,4.5,0.0,0.0,0.0,0.8621591115190193,0.48214285714285715,3.0,0.0,7.0,2.04,2.45
LiTaCaSiO6,0.98,1.0,0.99,92.0,134.0,113.0,5.392,6.113,5.7525,0.025,0.618,0.3215,2.0,4.0,3.0,1.0,2.0,1.5,0.0,0.0,0.0,1.5,1.9,1.7,40.0,64.0,52.0,7.55,8.152,7.850999999999999,0.322,1.39,0.856,3.0,6.0,4.5,5.0,14.0,9.5,0.0,0.0,0.0,0.9317604981260235,0.37142857142857144,3.0,0.0,24.0,1.74,2.45
LiTaCaSnO6,0.98,1.0,0.99,92.0,134.0,113.0,5.392,6.113,5.7525,0.025,0.618,0.3215,2.0,4.0,3.0,1.0,2.0,1.5,0.0,0.0,0.0,1.5,1.96,1.73,64.0,69.0,66.5,7.344,7.55,7.447,0.322,1.112,0.7170000000000001,5.0,6.0,5.5,5.0,14.0,9.5,0.0,10.0,5.0,0.8663342161752857,0.475,3.0,0.0,5.0,1.71,2.45
LiTaCaTiO6,0.98,1.0,0.99,92.0,134.0,113.0,5.392,6.113,5.7525,0.025,0.618,0.3215,2.0,4.0,3.0,1.0,2.0,1.5,0.0,0.0,0.0,1.5,1.54,1.52,60.5,64.0,62.25,6.828,7.55,7.189,0.079,0.322,0.2005,4.0,6.0,5.0,4.0,5.0,4.5,0.0,0.0,0.0,0.8845390142902175,0.4446428571428571,3.0,0.0,3.5,1.92,2.45
LiTaCsNbO6,0.79,0.98,0.885,92.0,188.0,140.0,3.894,5.392,4.643000000000001,0.472,0.618,0.5449999999999999,2.0,6.0,4.0,1.0,1.0,1.0,0.0,0.0,0.0,1.5,1.6,1.55,64.0,64.0,64.0,6.759,7.55,7.1545000000000005,0.322,0.917,0.6195,5.0,6.0,5.5,5.0,5.0,5.0,0.0,0.0,0.0,0.9705387192756535,0.45714285714285713,2.0,0.0,0.0,1.89,2.5549999999999997
LiTaCsVO6,0.79,0.98,0.885,92.0,188.0,140.0,3.894,5.392,4.643000000000001,0.472,0.618,0.5449999999999999,2.0,6.0,4.0,1.0,1.0,1.0,0.0,0.0,0.0,1.5,1.63,1.565,54.0,64.0,59.0,6.746,7.55,7.148,0.322,0.525,0.4235,4.0,6.0,5.0,5.0,5.0,5.0,0.0,0.0,0.0,0.9949241142323282,0.42142857142857143,2.0,0.0,10.0,1.875,2.5549999999999997
LiTaGaNbO6,0.98,1.81,1.395,92.0,120.0,106.0,5.392,5.999,5.6955,0.43,0.618,0.524,2.0,4.0,3.0,1.0,13.0,7.0,0.0,10.0,5.0,1.5,1.6,1.55,64.0,64.0,64.0,6.759,7.55,7.1545000000000005,0.322,0.917,0.6195,5.0,6.0,5.5,5.0,5.0,5.0,0.0,0.0,0.0,0.8526875890778955,0.45714285714285713,2.0,1.0,0.0,1.89,2.045
LiTaGaTaO6,0.98,1.81,1.395,92.0,120.0,106.0,5.392,5.999,5.6955,0.43,0.618,0.524,2.0,4.0,3.0,1.0,13.0,7.0,0.0,10.0,5.0,1.5,1.5,1.5,64.0,64.0,64.0,7.55,7.55,7.55,0.322,0.322,0.322,6.0,6.0,6.0,5.0,5.0,5.0,0.0,0.0,0.0,0.8526875890778955,0.45714285714285713,2.0,1.0,0.0,1.94,2.045
LiTaKNbO6,0.82,0.98,0.8999999999999999,92.0,164.0,128.0,4.341,5.392,4.8665,0.501,0.618,0.5595,2.0,4.0,3.0,1.0,1.0,1.0,0.0,0.0,0.0,1.5,1.6,1.55,64.0,64.0,64.0,6.759,7.55,7.1545000000000005,0.322,0.917,0.6195,5.0,6.0,5.5,5.0,5.0,5.0,0.0,0.0,0.0,0.9289442027352683,0.45714285714285713,2.0,0.0,0.0,1.89,2.54
LiTaKSbO6,0.82,0.98,0.8999999999999999,92.0,164.0,128.0,4.341,5.392,4.8665,0.501,0.618,0.5595,2.0,4.0,3.0,1.0,1.0,1.0,0.0,0.0,0.0,1.5,2.05,1.775,60.0,64.0,62.0,7.55,8.608,8.079,0.322,1.046,0.684,5.0,6.0,5.5,5.0,15.0,10.0,0.0,10.0,5.0,0.9381416700890828,0.44285714285714284,2.0,0.0,4.0,1.665,2.54
LiTaLaAlO6,0.98,1.1,1.04,92.0,136.0,114.0,5.392,5.577,5.484500000000001,0.47,0.618,0.544,2.0,6.0,4.0,1.0,3.0,2.0,0.0,0.0,0.0,1.5,1.61,1.5550000000000002,53.5,64.0,58.75,5.986,7.55,6.768,0.322,0.433,0.3775,3.0,6.0,4.5,5.0,13.0,9.0,0.0,0.0,0.0,0.9036735719314871,0.41964285714285715,4.0,0.0,10.5,1.8849999999999998,2.4
LiTaLaGaO6,0.98,1.1,1.04,92.0,136.0,114.0,5.392,5.577,5.484500000000001,0.47,0.618,0.544,2.0,6.0,4.0,1.0,3.0,2.0,0.0,0.0,0.0,1.5,1.81,1.655,62.0,64.0,63.0,5.999,7.55,6.7745,0.322,0.43,0.376,4.0,6.0,5.0,5.0,13.0,9.0,0.0,10.0,5.0,0.884754297642281,0.45,4.0,0.0,2.0,1.785,2.4
LiTaLaInO6,0.98,1.1,1.04,92.0,136.0,114.0,5.392,5.577,5.484500000000001,0.47,0.618,0.544,2.0,6.0,4.0,1.0,3.0,2.0,0.0,0.0,0.0,1.5,1.78,1.6400000000000001,64.0,80.0,72.0,5.786,7.55,6.667999999999999,0.3,0.322,0.311,5.0,6.0,5.5,5.0,13.0,9.0,0.0,10.0,5.0,0.8471939736857691,0.5142857142857142,4.0,0.0,16.0,1.7999999999999998,2.4
LiTaLiNbO6,0.98,0.98,0.98,92.0,92.0,92.0,5.392,5.392,5.392,0.618,0.618,0.618,2.0,2.0,2.0,1.0,1.0,1.0,0.0,0.0,0.0,1.5,1.6,1.55,64.0,64.0,64.0,6.759,7.55,7.1545000000000005,0.322,0.917,0.6195,5.0,6.0,5.5,5.0,5.0,5.0,0.0,0.0,0.0,0.8041606531141129,0.45714285714285713,2.0,0.0,0.0,1.89,2.46
LiTaLiVO6,0.98,0.98,0.98,92.0,92.0,92.0,5.392,5.392,5.392,0.618,0.618,0.618,2.0,2.0,2.0,1.0,1.0,1.0,0.0,0.0,0.0,1.5,1.63,1.565,54.0,64.0,59.0,6.746,7.55,7.148,0.322,0.525,0.4235,4.0,6.0,5.0,5.0,5.0,5.0,0.0,0.0,0.0,0.8243656946496434,0.42142857142857143,2.0,0.0,10.0,1.875,2.46
LiTaMgTiO6,0.98,1.31,1.145,89.0,92.0,90.5,5.392,7.646,6.519,0.0,0.618,0.309,2.0,3.0,2.5,1.0,2.0,1.5,0.0,0.0,0.0,1.5,1.54,1.52,60.5,64.0,62.25,6.828,7.55,7.189,0.079,0.322,0.2005,4.0,6.0,5.0,4.0,5.0,4.5,0.0,0.0,0.0,0.8058744774462259,0.4446428571428571,3.0,0.0,3.5,1.92,2.295
LiTaMgZrO6,0.98,1.31,1.145,89.0,92.0,90.5,5.392,7.646,6.519,0.0,0.618,0.309,2.0,3.0,2.5,1.0,2.0,1.5,0.0,0.0,0.0,1.33,1.5,1.415,64.0,72.0,68.0,6.634,7.55,7.0920000000000005,0.322,0.426,0.374,5.0,6.0,5.5,4.0,5.0,4.5,0.0,0.0,0.0,0.7835966974206692,0.4857142857142857,3.0,0.0,8.0,2.025,2.295
LiTaNaNbO6,0.93,0.98,0.9550000000000001,92.0,139.0,115.5,5.139,5.392,5.2655,0.548,0.618,0.583,2.0,3.0,2.5,1.0,1.0,1.0,0.0,0.0,0.0,1.5,1.6,1.55,64.0,64.0,64.0,6.759,7.55,7.1545000000000005,0.322,0.917,0.6195,5.0,6.0,5.5,5.0,5.0,5.0,0.0,0.0,0.0,0.8856165813390338,0.45714285714285713,2.0,0.0,0.0,1.89,2.485
LiTaNaSbO6,0.93,0.98,0.9550000000000001,92.0,139.0,115.5,5.139,5.392,5.2655,0.548,0.618,0.583,2.0,3.0,2.5,1.0,1.0,1.0,0.0,0.0,0.0,1.5,2.05,1.775,60.0,64.0,62.0,7.55,8.608,8.079,0.322,1.046,0.684,5.0,6.0,5.5,5.0,15.0,10.0,0.0,10.0,5.0,0.8943850623423905,0.44285714285714284,2.0,0.0,4.0,1.665,2.485
LiTaNaTaO6,0.93,0.98,0.9550000000000001,92.0,139.0,115.5,5.139,5.392,5.2655,0.548,0.618,0.583,2.0,3.0,2.5,1.0,1.0,1.0,0.0,0.0,0.0,1.5,1.5,1.5,64.0,64.0,64.0,7.55,7.55,7.55,0.322,0.322,0.322,6.0,6.0,6.0,5.0,5.0,5.0,0.0,0.0,0.0,0.8856165813390338,0.45714285714285713,2.0,0.0,0.0,1.94,2.485
LiTaNaVO6,0.93,0.98,0.9550000000000001,92.0,139.0,115.5,5.139,5.392,5.2655,0.548,0.618,0.583,2.0,3.0,2.5,1.0,1.0,1.0,0.0,0.0,0.0,1.5,1.63,1.565,54.0,64.0,59.0,6.746,7.55,7.148,0.322,0.525,0.4235,4.0,6.0,5.0,5.0,5.0,5.0,0.0,0.0,0.0,0.9078682542369995,0.42142857142857143,2.0,0.0,10.0,1.875,2.485
LiTaPbHfO6,0.98,1.8,1.3900000000000001,92.0,149.0,120.5,5.392,7.417,6.4045000000000005,0.357,0.618,0.4875,2.0,6.0,4.0,1.0,14.0,7.5,0.0,10.0,5.0,1.3,1.5,1.4,64.0,71.0,67.5,6.825,7.55,7.1875,0.014,0.322,0.168,6.0,6.0,6.0,4.0,5.0,4.5,0.0,0.0,0.0,0.8877171879474487,0.48214285714285715,3.0,1.0,7.0,2.04,2.05
LiTaPbTiO6,0.98,1.8,1.3900000000000001,92.0,149.0,120.5,5.392,7.417,6.4045000000000005,0.357,0.618,0.4875,2.0,6.0,4.0,1.0,14.0,7.5,0.0,10.0,5.0,1.5,1.54,1.52,60.5,64.0,62.25,6.828,7.55,7.189,0.079,0.322,0.2005,4.0,6.0,5.0,4.0,5.0,4.5,0.0,0.0,0.0,0.9107605265715482,0.4446428571428571,3.0,1.0,3.5,1.92,2.05
LiTaPbZrO6,0.98,1.8,1.3900000000000001,92.0,149.0,120.5,5.392,7.417,6.4045000000000005,0.357,0.618,0.4875,2.0,6.0,4.0,1.0,14.0,7.5,0.0,10.0,5.0,1.33,1.5,1.415,64.0,72.0,68.0,6.634,7.55,7.0920000000000005,0.322,0.426,0.374,5.0,6.0,5.5,4.0,5.0,4.5,0.0,0.0,0.0,0.8855832523994981,0.4857142857142857,3.0,1.0,8.0,2.025,2.05
LiTaRbNbO6,0.82,0.98,0.8999999999999999,92.0,172.0,132.0,4.177,5.392,4.7844999999999995,0.486,0.618,0.552,2.0,5.0,3.5,1.0,1.0,1.0,0.0,0.0,0.0,1.5,1.6,1.55,64.0,64.0,64.0,6.759,7.55,7.1545000000000005,0.322,0.917,0.6195,5.0,6.0,5.5,5.0,5.0,5.0,0.0,0.0,0.0,0.9428090415820634,0.45714285714285713,2.0,0.0,0.0,1.89,2.54
LiTaSnHfO6,0.98,1.96,1.47,92.0,118.0,105.0,5.392,7.344,6.368,0.618,1.112,0.865,2.0,5.0,3.5,1.0,14.0,7.5,0.0,10.0,5.0,1.3,1.5,1.4,64.0,71.0,67.5,6.825,7.55,7.1875,0.014,0.322,0.168,6.0,6.0,6.0,4.0,5.0,4.5,0.0,0.0,0.0,0.8348971633286946,0.48214285714285715,3.0,1.0,7.0,2.04,1.97
LiTaSnTiO6,0.98,1.96,1.47,92.0,118.0,105.0,5.392,7.344,6.368,0.618,1.112,0.865,2.0,5.0,3.5,1.0,14.0,7.5,0.0,10.0,5.0,1.5,1.54,1.52,60.5,64.0,62.25,6.828,7.55,7.189,0.079,0.322,0.2005,4.0,6.0,5.0,4.0,5.0,4.5,0.0,0.0,0.0,0.8565694011901316,0.4446428571428571,3.0,1.0,3.5,1.92,1.97
LiTaSnZrO6,0.98,1.96,1.47,92.0,118.0,105.0,5.392,7.344,6.368,0.618,1.112,0.865,2.0,5.0,3.5,1.0,14.0,7.5,0.0,10.0,5.0,1.33,1.5,1.415,64.0,72.0,68.0,6.634,7.55,7.0920000000000005,0.322,0.426,0.374,5.0,6.0,5.5,4.0,5.0,4.5,0.0,0.0,0.0,0.8328901989937698,0.4857142857142857,3.0,1.0,8.0,2.025,1.97
LiTaSrGeO6,0.95,0.98,0.965,92.0,144.0,118.0,5.392,5.695,5.5435,0.048,0.618,0.333,2.0,5.0,3.5,1.0,2.0,1.5,0.0,0.0,0.0,1.5,2.01,1.755,53.0,64.0,58.5,7.55,7.899,7.7245,0.322,1.233,0.7775000000000001,4.0,6.0,5.0,5.0,14.0,9.5,0.0,10.0,5.0,0.9190607030031701,0.41785714285714287,3.0,0.0,11.0,1.685,2.475
LiTaSrHfO6,0.95,0.98,0.965,92.0,144.0,118.0,5.392,5.695,5.5435,0.048,0.618,0.333,2.0,5.0,3.5,1.0,2.0,1.5,0.0,0.0,0.0,1.3,1.5,1.4,64.0,71.0,67.5,6.825,7.55,7.1875,0.014,0.322,0.168,6.0,6.0,6.0,4.0,5.0,4.5,0.0,0.0,0.0,0.8791978291379722,0.48214285714285715,3.0,0.0,7.0,2.04,2.475
LiTaSrSiO6,0.95,0.98,0.965,92.0,144.0,118.0,5.392,5.695,5.5435,0.048,0.618,0.333,2.0,5.0,3.5,1.0,2.0,1.5,0.0,0.0,0.0,1.5,1.9,1.7,40.0,64.0,52.0,7.55,8.152,7.850999999999999,0.322,1.39,0.856,3.0,6.0,4.5,5.0,14.0,9.5,0.0,0.0,0.0,0.9501747372194231,0.37142857142857144,3.0,0.0,24.0,1.74,2.475
LiTaSrSnO6,0.95,0.98,0.965,92.0,144.0,118.0,5.392,5.695,5.5435,0.048,0.618,0.333,2.0,5.0,3.5,1.0,2.0,1.5,0.0,0.0,0.0,1.5,1.96,1.73,64.0,69.0,66.5,7.344,7.55,7.447,0.322,1.112,0.7170000000000001,5.0,6.0,5.5,5.0,14.0,9.5,0.0,10.0,5.0,0.8834554457439673,0.475,3.0,0.0,5.0,1.71,2.475
LiTaSrTiO6,0.95,0.98,0.965,92.0,144.0,118.0,5.392,5.695,5.5435,0.048,0.618,0.333,2.0,5.0,3.5,1.0,2.0,1.5,0.0,0.0,0.0,1.5,1.54,1.52,60.5,64.0,62.25,6.828,7.55,7.189,0.079,0.322,0.2005,4.0,6.0,5.0,4.0,5.0,4.5,0.0,0.0,0.0,0.9020200224777712,0.4446428571428571,3.0,0.0,3.5,1.92,2.475
LiTaTlNbO6,0.98,1.8,1.3900000000000001,92.0,170.0,131.0,5.392,6.108,5.75,0.377,0.618,0.4975,2.0,6.0,4.0,1.0,13.0,7.0,0.0,10.0,5.0,1.5,1.6,1.55,64.0,64.0,64.0,6.759,7.55,7.1545000000000005,0.322,0.917,0.6195,5.0,6.0,5.5,5.0,5.0,5.0,0.0,0.0,0.0,0.9393428318703646,0.45714285714285713,2.0,1.0,0.0,1.89,2.05
LiTaTlTaO6,0.98,1.8,1.3900000000000001,92.0,170.0,131.0,5.392,6.108,5.75,0.377,0.618,0.4975,2.0,6.0,4.0,1.0,13.0,7.0,0.0,10.0,5.0,1.5,1.5,1.5,64.0,64.0,64.0,7.55,7.55,7.55,0.322,0.322,0.322,6.0,6.0,6.0,5.0,5.0,5.0,0.0,0.0,0.0,0.9393428318703646,0.45714285714285713,2.0,1.0,0.0,1.94,2.05
LiTaYAlO6,0.98,1.22,1.1,92.0,107.5,99.75,5.392,6.217,5.8045,0.307,0.618,0.4625,2.0,5.0,3.5,1.0,3.0,2.0,0.0,0.0,0.0,1.5,1.61,1.5550000000000002,53.5,64.0,58.75,5.986,7.55,6.768,0.322,0.433,0.3775,3.0,6.0,4.5,5.0,13.0,9.0,0.0,0.0,0.0,0.8529753498841498,0.41964285714285715,4.0,0.0,10.5,1.8849999999999998,2.34
LiVAgNbO6,0.98,1.93,1.455,92.0,128.0,110.0,5.392,7.576,6.484,0.618,1.302,0.96,2.0,5.0,3.5,1.0,11.0,6.0,0.0,10.0,5.0,1.6,1.63,1.615,54.0,64.0,59.0,6.746,6.759,6.7525,0.525,0.917,0.7210000000000001,4.0,5.0,4.5,5.0,5.0,5.0,0.0,0.0,0.0,0.8883251019931502,0.42142857142857143,2.0,0.0,10.0,1.825,1.9849999999999999
LiVCaGeO6,0.98,1.0,0.99,92.0,134.0,113.0,5.392,6.113,5.7525,0.025,0.618,0.3215,2.0,4.0,3.0,1.0,2.0,1.5,0.0,0.0,0.0,1.63,2.01,1.8199999999999998,53.0,54.0,53.5,6.746,7.899,7.3225,0.525,1.233,0.879,4.0,4.0,4.0,5.0,14.0,9.5,0.0,10.0,5.0,0.9245375485281474,0.3821428571428571,3.0,0.0,1.0,1.62,2.45
LiVCaSiO6,0.98,1.0,0.99,92.0,134.0,113.0,5.392,6.113,5.7525,0.025,0.618,0.3215,2.0,4.0,3.0,1.0,2.0,1.5,0.0,0.0,0.0,1.63,1.9,1.765,40.0,54.0,47.0,6.746,8.152,7.449,0.525,1.39,0.9575,3.0,4.0,3.5,5.0,14.0,9.5,0.0,0.0,0.0,0.9566738804288583,0.3357142857142857,3.0,0.0,14.0,1.675,2.45
LiVCaSnO6,0.98,1.0,0.99,92.0,134.0,113.0,5.392,6.113,5.7525,0.025,0.618,0.3215,2.0,4.0,3.0,1.0,2.0,1.5,0.0,0.0,0.0,1.63,1.96,1.795,54.0,69.0,61.5,6.746,7.344,7.045,0.525,1.112,0.8185,4.0,5.0,4.5,5.0,14.0,9.5,0.0,10.0,5.0,0.8878313431275261,0.4392857142857143,3.0,0.0,15.0,1.645,2.45
LiVCaTiO6,0.98,1.0,0.99,92.0,134.0,113.0,5.392,6.113,5.7525,0.025,0.618,0.3215,2.0,4.0,3.0,1.0,2.0,1.5,0.0,0.0,0.0,1.54,1.63,1.585,54.0,60.5,57.25,6.746,6.828,6.787000000000001,0.079,0.525,0.302,4.0,4.0,4.0,4.0,5.0,4.5,0.0,0.0,0.0,0.9069607890504259,0.4089285714285714,3.0,0.0,6.5,1.855,2.45
LiVCsNbO6,0.79,0.98,0.885,92.0,188.0,140.0,3.894,5.392,4.643000000000001,0.472,0.618,0.5449999999999999,2.0,6.0,4.0,1.0,1.0,1.0,0.0,0.0,0.0,1.6,1.63,1.615,54.0,64.0,59.0,6.746,6.759,6.7525,0.525,0.917,0.7210000000000001,4.0,5.0,4.5,5.0,5.0,5.0,0.0,0.0,0.0,0.9949241142323282,0.42142857142857143,2.0,0.0,10.0,1.825,2.5549999999999997
LiVKNbO6,0.82,0.98,0.8999999999999999,92.0,164.0,128.0,4.341,5.392,4.8665,0.501,0.618,0.5595,2.0,4.0,3.0,1.0,1.0,1.0,0.0,0.0,0.0,1.6,1.63,1.615,54.0,64.0,59.0,6.746,6.759,6.7525,0.525,0.917,0.7210000000000001,4.0,5.0,4.5,5.0,5.0,5.0,0.0,0.0,0.0,0.952284509336657,0.42142857142857143,2.0,0.0,10.0,1.825,2.54
LiVLaAlO6,0.98,1.1,1.04,92.0,136.0,114.0,5.392,5.577,5.484500000000001,0.47,0.618,0.544,2.0,6.0,4.0,1.0,3.0,2.0,0.0,0.0,0.0,1.61,1.63,1.62,53.5,54.0,53.75,5.986,6.746,6.366,0.433,0.525,0.479,3.0,4.0,3.5,5.0,13.0,9.0,0.0,0.0,0.0,0.9269941802393965,0.38392857142857145,4.0,0.0,0.5,1.8199999999999998,2.4
LiVLaGaO6,0.98,1.1,1.04,92.0,136.0,114.0,5.392,5.577,5.484500000000001,0.47,0.618,0.544,2.0,6.0,4.0,1.0,3.0,2.0,0.0,0.0,0.0,1.63,1.81,1.72,54.0,62.0,58.0,5.999,6.746,6.3725000000000005,0.43,0.525,0.47750000000000004,4.0,4.0,4.0,5.0,13.0,9.0,0.0,10.0,5.0,0.9070965778857729,0.4142857142857143,4.0,0.0,8.0,1.72,2.4
LiVLaInO6,0.98,1.1,1.04,92.0,136.0,114.0,5.392,5.577,5.484500000000001,0.47,0.618,0.544,2.0,6.0,4.0,1.0,3.0,2.0,0.0,0.0,0.0,1.63,1.78,1.705,54.0,80.0,67.0,5.786,6.746,6.266,0.3,0.525,0.4125,4.0,5.0,4.5,5.0,13.0,9.0,0.0,10.0,5.0,0.8676575962385654,0.4785714285714286,4.0,0.0,26.0,1.7349999999999999,2.4
LiVLiNbO6,0.98,0.98,0.98,92.0,92.0,92.0,5.392,5.392,5.392,0.618,0.618,0.618,2.0,2.0,2.0,1.0,1.0,1.0,0.0,0.0,0.0,1.6,1.63,1.615,54.0,64.0,59.0,6.746,6.759,6.7525,0.525,0.917,0.7210000000000001,4.0,5.0,4.5,5.0,5.0,5.0,0.0,0.0,0.0,0.8243656946496434,0.42142857142857143,2.0,0.0,10.0,1.825,2.46
LiVMgTiO6,0.98,1.31,1.145,89.0,92.0,90.5,5.392,7.646,6.519,0.0,0.618,0.309,2.0,3.0,2.5,1.0,2.0,1.5,0.0,0.0,0.0,1.54,1.63,1.585,54.0,60.5,57.25,6.746,6.828,6.787000000000001,0.079,0.525,0.302,4.0,4.0,4.0,4.0,5.0,4.5,0.0,0.0,0.0,0.8263022208542418,0.4089285714285714,3.0,0.0,6.5,1.855,2.295
LiVRbNbO6,0.82,0.98,0.8999999999999999,92.0,172.0,132.0,4.177,5.392,4.7844999999999995,0.486,0.618,0.552,2.0,5.0,3.5,1.0,1.0,1.0,0.0,0.0,0.0,1.6,1.63,1.615,54.0,64.0,59.0,6.746,6.759,6.7525,0.525,0.917,0.7210000000000001,4.0,5.0,4.5,5.0,5.0,5.0,0.0,0.0,0.0,0.9664977109685474,0.42142857142857143,2.0,0.0,10.0,1.825,2.54
LiVSnTiO6,0.98,1.96,1.47,92.0,118.0,105.0,5.392,7.344,6.368,0.618,1.112,0.865,2.0,5.0,3.5,1.0,14.0,7.5,0.0,10.0,5.0,1.54,1.63,1.585,54.0,60.5,57.25,6.746,6.828,6.787000000000001,0.079,0.525,0.302,4.0,4.0,4.0,4.0,5.0,4.5,0.0,0.0,0.0,0.878282187025116,0.4089285714285714,3.0,1.0,6.5,1.855,1.97
LiVSrSnO6,0.95,0.98,0.965,92.0,144.0,118.0,5.392,5.695,5.5435,0.048,0.618,0.333,2.0,5.0,3.5,1.0,2.0,1.5,0.0,0.0,0.0,1.63,1.96,1.795,54.0,69.0,61.5,6.746,7.344,7.045,0.525,1.112,0.8185,4.0,5.0,4.5,5.0,14.0,9.5,0.0,10.0,5.0,0.9053774171023784,0.4392857142857143,3.0,0.0,15.0,1.645,2.475
LiVTlNbO6,0.98,1.8,1.3900000000000001,92.0,170.0,131.0,5.392,6.108,5.75,0.377,0.618,0.4975,2.0,6.0,4.0,1.0,13.0,7.0,0.0,10.0,5.0,1.6,1.63,1.615,54.0,64.0,59.0,6.746,6.759,6.7525,0.525,0.917,0.7210000000000001,4.0,5.0,4.5,5.0,5.0,5.0,0.0,0.0,0.0,0.9629444105605748,0.42142857142857143,2.0,1.0,10.0,1.825,2.05
LiVYAlO6,0.98,1.22,1.1,92.0,107.5,99.75,5.392,6.217,5.8045,0.307,0.618,0.4625,2.0,5.0,3.5,1.0,3.0,2.0,0.0,0.0,0.0,1.61,1.63,1.62,53.5,54.0,53.75,5.986,6.746,6.366,0.433,0.525,0.479,3.0,4.0,3.5,5.0,13.0,9.0,0.0,0.0,0.0,0.8749876169779343,0.38392857142857145,4.0,0.0,0.5,1.8199999999999998,2.34
MgTiSnTiO6,1.31,1.96,1.635,89.0,118.0,103.5,7.344,7.646,7.495,0.0,1.112,0.556,3.0,5.0,4.0,2.0,14.0,8.0,0.0,10.0,5.0,1.54,1.54,1.54,60.5,60.5,60.5,6.828,6.828,6.828,0.079,0.079,0.079,4.0,4.0,4.0,4.0,4.0,4.0,0.0,0.0,0.0,0.8587556170519915,0.43214285714285716,4.0,1.0,0.0,1.9,1.805
MgTiYAlO6,1.22,1.31,1.2650000000000001,89.0,107.5,98.25,6.217,7.646,6.9315,0.0,0.307,0.1535,3.0,5.0,4.0,2.0,3.0,2.5,0.0,0.0,0.0,1.54,1.61,1.5750000000000002,53.5,60.5,57.0,5.986,6.828,6.407,0.079,0.433,0.256,3.0,4.0,3.5,4.0,13.0,8.5,0.0,0.0,0.0,0.8551684802928676,0.40714285714285714,5.0,0.0,7.0,1.8649999999999998,2.175
MgZrAgNbO6,1.31,1.93,1.62,89.0,128.0,108.5,7.576,7.646,7.611,0.0,1.302,0.651,3.0,5.0,4.0,2.0,11.0,6.5,0.0,10.0,5.0,1.33,1.6,1.465,64.0,72.0,68.0,6.634,6.759,6.6965,0.426,0.917,0.6715,5.0,5.0,5.0,4.0,5.0,4.5,0.0,0.0,0.0,0.8447886304079665,0.4857142857142857,3.0,0.0,8.0,1.9749999999999999,1.8199999999999998
MgZrAgTaO6,1.31,1.93,1.62,89.0,128.0,108.5,7.576,7.646,7.611,0.0,1.302,0.651,3.0,5.0,4.0,2.0,11.0,6.5,0.0,10.0,5.0,1.33,1.5,1.415,64.0,72.0,68.0,6.634,7.55,7.0920000000000005,0.322,0.426,0.374,5.0,6.0,5.5,4.0,5.0,4.5,0.0,0.0,0.0,0.8447886304079665,0.4857142857142857,3.0,0.0,8.0,2.025,1.8199999999999998
MgZrCaGeO6,1.0,1.31,1.155,89.0,134.0,111.5,6.113,7.646,6.8795,0.0,0.025,0.0125,3.0,4.0,3.5,2.0,2.0,2.0,0.0,0.0,0.0,1.33,2.01,1.67,53.0,72.0,62.5,6.634,7.899,7.266500000000001,0.426,1.233,0.8295,4.0,5.0,4.5,4.0,14.0,9.0,0.0,10.0,5.0,0.8782091628069959,0.44642857142857145,4.0,0.0,19.0,1.77,2.285
MgZrCaSiO6,1.0,1.31,1.155,89.0,134.0,111.5,6.113,7.646,6.8795,0.0,0.025,0.0125,3.0,4.0,3.5,2.0,2.0,2.0,0.0,0.0,0.0,1.33,1.9,1.615,40.0,72.0,56.0,6.634,8.152,7.393,0.426,1.39,0.9079999999999999,3.0,5.0,4.0,4.0,14.0,9.0,0.0,0.0,0.0,0.9073334462674321,0.4,4.0,0.0,32.0,1.825,2.285
MgZrCaSnO6,1.0,1.31,1.155,89.0,134.0,111.5,6.113,7.646,6.8795,0.0,0.025,0.0125,3.0,4.0,3.5,2.0,2.0,2.0,0.0,0.0,0.0,1.33,1.96,1.645,69.0,72.0,70.5,6.634,7.344,6.989000000000001,0.426,1.112,0.769,5.0,5.0,5.0,4.0,14.0,9.0,0.0,10.0,5.0,0.844833042605305,0.5035714285714286,4.0,0.0,3.0,1.795,2.285
MgZrCaTiO6,1.0,1.31,1.155,89.0,134.0,111.5,6.113,7.646,6.8795,0.0,0.025,0.0125,3.0,4.0,3.5,2.0,2.0,2.0,0.0,0.0,0.0,1.33,1.54,1.435,60.5,72.0,66.25,6.634,6.828,6.731,0.079,0.426,0.2525,4.0,5.0,4.5,4.0,4.0,4.0,0.0,0.0,0.0,0.8622417234832325,0.4732142857142857,4.0,0.0,11.5,2.005,2.285
MgZrInTaO6,1.31,1.78,1.545,89.0,140.0,114.5,5.786,7.646,6.715999999999999,0.0,0.3,0.15,3.0,5.0,4.0,2.0,13.0,7.5,0.0,10.0,5.0,1.33,1.5,1.415,64.0,72.0,68.0,6.634,7.55,7.0920000000000005,0.322,0.426,0.374,5.0,6.0,5.5,4.0,5.0,4.5,0.0,0.0,0.0,0.8651859414037323,0.4857142857142857,3.0,1.0,8.0,2.025,1.895
MgZrLaAlO6,1.1,1.31,1.205,89.0,136.0,112.5,5.577,7.646,6.6114999999999995,0.0,0.47,0.235,3.0,6.0,4.5,2.0,3.0,2.5,0.0,0.0,0.0,1.33,1.61,1.4700000000000002,53.5,72.0,62.75,5.986,6.634,6.3100000000000005,0.426,0.433,0.4295,3.0,5.0,4.0,4.0,13.0,8.5,0.0,0.0,0.0,0.8806138705282527,0.44821428571428573,5.0,0.0,18.5,1.9699999999999998,2.235
MgZrLaGaO6,1.1,1.31,1.205,89.0,136.0,112.5,5.577,7.646,6.6114999999999995,0.0,0.47,0.235,3.0,6.0,4.5,2.0,3.0,2.5,0.0,0.0,0.0,1.33,1.81,1.57,62.0,72.0,67.0,5.999,6.634,6.3165,0.426,0.43,0.428,4.0,5.0,4.5,4.0,13.0,8.5,0.0,10.0,5.0,0.8625336340560542,0.4785714285714286,5.0,0.0,10.0,1.8699999999999999,2.235
MgZrLaInO6,1.1,1.31,1.205,89.0,136.0,112.5,5.577,7.646,6.6114999999999995,0.0,0.47,0.235,3.0,6.0,4.5,2.0,3.0,2.5,0.0,0.0,0.0,1.33,1.78,1.5550000000000002,72.0,80.0,76.0,5.786,6.634,6.21,0.3,0.426,0.363,5.0,5.0,5.0,4.0,13.0,8.5,0.0,10.0,5.0,0.8265947326370521,0.5428571428571428,5.0,0.0,8.0,1.8849999999999998,2.235
MgZrLiNbO6,0.98,1.31,1.145,89.0,92.0,90.5,5.392,7.646,6.519,0.0,0.618,0.309,2.0,3.0,2.5,1.0,2.0,1.5,0.0,0.0,0.0,1.33,1.6,1.465,64.0,72.0,68.0,6.634,6.759,6.6965,0.426,0.917,0.6715,5.0,5.0,5.0,4.0,5.0,4.5,0.0,0.0,0.0,0.7835966974206692,0.4857142857142857,3.0,0.0,8.0,1.9749999999999999,2.295
MgZrLiVO6,0.98,1.31,1.145,89.0,92.0,90.5,5.392,7.646,6.519,0.0,0.618,0.309,2.0,3.0,2.5,1.0,2.0,1.5,0.0,0.0,0.0,1.33,1.63,1.48,54.0,72.0,63.0,6.634,6.746,6.69,0.426,0.525,0.47550000000000003,4.0,5.0,4.5,4.0,5.0,4.5,0.0,0.0,0.0,0.8028971086871881,0.45,3.0,0.0,18.0,1.96,2.295
MgZrMgTiO6,1.31,1.31,1.31,89.0,89.0,89.0,7.646,7.646,7.646,0.0,0.0,0.0,3.0,3.0,3.0,2.0,2.0,2.0,0.0,0.0,0.0,1.33,1.54,1.435,60.5,72.0,66.25,6.634,6.828,6.731,0.079,0.426,0.2525,4.0,5.0,4.5,4.0,4.0,4.0,0.0,0.0,0.0,0.7851028018992454,0.4732142857142857,4.0,0.0,11.5,2.005,2.13
MgZrNaNbO6,0.93,1.31,1.12,89.0,139.0,114.0,5.139,7.646,6.3925,0.0,0.548,0.274,3.0,3.0,3.0,1.0,2.0,1.5,0.0,0.0,0.0,1.33,1.6,1.465,64.0,72.0,68.0,6.634,6.759,6.6965,0.426,0.917,0.6715,5.0,5.0,5.0,4.0,5.0,4.5,0.0,0.0,0.0,0.8634861654874185,0.4857142857142857,3.0,0.0,8.0,1.9749999999999999,2.32
MgZrNaSbO6,0.93,1.31,1.12,89.0,139.0,114.0,5.139,7.646,6.3925,0.0,0.548,0.274,3.0,3.0,3.0,1.0,2.0,1.5,0.0,0.0,0.0,1.33,2.05,1.69,60.0,72.0,66.0,6.634,8.608,7.621,0.426,1.046,0.736,5.0,5.0,5.0,4.0,15.0,9.5,0.0,10.0,5.0,0.8718695263173935,0.4714285714285714,3.0,0.0,12.0,1.75,2.32
MgZrNaVO6,0.93,1.31,1.12,89.0,139.0,114.0,5.139,7.646,6.3925,0.0,0.548,0.274,3.0,3.0,3.0,1.0,2.0,1.5,0.0,0.0,0.0,1.33,1.63,1.48,54.0,72.0,63.0,6.634,6.746,6.69,0.426,0.525,0.47550000000000003,4.0,5.0,4.5,4.0,5.0,4.5,0.0,0.0,0.0,0.884754297642281,0.45,3.0,0.0,18.0,1.96,2.32
MgZrPbHfO6,1.31,1.8,1.5550000000000002,89.0,149.0,119.0,7.417,7.646,7.531499999999999,0.0,0.357,0.1785,3.0,6.0,4.5,2.0,14.0,8.0,0.0,10.0,5.0,1.3,1.33,1.315,71.0,72.0,71.5,6.634,6.825,6.7295,0.014,0.426,0.22,5.0,6.0,5.5,4.0,4.0,4.0,0.0,0.0,0.0,0.8659132686870723,0.5107142857142857,4.0,1.0,1.0,2.125,1.8849999999999998
MgZrPbTiO6,1.31,1.8,1.5550000000000002,89.0,149.0,119.0,7.417,7.646,7.531499999999999,0.0,0.357,0.1785,3.0,6.0,4.5,2.0,14.0,8.0,0.0,10.0,5.0,1.33,1.54,1.435,60.5,72.0,66.25,6.634,6.828,6.731,0.079,0.426,0.2525,4.0,5.0,4.5,4.0,4.0,4.0,0.0,0.0,0.0,0.8879546973445614,0.4732142857142857,4.0,1.0,11.5,2.005,1.8849999999999998
MgZrPbZrO6,1.31,1.8,1.5550000000000002,89.0,149.0,119.0,7.417,7.646,7.531499999999999,0.0,0.357,0.1785,3.0,6.0,4.5,2.0,14.0,8.0,0.0,10.0,5.0,1.33,1.33,1.33,72.0,72.0,72.0,6.634,6.634,6.634,0.426,0.426,0.426,5.0,5.0,5.0,4.0,4.0,4.0,0.0,0.0,0.0,0.8638710204118669,0.5142857142857142,4.0,1.0,0.0,2.11,1.8849999999999998
MgZrRbNbO6,0.82,1.31,1.065,89.0,172.0,130.5,4.177,7.646,5.9115,0.0,0.486,0.243,3.0,5.0,4.0,1.0,2.0,1.5,0.0,0.0,0.0,1.33,1.6,1.465,64.0,72.0,68.0,6.634,6.759,6.6965,0.426,0.917,0.6715,5.0,5.0,5.0,4.0,5.0,4.5,0.0,0.0,0.0,0.9195787707257744,0.4857142857142857,3.0,0.0,8.0,1.9749999999999999,2.375
MgZrSnHfO6,1.31,1.96,1.635,89.0,118.0,103.5,7.344,7.646,7.495,0.0,1.112,0.556,3.0,5.0,4.0,2.0,14.0,8.0,0.0,10.0,5.0,1.3,1.33,1.315,71.0,72.0,71.5,6.634,6.825,6.7295,0.014,0.426,0.22,5.0,6.0,5.5,4.0,4.0,4.0,0.0,0.0,0.0,0.8140922043447958,0.5107142857142857,4.0,1.0,1.0,2.125,1.805
MgZrSnTiO6,1.31,1.96,1.635,89.0,118.0,103.5,7.344,7.646,7.495,0.0,1.112,0.556,3.0,5.0,4.0,2.0,14.0,8.0,0.0,10.0,5.0,1.33,1.54,1.435,60.5,72.0,66.25,6.634,6.828,6.731,0.079,0.426,0.2525,4.0,5.0,4.5,4.0,4.0,4.0,0.0,0.0,0.0,0.8348145513644815,0.4732142857142857,4.0,1.0,11.5,2.005,1.805
MgZrSnZrO6,1.31,1.96,1.635,89.0,118.0,103.5,7.344,7.646,7.495,0.0,1.112,0.556,3.0,5.0,4.0,2.0,14.0,8.0,0.0,10.0,5.0,1.33,1.33,1.33,72.0,72.0,72.0,6.634,6.634,6.634,0.426,0.426,0.426,5.0,5.0,5.0,4.0,4.0,4.0,0.0,0.0,0.0,0.8121721755609637,0.5142857142857142,4.0,1.0,0.0,2.11,1.805
MgZrSrGeO6,0.95,1.31,1.13,89.0,144.0,116.5,5.695,7.646,6.6705000000000005,0.0,0.048,0.024,3.0,5.0,4.0,2.0,2.0,2.0,0.0,0.0,0.0,1.33,2.01,1.67,53.0,72.0,62.5,6.634,7.899,7.266500000000001,0.426,1.233,0.8295,4.0,5.0,4.5,4.0,14.0,9.0,0.0,10.0,5.0,0.89566858950296,0.44642857142857145,4.0,0.0,19.0,1.77,2.31
MgZrSrSiO6,0.95,1.31,1.13,89.0,144.0,116.5,5.695,7.646,6.6705000000000005,0.0,0.048,0.024,3.0,5.0,4.0,2.0,2.0,2.0,0.0,0.0,0.0,1.33,1.9,1.615,40.0,72.0,56.0,6.634,8.152,7.393,0.426,1.39,0.9079999999999999,3.0,5.0,4.0,4.0,14.0,9.0,0.0,0.0,0.0,0.9253718845630072,0.4,4.0,0.0,32.0,1.825,2.31
MgZrSrSnO6,0.95,1.31,1.13,89.0,144.0,116.5,5.695,7.646,6.6705000000000005,0.0,0.048,0.024,3.0,5.0,4.0,2.0,2.0,2.0,0.0,0.0,0.0,1.33,1.96,1.645,69.0,72.0,70.5,6.634,7.344,6.989000000000001,0.426,1.112,0.769,5.0,5.0,5.0,4.0,14.0,9.0,0.0,10.0,5.0,0.8616289281441778,0.5035714285714286,4.0,0.0,3.0,1.795,2.31
MgZrSrTiO6,0.95,1.31,1.13,89.0,144.0,116.5,5.695,7.646,6.6705000000000005,0.0,0.048,0.024,3.0,5.0,4.0,2.0,2.0,2.0,0.0,0.0,0.0,1.33,1.54,1.435,60.5,72.0,66.25,6.634,6.828,6.731,0.079,0.426,0.2525,4.0,5.0,4.5,4.0,4.0,4.0,0.0,0.0,0.0,0.8793837060574518,0.4732142857142857,4.0,0.0,11.5,2.005,2.31
MgZrTlNbO6,1.31,1.8,1.5550000000000002,89.0,170.0,129.5,6.108,7.646,6.877,0.0,0.377,0.1885,3.0,6.0,4.5,2.0,13.0,7.5,0.0,10.0,5.0,1.33,1.6,1.465,64.0,72.0,68.0,6.634,6.759,6.6965,0.426,0.917,0.6715,5.0,5.0,5.0,4.0,5.0,4.5,0.0,0.0,0.0,0.9161792188931468,0.4857142857142857,3.0,1.0,8.0,1.9749999999999999,1.8849999999999998
MgZrTlTaO6,1.31,1.8,1.5550000000000002,89.0,170.0,129.5,6.108,7.646,6.877,0.0,0.377,0.1885,3.0,6.0,4.5,2.0,13.0,7.5,0.0,10.0,5.0,1.33,1.5,1.415,64.0,72.0,68.0,6.634,7.55,7.0920000000000005,0.322,0.426,0.374,5.0,6.0,5.5,4.0,5.0,4.5,0.0,0.0,0.0,0.9161792188931468,0.4857142857142857,3.0,1.0,8.0,2.025,1.8849999999999998
MgZrYAlO6,1.22,1.31,1.2650000000000001,89.0,107.5,98.25,6.217,7.646,6.9315,0.0,0.307,0.1535,3.0,5.0,4.0,2.0,3.0,2.5,0.0,0.0,0.0,1.33,1.61,1.4700000000000002,53.5,72.0,62.75,5.986,6.634,6.3100000000000005,0.426,0.433,0.4295,3.0,5.0,4.0,4.0,13.0,8.5,0.0,0.0,0.0,0.8309158600132919,0.44821428571428573,5.0,0.0,18.5,1.9699999999999998,2.175
NaNbAgNbO6,0.93,1.93,1.43,128.0,139.0,133.5,5.139,7.576,6.3575,0.548,1.302,0.925,3.0,5.0,4.0,1.0,11.0,6.0,0.0,10.0,5.0,1.6,1.6,1.6,64.0,64.0,64.0,6.759,6.759,6.759,0.917,0.917,0.917,5.0,5.0,5.0,5.0,5.0,5.0,0.0,0.0,0.0,0.9480083561496115,0.45714285714285713,2.0,0.0,0.0,1.8399999999999999,2.01
NaNbCaGeO6,0.93,1.0,0.9650000000000001,134.0,139.0,136.5,5.139,6.113,5.626,0.025,0.548,0.28650000000000003,3.0,4.0,3.5,1.0,2.0,1.5,0.0,0.0,0.0,1.6,2.01,1.805,53.0,64.0,58.5,6.759,7.899,7.329000000000001,0.917,1.233,1.0750000000000002,4.0,5.0,4.5,5.0,14.0,9.5,0.0,10.0,5.0,0.9849623425595989,0.41785714285714287,3.0,0.0,11.0,1.635,2.4749999999999996
NaNbCaSiO6,0.93,1.0,0.9650000000000001,134.0,139.0,136.5,5.139,6.113,5.626,0.025,0.548,0.28650000000000003,3.0,4.0,3.5,1.0,2.0,1.5,0.0,0.0,0.0,1.6,1.9,1.75,40.0,64.0,52.0,6.759,8.152,7.4555,0.917,1.39,1.1535,3.0,5.0,4.0,5.0,14.0,9.5,0.0,0.0,0.0,1.018307421865002,0.37142857142857144,3.0,0.0,24.0,1.69,2.4749999999999996
NaNbCaSnO6,0.93,1.0,0.9650000000000001,134.0,139.0,136.5,5.139,6.113,5.626,0.025,0.548,0.28650000000000003,3.0,4.0,3.5,1.0,2.0,1.5,0.0,0.0,0.0,1.6,1.96,1.78,64.0,69.0,66.5,6.759,7.344,7.051500000000001,0.917,1.112,1.0145,5.0,5.0,5.0,5.0,14.0,9.5,0.0,10.0,5.0,0.946803995148089,0.475,3.0,0.0,5.0,1.66,2.4749999999999996
NaNbCaTiO6,0.93,1.0,0.9650000000000001,134.0,139.0,136.5,5.139,6.113,5.626,0.025,0.548,0.28650000000000003,3.0,4.0,3.5,1.0,2.0,1.5,0.0,0.0,0.0,1.54,1.6,1.57,60.5,64.0,62.25,6.759,6.828,6.7935,0.079,0.917,0.498,4.0,5.0,4.5,4.0,5.0,4.5,0.0,0.0,0.0,0.9666997527717199,0.4446428571428571,3.0,0.0,3.5,1.8699999999999999,2.4749999999999996
NaNbLaAlO6,0.93,1.1,1.0150000000000001,136.0,139.0,137.5,5.139,5.577,5.3580000000000005,0.47,0.548,0.509,3.0,6.0,4.5,1.0,3.0,2.0,0.0,0.0,0.0,1.6,1.61,1.605,53.5,64.0,58.75,5.986,6.759,6.3725000000000005,0.433,0.917,0.675,3.0,5.0,4.0,5.0,13.0,9.0,0.0,0.0,0.0,0.9872811661849908,0.41964285714285715,4.0,0.0,10.5,1.835,2.425
NaNbLaGaO6,0.93,1.1,1.0150000000000001,136.0,139.0,137.5,5.139,5.577,5.3580000000000005,0.47,0.548,0.509,3.0,6.0,4.5,1.0,3.0,2.0,0.0,0.0,0.0,1.6,1.81,1.705,62.0,64.0,63.0,5.999,6.759,6.379,0.43,0.917,0.6735,4.0,5.0,4.5,5.0,13.0,9.0,0.0,10.0,5.0,0.966611486597374,0.45,4.0,0.0,2.0,1.7349999999999999,2.425
NaNbLaInO6,0.93,1.1,1.0150000000000001,136.0,139.0,137.5,5.139,5.577,5.3580000000000005,0.47,0.548,0.509,3.0,6.0,4.5,1.0,3.0,2.0,0.0,0.0,0.0,1.6,1.78,1.69,64.0,80.0,72.0,5.786,6.759,6.2725,0.3,0.917,0.6085,5.0,5.0,5.0,5.0,13.0,9.0,0.0,10.0,5.0,0.9255760932984288,0.5142857142857142,4.0,0.0,16.0,1.75,2.425
NaNbLiNbO6,0.93,0.98,0.9550000000000001,92.0,139.0,115.5,5.139,5.392,5.2655,0.548,0.618,0.583,2.0,3.0,2.5,1.0,1.0,1.0,0.0,0.0,0.0,1.6,1.6,1.6,64.0,64.0,64.0,6.759,6.759,6.759,0.917,0.917,0.917,5.0,5.0,5.0,5.0,5.0,5.0,0.0,0.0,0.0,0.8856165813390338,0.45714285714285713,2.0,0.0,0.0,1.8399999999999999,2.485
NaNbLiVO6,0.93,0.98,0.9550000000000001,92.0,139.0,115.5,5.139,5.392,5.2655,0.548,0.618,0.583,2.0,3.0,2.5,1.0,1.0,1.0,0.0,0.0,0.0,1.6,1.63,1.615,54.0,64.0,59.0,6.746,6.759,6.7525,0.525,0.917,0.7210000000000001,4.0,5.0,4.5,5.0,5.0,5.0,0.0,0.0,0.0,0.9078682542369995,0.42142857142857143,2.0,0.0,10.0,1.825,2.485
NaNbMgTiO6,0.93,1.31,1.12,89.0,139.0,114.0,5.139,7.646,6.3925,0.0,0.548,0.274,3.0,3.0,3.0,1.0,2.0,1.5,0.0,0.0,0.0,1.54,1.6,1.57,60.5,64.0,62.25,6.759,6.828,6.7935,0.079,0.917,0.498,4.0,5.0,4.5,4.0,5.0,4.5,0.0,0.0,0.0,0.8880352159277283,0.4446428571428571,3.0,0.0,3.5,1.8699999999999999,2.32
NaNbNaSbO6,0.93,0.93,0.93,139.0,139.0,139.0,5.139,5.139,5.139,0.548,0.548,0.548,3.0,3.0,3.0,1.0,1.0,1.0,0.0,0.0,0.0,1.6,2.05,1.825,60.0,64.0,62.0,6.759,8.608,7.6835,0.917,1.046,0.9815,5.0,5.0,5.0,5.0,15.0,10.0,0.0,10.0,5.0,0.9766474849061719,0.44285714285714284,2.0,0.0,4.0,1.615,2.51
NaNbNaVO6,0.93,0.93,0.93,139.0,139.0,139.0,5.139,5.139,5.139,0.548,0.548,0.548,3.0,3.0,3.0,1.0,1.0,1.0,0.0,0.0,0.0,1.6,1.63,1.615,54.0,64.0,59.0,6.746,6.759,6.7525,0.525,0.917,0.7210000000000001,4.0,5.0,4.5,5.0,5.0,5.0,0.0,0.0,0.0,0.9913708138243555,0.42142857142857143,2.0,0.0,10.0,1.825,2.51
NaNbSnTiO6,0.93,1.96,1.445,118.0,139.0,128.5,5.139,7.344,6.2415,0.548,1.112,0.8300000000000001,3.0,5.0,4.0,1.0,14.0,7.5,0.0,10.0,5.0,1.54,1.6,1.57,60.5,64.0,62.25,6.759,6.828,6.7935,0.079,0.917,0.498,4.0,5.0,4.5,4.0,5.0,4.5,0.0,0.0,0.0,0.9387301396716341,0.4446428571428571,3.0,1.0,3.5,1.8699999999999999,1.9949999999999999
NaNbSrGeO6,0.93,0.95,0.94,139.0,144.0,141.5,5.139,5.695,5.417,0.048,0.548,0.29800000000000004,3.0,5.0,4.0,1.0,2.0,1.5,0.0,0.0,0.0,1.6,2.01,1.805,53.0,64.0,58.5,6.759,7.899,7.329000000000001,0.917,1.233,1.0750000000000002,4.0,5.0,4.5,5.0,14.0,9.5,0.0,10.0,5.0,1.002773596493769,0.41785714285714287,3.0,0.0,11.0,1.635,2.5
NaNbSrSiO6,0.93,0.95,0.94,139.0,144.0,141.5,5.139,5.695,5.417,0.048,0.548,0.29800000000000004,3.0,5.0,4.0,1.0,2.0,1.5,0.0,0.0,0.0,1.6,1.9,1.75,40.0,64.0,52.0,6.759,8.152,7.4555,0.917,1.39,1.1535,3.0,5.0,4.0,5.0,14.0,9.5,0.0,0.0,0.0,1.0367216609584016,0.37142857142857144,3.0,0.0,24.0,1.69,2.5
NaNbSrSnO6,0.93,0.95,0.94,139.0,144.0,141.5,5.139,5.695,5.417,0.048,0.548,0.29800000000000004,3.0,5.0,4.0,1.0,2.0,1.5,0.0,0.0,0.0,1.6,1.96,1.78,64.0,69.0,66.5,6.759,7.344,7.051500000000001,0.917,1.112,1.0145,5.0,5.0,5.0,5.0,14.0,9.5,0.0,10.0,5.0,0.9639252247167706,0.475,3.0,0.0,5.0,1.66,2.5
NaNbSrTiO6,0.93,0.95,0.94,139.0,144.0,141.5,5.139,5.695,5.417,0.048,0.548,0.29800000000000004,3.0,5.0,4.0,1.0,2.0,1.5,0.0,0.0,0.0,1.54,1.6,1.57,60.5,64.0,62.25,6.759,6.828,6.7935,0.079,0.917,0.498,4.0,5.0,4.5,4.0,5.0,4.5,0.0,0.0,0.0,0.9841807609592736,0.4446428571428571,3.0,0.0,3.5,1.8699999999999999,2.5
NaNbYAlO6,0.93,1.22,1.075,107.5,139.0,123.25,5.139,6.217,5.678,0.307,0.548,0.4275,3.0,5.0,4.0,1.0,3.0,2.0,0.0,0.0,0.0,1.6,1.61,1.605,53.5,64.0,58.75,5.986,6.759,6.3725000000000005,0.433,0.917,0.675,3.0,5.0,4.0,5.0,13.0,9.0,0.0,0.0,0.0,0.9365829441376535,0.41964285714285715,4.0,0.0,10.5,1.835,2.365
NaSbAgNbO6,0.93,1.93,1.43,128.0,139.0,133.5,5.139,7.576,6.3575,0.548,1.302,0.925,3.0,5.0,4.0,1.0,11.0,6.0,0.0,10.0,5.0,1.6,2.05,1.825,60.0,64.0,62.0,6.759,8.608,7.6835,0.917,1.046,0.9815,5.0,5.0,5.0,5.0,15.0,10.0,0.0,10.0,5.0,0.9573945774976274,0.44285714285714284,2.0,0.0,4.0,1.615,2.01
NaSbCaGeO6,0.93,1.0,0.9650000000000001,134.0,139.0,136.5,5.139,6.113,5.626,0.025,0.548,0.28650000000000003,3.0,4.0,3.5,1.0,2.0,1.5,0.0,0.0,0.0,2.01,2.05,2.03,53.0,60.0,56.5,7.899,8.608,8.2535,1.046,1.233,1.1395,4.0,5.0,4.5,14.0,15.0,14.5,10.0,10.0,10.0,0.9949874045703836,0.4035714285714286,3.0,0.0,7.0,1.4100000000000001,2.4749999999999996
NaSbCaSiO6,0.93,1.0,0.9650000000000001,134.0,139.0,136.5,5.139,6.113,5.626,0.025,0.548,0.28650000000000003,3.0,4.0,3.5,1.0,2.0,1.5,0.0,0.0,0.0,1.9,2.05,1.9749999999999999,40.0,60.0,50.0,8.152,8.608,8.379999999999999,1.046,1.39,1.218,3.0,5.0,4.0,14.0,15.0,14.5,0.0,10.0,5.0,1.0290264473583177,0.35714285714285715,3.0,0.0,20.0,1.465,2.4749999999999996
NaSbCaSnO6,0.93,1.0,0.9650000000000001,134.0,139.0,136.5,5.139,6.113,5.626,0.025,0.548,0.28650000000000003,3.0,4.0,3.5,1.0,2.0,1.5,0.0,0.0,0.0,1.96,2.05,2.005,60.0,69.0,64.5,7.344,8.608,7.976000000000001,1.046,1.112,1.0790000000000002,5.0,5.0,5.0,14.0,15.0,14.5,10.0,10.0,10.0,0.9560636919221535,0.4607142857142857,3.0,0.0,9.0,1.435,2.4749999999999996
NaSbCaTiO6,0.93,1.0,0.9650000000000001,134.0,139.0,136.5,5.139,6.113,5.626,0.025,0.548,0.28650000000000003,3.0,4.0,3.5,1.0,2.0,1.5,0.0,0.0,0.0,1.54,2.05,1.795,60.0,60.5,60.25,6.828,8.608,7.718,0.079,1.046,0.5625,4.0,5.0,4.5,4.0,15.0,9.5,0.0,10.0,5.0,0.9763546816383539,0.4303571428571429,3.0,0.0,0.5,1.645,2.4749999999999996
NaSbLaAlO6,0.93,1.1,1.0150000000000001,136.0,139.0,137.5,5.139,5.577,5.3580000000000005,0.47,0.548,0.509,3.0,6.0,4.5,1.0,3.0,2.0,0.0,0.0,0.0,1.61,2.05,1.83,53.5,60.0,56.75,5.986,8.608,7.297000000000001,0.433,1.046,0.7395,3.0,5.0,4.0,13.0,15.0,14.0,0.0,10.0,5.0,0.9973170611398573,0.40535714285714286,4.0,0.0,6.5,1.6099999999999999,2.425
NaSbLaGaO6,0.93,1.1,1.0150000000000001,136.0,139.0,137.5,5.139,5.577,5.3580000000000005,0.47,0.548,0.509,3.0,6.0,4.5,1.0,3.0,2.0,0.0,0.0,0.0,1.81,2.05,1.93,60.0,62.0,61.0,5.999,8.608,7.3035,0.43,1.046,0.738,4.0,5.0,4.5,13.0,15.0,14.0,10.0,10.0,10.0,0.9762295113396364,0.4357142857142857,4.0,0.0,2.0,1.51,2.425
NaSbLaInO6,0.93,1.1,1.0150000000000001,136.0,139.0,137.5,5.139,5.577,5.3580000000000005,0.47,0.548,0.509,3.0,6.0,4.5,1.0,3.0,2.0,0.0,0.0,0.0,1.78,2.05,1.915,60.0,80.0,70.0,5.786,8.608,7.197,0.3,1.046,0.673,5.0,5.0,5.0,13.0,15.0,14.0,10.0,10.0,10.0,0.9343911037107949,0.5,4.0,0.0,20.0,1.525,2.425
NaSbLiNbO6,0.93,0.98,0.9550000000000001,92.0,139.0,115.5,5.139,5.392,5.2655,0.548,0.618,0.583,2.0,3.0,2.5,1.0,1.0,1.0,0.0,0.0,0.0,1.6,2.05,1.825,60.0,64.0,62.0,6.759,8.608,7.6835,0.917,1.046,0.9815,5.0,5.0,5.0,5.0,15.0,10.0,0.0,10.0,5.0,0.8943850623423905,0.44285714285714284,2.0,0.0,4.0,1.615,2.485
NaSbLiVO6,0.93,0.98,0.9550000000000001,92.0,139.0,115.5,5.139,5.392,5.2655,0.548,0.618,0.583,2.0,3.0,2.5,1.0,1.0,1.0,0.0,0.0,0.0,1.63,2.05,1.8399999999999999,54.0,60.0,57.0,6.746,8.608,7.6770000000000005,0.525,1.046,0.7855000000000001,4.0,5.0,4.5,5.0,15.0,10.0,0.0,10.0,5.0,0.9170851908282379,0.40714285714285714,2.0,0.0,6.0,1.6,2.485
NaSbMgTiO6,0.93,1.31,1.12,89.0,139.0,114.0,5.139,7.646,6.3925,0.0,0.548,0.274,3.0,3.0,3.0,1.0,2.0,1.5,0.0,0.0,0.0,1.54,2.05,1.795,60.0,60.5,60.25,6.828,8.608,7.718,0.079,1.046,0.5625,4.0,5.0,4.5,4.0,15.0,9.5,0.0,10.0,5.0,0.896904481505034,0.4303571428571429,3.0,0.0,0.5,1.645,2.32
NaSbNaVO6,0.93,0.93,0.93,139.0,139.0,139.0,5.139,5.139,5.139,0.548,0.548,0.548,3.0,3.0,3.0,1.0,1.0,1.0,0.0,0.0,0.0,1.63,2.05,1.8399999999999999,54.0,60.0,57.0,6.746,8.608,7.6770000000000005,0.525,1.046,0.7855000000000001,4.0,5.0,4.5,5.0,15.0,10.0,0.0,10.0,5.0,1.001435492137293,0.40714285714285714,2.0,0.0,6.0,1.6,2.51
NaSbSnTiO6,0.93,1.96,1.445,118.0,139.0,128.5,5.139,7.344,6.2415,0.548,1.112,0.8300000000000001,3.0,5.0,4.0,1.0,14.0,7.5,0.0,10.0,5.0,1.54,2.05,1.795,60.0,60.5,60.25,6.828,8.608,7.718,0.079,1.046,0.5625,4.0,5.0,4.5,4.0,15.0,9.5,0.0,10.0,5.0,0.9481057215909513,0.4303571428571429,3.0,1.0,0.5,1.645,1.9949999999999999
NaSbSrGeO6,0.93,0.95,0.94,139.0,144.0,141.5,5.139,5.695,5.417,0.048,0.548,0.29800000000000004,3.0,5.0,4.0,1.0,2.0,1.5,0.0,0.0,0.0,2.01,2.05,2.03,53.0,60.0,56.5,7.899,8.608,8.2535,1.046,1.233,1.1395,4.0,5.0,4.5,14.0,15.0,14.5,10.0,10.0,10.0,1.0129799435318734,0.4035714285714286,3.0,0.0,7.0,1.4100000000000001,2.5
NaSbSrSiO6,0.93,0.95,0.94,139.0,144.0,141.5,5.139,5.695,5.417,0.048,0.548,0.29800000000000004,3.0,5.0,4.0,1.0,2.0,1.5,0.0,0.0,0.0,1.9,2.05,1.9749999999999999,40.0,60.0,50.0,8.152,8.608,8.379999999999999,1.046,1.39,1.218,3.0,5.0,4.0,14.0,15.0,14.5,0.0,10.0,5.0,1.0476345205474376,0.35714285714285715,3.0,0.0,20.0,1.465,2.5
NaSbSrSnO6,0.93,0.95,0.94,139.0,144.0,141.5,5.139,5.695,5.417,0.048,0.548,0.29800000000000004,3.0,5.0,4.0,1.0,2.0,1.5,0.0,0.0,0.0,1.96,2.05,2.005,60.0,69.0,64.5,7.344,8.608,7.976000000000001,1.046,1.112,1.0790000000000002,5.0,5.0,5.0,14.0,15.0,14.5,10.0,10.0,10.0,0.9733523662787927,0.4607142857142857,3.0,0.0,9.0,1.435,2.5
NaSbSrTiO6,0.93,0.95,0.94,139.0,144.0,141.5,5.139,5.695,5.417,0.048,0.548,0.29800000000000004,3.0,5.0,4.0,1.0,2.0,1.5,0.0,0.0,0.0,1.54,2.05,1.795,60.0,60.5,60.25,6.828,8.608,7.718,0.079,1.046,0.5625,4.0,5.0,4.5,4.0,15.0,9.5,0.0,10.0,5.0,0.9940102816679807,0.4303571428571429,3.0,0.0,0.5,1.645,2.5
NaSbYAlO6,0.93,1.22,1.075,107.5,139.0,123.25,5.139,6.217,5.678,0.307,0.548,0.4275,3.0,5.0,4.0,1.0,3.0,2.0,0.0,0.0,0.0,1.61,2.05,1.83,53.5,60.0,56.75,5.986,8.608,7.297000000000001,0.433,1.046,0.7395,3.0,5.0,4.0,13.0,15.0,14.0,0.0,10.0,5.0,0.9461034823245673,0.40535714285714286,4.0,0.0,6.5,1.6099999999999999,2.365
NaTaAgNbO6,0.93,1.93,1.43,128.0,139.0,133.5,5.139,7.576,6.3575,0.548,1.302,0.925,3.0,5.0,4.0,1.0,11.0,6.0,0.0,10.0,5.0,1.5,1.6,1.55,64.0,64.0,64.0,6.759,7.55,7.1545000000000005,0.322,0.917,0.6195,5.0,6.0,5.5,5.0,5.0,5.0,0.0,0.0,0.0,0.9480083561496115,0.45714285714285713,2.0,0.0,0.0,1.89,2.01
NaTaAgTaO6,0.93,1.93,1.43,128.0,139.0,133.5,5.139,7.576,6.3575,0.548,1.302,0.925,3.0,5.0,4.0,1.0,11.0,6.0,0.0,10.0,5.0,1.5,1.5,1.5,64.0,64.0,64.0,7.55,7.55,7.55,0.322,0.322,0.322,6.0,6.0,6.0,5.0,5.0,5.0,0.0,0.0,0.0,0.9480083561496115,0.45714285714285713,2.0,0.0,0.0,1.94,2.01
NaTaBaSnO6,0.89,0.93,0.91,139.0,161.0,150.0,5.139,5.212,5.1754999999999995,0.145,0.548,0.34650000000000003,3.0,6.0,4.5,1.0,2.0,1.5,0.0,0.0,0.0,1.5,1.96,1.73,64.0,69.0,66.5,7.344,7.55,7.447,0.322,1.112,0.7170000000000001,5.0,6.0,5.5,5.0,14.0,9.5,0.0,10.0,5.0,0.9930313149835291,0.475,3.0,0.0,5.0,1.71,2.53
NaTaBaTiO6,0.89,0.93,0.91,139.0,161.0,150.0,5.139,5.212,5.1754999999999995,0.145,0.548,0.34650000000000003,3.0,6.0,4.5,1.0,2.0,1.5,0.0,0.0,0.0,1.5,1.54,1.52,60.5,64.0,62.25,6.828,7.55,7.189,0.079,0.322,0.2005,4.0,6.0,5.0,4.0,5.0,4.5,0.0,0.0,0.0,1.013898474878115,0.4446428571428571,3.0,0.0,3.5,1.92,2.53
NaTaCaGeO6,0.93,1.0,0.9650000000000001,134.0,139.0,136.5,5.139,6.113,5.626,0.025,0.548,0.28650000000000003,3.0,4.0,3.5,1.0,2.0,1.5,0.0,0.0,0.0,1.5,2.01,1.755,53.0,64.0,58.5,7.55,7.899,7.7245,0.322,1.233,0.7775000000000001,4.0,6.0,5.0,5.0,14.0,9.5,0.0,10.0,5.0,0.9849623425595989,0.41785714285714287,3.0,0.0,11.0,1.685,2.4749999999999996
NaTaCaSiO6,0.93,1.0,0.9650000000000001,134.0,139.0,136.5,5.139,6.113,5.626,0.025,0.548,0.28650000000000003,3.0,4.0,3.5,1.0,2.0,1.5,0.0,0.0,0.0,1.5,1.9,1.7,40.0,64.0,52.0,7.55,8.152,7.850999999999999,0.322,1.39,0.856,3.0,6.0,4.5,5.0,14.0,9.5,0.0,0.0,0.0,1.018307421865002,0.37142857142857144,3.0,0.0,24.0,1.74,2.4749999999999996
NaTaCaSnO6,0.93,1.0,0.9650000000000001,134.0,139.0,136.5,5.139,6.113,5.626,0.025,0.548,0.28650000000000003,3.0,4.0,3.5,1.0,2.0,1.5,0.0,0.0,0.0,1.5,1.96,1.73,64.0,69.0,66.5,7.344,7.55,7.447,0.322,1.112,0.7170000000000001,5.0,6.0,5.5,5.0,14.0,9.5,0.0,10.0,5.0,0.946803995148089,0.475,3.0,0.0,5.0,1.71,2.4749999999999996
NaTaCaTiO6,0.93,1.0,0.9650000000000001,134.0,139.0,136.5,5.139,6.113,5.626,0.025,0.548,0.28650000000000003,3.0,4.0,3.5,1.0,2.0,1.5,0.0,0.0,0.0,1.5,1.54,1.52,60.5,64.0,62.25,6.828,7.55,7.189,0.079,0.322,0.2005,4.0,6.0,5.0,4.0,5.0,4.5,0.0,0.0,0.0,0.9666997527717199,0.4446428571428571,3.0,0.0,3.5,1.92,2.4749999999999996
NaTaCsNbO6,0.79,0.93,0.8600000000000001,139.0,188.0,163.5,3.894,5.139,4.516500000000001,0.472,0.548,0.51,3.0,6.0,4.5,1.0,1.0,1.0,0.0,0.0,0.0,1.5,1.6,1.55,64.0,64.0,64.0,6.759,7.55,7.1545000000000005,0.322,0.917,0.6195,5.0,6.0,5.5,5.0,5.0,5.0,0.0,0.0,0.0,1.0519946475005744,0.45714285714285713,2.0,0.0,0.0,1.89,2.58
NaTaCsVO6,0.79,0.93,0.8600000000000001,139.0,188.0,163.5,3.894,5.139,4.516500000000001,0.472,0.548,0.51,3.0,6.0,4.5,1.0,1.0,1.0,0.0,0.0,0.0,1.5,1.63,1.565,54.0,64.0,59.0,6.746,7.55,7.148,0.322,0.525,0.4235,4.0,6.0,5.0,5.0,5.0,5.0,0.0,0.0,0.0,1.0784266738196844,0.42142857142857143,2.0,0.0,10.0,1.875,2.58
NaTaGaNbO6,0.93,1.81,1.37,120.0,139.0,129.5,5.139,5.999,5.569,0.43,0.548,0.489,3.0,4.0,3.5,1.0,13.0,7.0,0.0,10.0,5.0,1.5,1.6,1.55,64.0,64.0,64.0,6.759,7.55,7.1545000000000005,0.322,0.917,0.6195,5.0,6.0,5.5,5.0,5.0,5.0,0.0,0.0,0.0,0.9341435173028164,0.45714285714285713,2.0,1.0,0.0,1.89,2.07
NaTaGaTaO6,0.93,1.81,1.37,120.0,139.0,129.5,5.139,5.999,5.569,0.43,0.548,0.489,3.0,4.0,3.5,1.0,13.0,7.0,0.0,10.0,5.0,1.5,1.5,1.5,64.0,64.0,64.0,7.55,7.55,7.55,0.322,0.322,0.322,6.0,6.0,6.0,5.0,5.0,5.0,0.0,0.0,0.0,0.9341435173028164,0.45714285714285713,2.0,1.0,0.0,1.94,2.07
NaTaKNbO6,0.82,0.93,0.875,139.0,164.0,151.5,4.341,5.139,4.74,0.501,0.548,0.5245,3.0,4.0,3.5,1.0,1.0,1.0,0.0,0.0,0.0,1.5,1.6,1.55,64.0,64.0,64.0,6.759,7.55,7.1545000000000005,0.322,0.917,0.6195,5.0,6.0,5.5,5.0,5.0,5.0,0.0,0.0,0.0,1.0104001309601893,0.45714285714285713,2.0,0.0,0.0,1.89,2.565
NaTaKSbO6,0.82,0.93,0.875,139.0,164.0,151.5,4.341,5.139,4.74,0.501,0.548,0.5245,3.0,4.0,3.5,1.0,1.0,1.0,0.0,0.0,0.0,1.5,2.05,1.775,60.0,64.0,62.0,7.55,8.608,8.079,0.322,1.046,0.684,5.0,6.0,5.5,5.0,15.0,10.0,0.0,10.0,5.0,1.0204040926528644,0.44285714285714284,2.0,0.0,4.0,1.665,2.565
NaTaLaAlO6,0.93,1.1,1.0150000000000001,136.0,139.0,137.5,5.139,5.577,5.3580000000000005,0.47,0.548,0.509,3.0,6.0,4.5,1.0,3.0,2.0,0.0,0.0,0.0,1.5,1.61,1.5550000000000002,53.5,64.0,58.75,5.986,7.55,6.768,0.322,0.433,0.3775,3.0,6.0,4.5,5.0,13.0,9.0,0.0,0.0,0.0,0.9872811661849908,0.41964285714285715,4.0,0.0,10.5,1.8849999999999998,2.425
NaTaLaGaO6,0.93,1.1,1.0150000000000001,136.0,139.0,137.5,5.139,5.577,5.3580000000000005,0.47,0.548,0.509,3.0,6.0,4.5,1.0,3.0,2.0,0.0,0.0,0.0,1.5,1.81,1.655,62.0,64.0,63.0,5.999,7.55,6.7745,0.322,0.43,0.376,4.0,6.0,5.0,5.0,13.0,9.0,0.0,10.0,5.0,0.966611486597374,0.45,4.0,0.0,2.0,1.785,2.425
NaTaLaInO6,0.93,1.1,1.0150000000000001,136.0,139.0,137.5,5.139,5.577,5.3580000000000005,0.47,0.548,0.509,3.0,6.0,4.5,1.0,3.0,2.0,0.0,0.0,0.0,1.5,1.78,1.6400000000000001,64.0,80.0,72.0,5.786,7.55,6.667999999999999,0.3,0.322,0.311,5.0,6.0,5.5,5.0,13.0,9.0,0.0,10.0,5.0,0.9255760932984288,0.5142857142857142,4.0,0.0,16.0,1.7999999999999998,2.425
NaTaLaScO6,0.93,1.1,1.0150000000000001,136.0,139.0,137.5,5.139,5.577,5.3580000000000005,0.47,0.548,0.509,3.0,6.0,4.5,1.0,3.0,2.0,0.0,0.0,0.0,1.36,1.5,1.4300000000000002,64.0,74.5,69.25,6.561,7.55,7.0555,0.188,0.322,0.255,4.0,6.0,5.0,3.0,5.0,4.0,0.0,0.0,0.0,0.937740175767106,0.49464285714285716,4.0,0.0,10.5,2.01,2.425
NaTaLiNbO6,0.93,0.98,0.9550000000000001,92.0,139.0,115.5,5.139,5.392,5.2655,0.548,0.618,0.583,2.0,3.0,2.5,1.0,1.0,1.0,0.0,0.0,0.0,1.5,1.6,1.55,64.0,64.0,64.0,6.759,7.55,7.1545000000000005,0.322,0.917,0.6195,5.0,6.0,5.5,5.0,5.0,5.0,0.0,0.0,0.0,0.8856165813390338,0.45714285714285713,2.0,0.0,0.0,1.89,2.485
NaTaLiVO6,0.93,0.98,0.9550000000000001,92.0,139.0,115.5,5.139,5.392,5.2655,0.548,0.618,0.583,2.0,3.0,2.5,1.0,1.0,1.0,0.0,0.0,0.0,1.5,1.63,1.565,54.0,64.0,59.0,6.746,7.55,7.148,0.322,0.525,0.4235,4.0,6.0,5.0,5.0,5.0,5.0,0.0,0.0,0.0,0.9078682542369995,0.42142857142857143,2.0,0.0,10.0,1.875,2.485
NaTaMgTiO6,0.93,1.31,1.12,89.0,139.0,114.0,5.139,7.646,6.3925,0.0,0.548,0.274,3.0,3.0,3.0,1.0,2.0,1.5,0.0,0.0,0.0,1.5,1.54,1.52,60.5,64.0,62.25,6.828,7.55,7.189,0.079,0.322,0.2005,4.0,6.0,5.0,4.0,5.0,4.5,0.0,0.0,0.0,0.8880352159277283,0.4446428571428571,3.0,0.0,3.5,1.92,2.32
NaTaMgZrO6,0.93,1.31,1.12,89.0,139.0,114.0,5.139,7.646,6.3925,0.0,0.548,0.274,3.0,3.0,3.0,1.0,2.0,1.5,0.0,0.0,0.0,1.33,1.5,1.415,64.0,72.0,68.0,6.634,7.55,7.0920000000000005,0.322,0.426,0.374,5.0,6.0,5.5,4.0,5.0,4.5,0.0,0.0,0.0,0.8634861654874185,0.4857142857142857,3.0,0.0,8.0,2.025,2.32
NaTaNaNbO6,0.93,0.93,0.93,139.0,139.0,139.0,5.139,5.139,5.139,0.548,0.548,0.548,3.0,3.0,3.0,1.0,1.0,1.0,0.0,0.0,0.0,1.5,1.6,1.55,64.0,64.0,64.0,6.759,7.55,7.1545000000000005,0.322,0.917,0.6195,5.0,6.0,5.5,5.0,5.0,5.0,0.0,0.0,0.0,0.9670725095639547,0.45714285714285713,2.0,0.0,0.0,1.89,2.51
NaTaNaSbO6,0.93,0.93,0.93,139.0,139.0,139.0,5.139,5.139,5.139,0.548,0.548,0.548,3.0,3.0,3.0,1.0,1.0,1.0,0.0,0.0,0.0,1.5,2.05,1.775,60.0,64.0,62.0,7.55,8.608,8.079,0.322,1.046,0.684,5.0,6.0,5.5,5.0,15.0,10.0,0.0,10.0,5.0,0.9766474849061719,0.44285714285714284,2.0,0.0,4.0,1.665,2.51
NaTaNaVO6,0.93,0.93,0.93,139.0,139.0,139.0,5.139,5.139,5.139,0.548,0.548,0.548,3.0,3.0,3.0,1.0,1.0,1.0,0.0,0.0,0.0,1.5,1.63,1.565,54.0,64.0,59.0,6.746,7.55,7.148,0.322,0.525,0.4235,4.0,6.0,5.0,5.0,5.0,5.0,0.0,0.0,0.0,0.9913708138243555,0.42142857142857143,2.0,0.0,10.0,1.875,2.51
NaTaPbHfO6,0.93,1.8,1.365,139.0,149.0,144.0,5.139,7.417,6.2780000000000005,0.357,0.548,0.4525,3.0,6.0,4.5,1.0,14.0,7.5,0.0,10.0,5.0,1.3,1.5,1.4,64.0,71.0,67.5,6.825,7.55,7.1875,0.014,0.322,0.168,6.0,6.0,6.0,4.0,5.0,4.5,0.0,0.0,0.0,0.9677991607565276,0.48214285714285715,3.0,1.0,7.0,2.04,2.075
NaTaPbTiO6,0.93,1.8,1.365,139.0,149.0,144.0,5.139,7.417,6.2780000000000005,0.357,0.548,0.4525,3.0,6.0,4.5,1.0,14.0,7.5,0.0,10.0,5.0,1.5,1.54,1.52,60.5,64.0,62.25,6.828,7.55,7.189,0.079,0.322,0.2005,4.0,6.0,5.0,4.0,5.0,4.5,0.0,0.0,0.0,0.9929212650530506,0.4446428571428571,3.0,1.0,3.5,1.92,2.075
NaTaPbZrO6,0.93,1.8,1.365,139.0,149.0,144.0,5.139,7.417,6.2780000000000005,0.357,0.548,0.4525,3.0,6.0,4.5,1.0,14.0,7.5,0.0,10.0,5.0,1.33,1.5,1.415,64.0,72.0,68.0,6.634,7.55,7.0920000000000005,0.322,0.426,0.374,5.0,6.0,5.5,4.0,5.0,4.5,0.0,0.0,0.0,0.9654727204662474,0.4857142857142857,3.0,1.0,8.0,2.025,2.075
NaTaRbNbO6,0.82,0.93,0.875,139.0,172.0,155.5,4.177,5.139,4.6579999999999995,0.486,0.548,0.517,3.0,5.0,4.0,1.0,1.0,1.0,0.0,0.0,0.0,1.5,1.6,1.55,64.0,64.0,64.0,6.759,7.55,7.1545000000000005,0.322,0.917,0.6195,5.0,6.0,5.5,5.0,5.0,5.0,0.0,0.0,0.0,1.0242649698069843,0.45714285714285713,2.0,0.0,0.0,1.89,2.565
NaTaSnHfO6,0.93,1.96,1.445,118.0,139.0,128.5,5.139,7.344,6.2415,0.548,1.112,0.8300000000000001,3.0,5.0,4.0,1.0,14.0,7.5,0.0,10.0,5.0,1.3,1.5,1.4,64.0,71.0,67.5,6.825,7.55,7.1875,0.014,0.322,0.168,6.0,6.0,6.0,4.0,5.0,4.5,0.0,0.0,0.0,0.9149791361377734,0.48214285714285715,3.0,1.0,7.0,2.04,1.9949999999999999
NaTaSnTiO6,0.93,1.96,1.445,118.0,139.0,128.5,5.139,7.344,6.2415,0.548,1.112,0.8300000000000001,3.0,5.0,4.0,1.0,14.0,7.5,0.0,10.0,5.0,1.5,1.54,1.52,60.5,64.0,62.25,6.828,7.55,7.189,0.079,0.322,0.2005,4.0,6.0,5.0,4.0,5.0,4.5,0.0,0.0,0.0,0.9387301396716341,0.4446428571428571,3.0,1.0,3.5,1.92,1.9949999999999999
NaTaSnZrO6,0.93,1.96,1.445,118.0,139.0,128.5,5.139,7.344,6.2415,0.548,1.112,0.8300000000000001,3.0,5.0,4.0,1.0,14.0,7.5,0.0,10.0,5.0,1.33,1.5,1.415,64.0,72.0,68.0,6.634,7.55,7.0920000000000005,0.322,0.426,0.374,5.0,6.0,5.5,4.0,5.0,4.5,0.0,0.0,0.0,0.9127796670605192,0.4857142857142857,3.0,1.0,8.0,2.025,1.9949999999999999
NaTaSrGeO6,0.93,0.95,0.94,139.0,144.0,141.5,5.139,5.695,5.417,0.048,0.548,0.29800000000000004,3.0,5.0,4.0,1.0,2.0,1.5,0.0,0.0,0.0,1.5,2.01,1.755,53.0,64.0,58.5,7.55,7.899,7.7245,0.322,1.233,0.7775000000000001,4.0,6.0,5.0,5.0,14.0,9.5,0.0,10.0,5.0,1.002773596493769,0.41785714285714287,3.0,0.0,11.0,1.685,2.5
NaTaSrHfO6,0.93,0.95,0.94,139.0,144.0,141.5,5.139,5.695,5.417,0.048,0.548,0.29800000000000004,3.0,5.0,4.0,1.0,2.0,1.5,0.0,0.0,0.0,1.3,1.5,1.4,64.0,71.0,67.5,6.825,7.55,7.1875,0.014,0.322,0.168,6.0,6.0,6.0,4.0,5.0,4.5,0.0,0.0,0.0,0.9592798019470511,0.48214285714285715,3.0,0.0,7.0,2.04,2.5
NaTaSrSiO6,0.93,0.95,0.94,139.0,144.0,141.5,5.139,5.695,5.417,0.048,0.548,0.29800000000000004,3.0,5.0,4.0,1.0,2.0,1.5,0.0,0.0,0.0,1.5,1.9,1.7,40.0,64.0,52.0,7.55,8.152,7.850999999999999,0.322,1.39,0.856,3.0,6.0,4.5,5.0,14.0,9.5,0.0,0.0,0.0,1.0367216609584016,0.37142857142857144,3.0,0.0,24.0,1.74,2.5
NaTaSrSnO6,0.93,0.95,0.94,139.0,144.0,141.5,5.139,5.695,5.417,0.048,0.548,0.29800000000000004,3.0,5.0,4.0,1.0,2.0,1.5,0.0,0.0,0.0,1.5,1.96,1.73,64.0,69.0,66.5,7.344,7.55,7.447,0.322,1.112,0.7170000000000001,5.0,6.0,5.5,5.0,14.0,9.5,0.0,10.0,5.0,0.9639252247167706,0.475,3.0,0.0,5.0,1.71,2.5
NaTaSrTiO6,0.93,0.95,0.94,139.0,144.0,141.5,5.139,5.695,5.417,0.048,0.548,0.29800000000000004,3.0,5.0,4.0,1.0,2.0,1.5,0.0,0.0,0.0,1.5,1.54,1.52,60.5,64.0,62.25,6.828,7.55,7.189,0.079,0.322,0.2005,4.0,6.0,5.0,4.0,5.0,4.5,0.0,0.0,0.0,0.9841807609592736,0.4446428571428571,3.0,0.0,3.5,1.92,2.5
NaTaSrZrO6,0.93,0.95,0.94,139.0,144.0,141.5,5.139,5.695,5.417,0.048,0.548,0.29800000000000004,3.0,5.0,4.0,1.0,2.0,1.5,0.0,0.0,0.0,1.33,1.5,1.415,64.0,72.0,68.0,6.634,7.55,7.0920000000000005,0.322,0.426,0.374,5.0,6.0,5.5,4.0,5.0,4.5,0.0,0.0,0.0,0.9569738408846784,0.4857142857142857,3.0,0.0,8.0,2.025,2.5
NaTaTlNbO6,0.93,1.8,1.365,139.0,170.0,154.5,5.139,6.108,5.6235,0.377,0.548,0.4625,3.0,6.0,4.5,1.0,13.0,7.0,0.0,10.0,5.0,1.5,1.6,1.55,64.0,64.0,64.0,6.759,7.55,7.1545000000000005,0.322,0.917,0.6195,5.0,6.0,5.5,5.0,5.0,5.0,0.0,0.0,0.0,1.0207987600952855,0.45714285714285713,2.0,1.0,0.0,1.89,2.075
NaTaTlTaO6,0.93,1.8,1.365,139.0,170.0,154.5,5.139,6.108,5.6235,0.377,0.548,0.4625,3.0,6.0,4.5,1.0,13.0,7.0,0.0,10.0,5.0,1.5,1.5,1.5,64.0,64.0,64.0,7.55,7.55,7.55,0.322,0.322,0.322,6.0,6.0,6.0,5.0,5.0,5.0,0.0,0.0,0.0,1.0207987600952855,0.45714285714285713,2.0,1.0,0.0,1.94,2.075
NaTaYAlO6,0.93,1.22,1.075,107.5,139.0,123.25,5.139,6.217,5.678,0.307,0.548,0.4275,3.0,5.0,4.0,1.0,3.0,2.0,0.0,0.0,0.0,1.5,1.61,1.5550000000000002,53.5,64.0,58.75,5.986,7.55,6.768,0.322,0.433,0.3775,3.0,6.0,4.5,5.0,13.0,9.0,0.0,0.0,0.0,0.9365829441376535,0.41964285714285715,4.0,0.0,10.5,1.8849999999999998,2.365
NaVAgNbO6,0.93,1.93,1.43,128.0,139.0,133.5,5.139,7.576,6.3575,0.548,1.302,0.925,3.0,5.0,4.0,1.0,11.0,6.0,0.0,10.0,5.0,1.6,1.63,1.615,54.0,64.0,59.0,6.746,6.759,6.7525,0.525,0.917,0.7210000000000001,4.0,5.0,4.5,5.0,5.0,5.0,0.0,0.0,0.0,0.9718276615805063,0.42142857142857143,2.0,0.0,10.0,1.825,2.01
NaVCaGeO6,0.93,1.0,0.9650000000000001,134.0,139.0,136.5,5.139,6.113,5.626,0.025,0.548,0.28650000000000003,3.0,4.0,3.5,1.0,2.0,1.5,0.0,0.0,0.0,1.63,2.01,1.8199999999999998,53.0,54.0,53.5,6.746,7.899,7.3225,0.525,1.233,0.879,4.0,4.0,4.0,5.0,14.0,9.5,0.0,10.0,5.0,1.0104135658815525,0.3821428571428571,3.0,0.0,1.0,1.62,2.4749999999999996
NaVCaSiO6,0.93,1.0,0.9650000000000001,134.0,139.0,136.5,5.139,6.113,5.626,0.025,0.548,0.28650000000000003,3.0,4.0,3.5,1.0,2.0,1.5,0.0,0.0,0.0,1.63,1.9,1.765,40.0,54.0,47.0,6.746,8.152,7.449,0.525,1.39,0.9575,3.0,4.0,3.5,5.0,14.0,9.5,0.0,0.0,0.0,1.045534893037863,0.3357142857142857,3.0,0.0,14.0,1.675,2.4749999999999996
NaVCaSnO6,0.93,1.0,0.9650000000000001,134.0,139.0,136.5,5.139,6.113,5.626,0.025,0.548,0.28650000000000003,3.0,4.0,3.5,1.0,2.0,1.5,0.0,0.0,0.0,1.63,1.96,1.795,54.0,69.0,61.5,6.746,7.344,7.045,0.525,1.112,0.8185,4.0,5.0,4.5,5.0,14.0,9.5,0.0,10.0,5.0,0.9702978908093318,0.4392857142857143,3.0,0.0,15.0,1.645,2.4749999999999996
NaVCaTiO6,0.93,1.0,0.9650000000000001,134.0,139.0,136.5,5.139,6.113,5.626,0.025,0.548,0.28650000000000003,3.0,4.0,3.5,1.0,2.0,1.5,0.0,0.0,0.0,1.54,1.63,1.585,54.0,60.5,57.25,6.746,6.828,6.787000000000001,0.079,0.525,0.302,4.0,4.0,4.0,4.0,5.0,4.5,0.0,0.0,0.0,0.9912041824997737,0.4089285714285714,3.0,0.0,6.5,1.855,2.4749999999999996
NaVKNbO6,0.82,0.93,0.875,139.0,164.0,151.5,4.341,5.139,4.74,0.501,0.548,0.5245,3.0,4.0,3.5,1.0,1.0,1.0,0.0,0.0,0.0,1.6,1.63,1.615,54.0,64.0,59.0,6.746,6.759,6.7525,0.525,0.917,0.7210000000000001,4.0,5.0,4.5,5.0,5.0,5.0,0.0,0.0,0.0,1.0357870689240132,0.42142857142857143,2.0,0.0,10.0,1.825,2.565
NaVLaAlO6,0.93,1.1,1.0150000000000001,136.0,139.0,137.5,5.139,5.577,5.3580000000000005,0.47,0.548,0.509,3.0,6.0,4.5,1.0,3.0,2.0,0.0,0.0,0.0,1.61,1.63,1.62,53.5,54.0,53.75,5.986,6.746,6.366,0.433,0.525,0.479,3.0,4.0,3.5,5.0,13.0,9.0,0.0,0.0,0.0,1.0127593898284746,0.38392857142857145,4.0,0.0,0.5,1.8199999999999998,2.425
NaVLaGaO6,0.93,1.1,1.0150000000000001,136.0,139.0,137.5,5.139,5.577,5.3580000000000005,0.47,0.548,0.509,3.0,6.0,4.5,1.0,3.0,2.0,0.0,0.0,0.0,1.63,1.81,1.72,54.0,62.0,58.0,5.999,6.746,6.3725000000000005,0.43,0.525,0.47750000000000004,4.0,4.0,4.0,5.0,13.0,9.0,0.0,10.0,5.0,0.9910208675720551,0.4142857142857143,4.0,0.0,8.0,1.72,2.425
NaVLaInO6,0.93,1.1,1.0150000000000001,136.0,139.0,137.5,5.139,5.577,5.3580000000000005,0.47,0.548,0.509,3.0,6.0,4.5,1.0,3.0,2.0,0.0,0.0,0.0,1.63,1.78,1.705,54.0,80.0,67.0,5.786,6.746,6.266,0.3,0.525,0.4125,4.0,5.0,4.5,5.0,13.0,9.0,0.0,10.0,5.0,0.9479330037645745,0.4785714285714286,4.0,0.0,26.0,1.7349999999999999,2.425
NaVLiNbO6,0.93,0.98,0.9550000000000001,92.0,139.0,115.5,5.139,5.392,5.2655,0.548,0.618,0.583,2.0,3.0,2.5,1.0,1.0,1.0,0.0,0.0,0.0,1.6,1.63,1.615,54.0,64.0,59.0,6.746,6.759,6.7525,0.525,0.917,0.7210000000000001,4.0,5.0,4.5,5.0,5.0,5.0,0.0,0.0,0.0,0.9078682542369995,0.42142857142857143,2.0,0.0,10.0,1.825,2.485
NaVLiVO6,0.93,0.98,0.9550000000000001,92.0,139.0,115.5,5.139,5.392,5.2655,0.548,0.618,0.583,2.0,3.0,2.5,1.0,1.0,1.0,0.0,0.0,0.0,1.63,1.63,1.63,54.0,54.0,54.0,6.746,6.746,6.746,0.525,0.525,0.525,4.0,4.0,4.0,5.0,5.0,5.0,0.0,0.0,0.0,0.9312669205833138,0.38571428571428573,2.0,0.0,0.0,1.81,2.485
NaVMgTiO6,0.93,1.31,1.12,89.0,139.0,114.0,5.139,7.646,6.3925,0.0,0.548,0.274,3.0,3.0,3.0,1.0,2.0,1.5,0.0,0.0,0.0,1.54,1.63,1.585,54.0,60.5,57.25,6.746,6.828,6.787000000000001,0.079,0.525,0.302,4.0,4.0,4.0,4.0,5.0,4.5,0.0,0.0,0.0,0.9105456143035896,0.4089285714285714,3.0,0.0,6.5,1.855,2.32
NaVRbNbO6,0.82,0.93,0.875,139.0,172.0,155.5,4.177,5.139,4.6579999999999995,0.486,0.548,0.517,3.0,5.0,4.0,1.0,1.0,1.0,0.0,0.0,0.0,1.6,1.63,1.615,54.0,64.0,59.0,6.746,6.759,6.7525,0.525,0.917,0.7210000000000001,4.0,5.0,4.5,5.0,5.0,5.0,0.0,0.0,0.0,1.0500002705559035,0.42142857142857143,2.0,0.0,10.0,1.825,2.565
NaVSnTiO6,0.93,1.96,1.445,118.0,139.0,128.5,5.139,7.344,6.2415,0.548,1.112,0.8300000000000001,3.0,5.0,4.0,1.0,14.0,7.5,0.0,10.0,5.0,1.54,1.63,1.585,54.0,60.5,57.25,6.746,6.828,6.787000000000001,0.079,0.525,0.302,4.0,4.0,4.0,4.0,5.0,4.5,0.0,0.0,0.0,0.9625255804744638,0.4089285714285714,3.0,1.0,6.5,1.855,1.9949999999999999
NaVSrGeO6,0.93,0.95,0.94,139.0,144.0,141.5,5.139,5.695,5.417,0.048,0.548,0.29800000000000004,3.0,5.0,4.0,1.0,2.0,1.5,0.0,0.0,0.0,1.63,2.01,1.8199999999999998,53.0,54.0,53.5,6.746,7.899,7.3225,0.525,1.233,0.879,4.0,4.0,4.0,5.0,14.0,9.5,0.0,10.0,5.0,1.0286850589354684,0.3821428571428571,3.0,0.0,1.0,1.62,2.5
NaVSrSiO6,0.93,0.95,0.94,139.0,144.0,141.5,5.139,5.695,5.417,0.048,0.548,0.29800000000000004,3.0,5.0,4.0,1.0,2.0,1.5,0.0,0.0,0.0,1.63,1.9,1.765,40.0,54.0,47.0,6.746,8.152,7.449,0.525,1.39,0.9575,3.0,4.0,3.5,5.0,14.0,9.5,0.0,0.0,0.0,1.0644414914653106,0.3357142857142857,3.0,0.0,14.0,1.675,2.5
NaVSrSnO6,0.93,0.95,0.94,139.0,144.0,141.5,5.139,5.695,5.417,0.048,0.548,0.29800000000000004,3.0,5.0,4.0,1.0,2.0,1.5,0.0,0.0,0.0,1.63,1.96,1.795,54.0,69.0,61.5,6.746,7.344,7.045,0.525,1.112,0.8185,4.0,5.0,4.5,5.0,14.0,9.5,0.0,10.0,5.0,0.9878439647841841,0.4392857142857143,3.0,0.0,15.0,1.645,2.5
NaVSrTiO6,0.93,0.95,0.94,139.0,144.0,141.5,5.139,5.695,5.417,0.048,0.548,0.29800000000000004,3.0,5.0,4.0,1.0,2.0,1.5,0.0,0.0,0.0,1.54,1.63,1.585,54.0,60.5,57.25,6.746,6.828,6.787000000000001,0.079,0.525,0.302,4.0,4.0,4.0,4.0,5.0,4.5,0.0,0.0,0.0,1.0091283087655925,0.4089285714285714,3.0,0.0,6.5,1.855,2.5
NaVTlNbO6,0.93,1.8,1.365,139.0,170.0,154.5,5.139,6.108,5.6235,0.377,0.548,0.4625,3.0,6.0,4.5,1.0,13.0,7.0,0.0,10.0,5.0,1.6,1.63,1.615,54.0,64.0,59.0,6.746,6.759,6.7525,0.525,0.917,0.7210000000000001,4.0,5.0,4.5,5.0,5.0,5.0,0.0,0.0,0.0,1.0464469701479309,0.42142857142857143,2.0,1.0,10.0,1.825,2.075
NaVYAlO6,0.93,1.22,1.075,107.5,139.0,123.25,5.139,6.217,5.678,0.307,0.548,0.4275,3.0,5.0,4.0,1.0,3.0,2.0,0.0,0.0,0.0,1.61,1.63,1.62,53.5,54.0,53.75,5.986,6.746,6.366,0.433,0.525,0.479,3.0,4.0,3.5,5.0,13.0,9.0,0.0,0.0,0.0,0.9607528265670123,0.38392857142857145,4.0,0.0,0.5,1.8199999999999998,2.365
PbHfAgNbO6,1.8,1.93,1.865,128.0,149.0,138.5,7.417,7.576,7.496499999999999,0.357,1.302,0.8295,5.0,6.0,5.5,11.0,14.0,12.5,10.0,10.0,10.0,1.3,1.6,1.4500000000000002,64.0,71.0,67.5,6.759,6.825,6.792,0.014,0.917,0.4655,5.0,6.0,5.5,4.0,5.0,4.5,0.0,0.0,0.0,0.9490565713756793,0.48214285714285715,3.0,1.0,7.0,1.9899999999999998,1.575
PbHfBaSnO6,0.89,1.8,1.345,149.0,161.0,155.0,5.212,7.417,6.3145,0.145,0.357,0.251,6.0,6.0,6.0,2.0,14.0,8.0,0.0,10.0,5.0,1.3,1.96,1.63,69.0,71.0,70.0,6.825,7.344,7.0845,0.014,1.112,0.5630000000000001,5.0,6.0,5.5,4.0,14.0,9.0,0.0,10.0,5.0,0.9933166688096738,0.5,4.0,1.0,2.0,1.81,2.0949999999999998
PbHfBaTiO6,0.89,1.8,1.345,149.0,161.0,155.0,5.212,7.417,6.3145,0.145,0.357,0.251,6.0,6.0,6.0,2.0,14.0,8.0,0.0,10.0,5.0,1.3,1.54,1.42,60.5,71.0,65.75,6.825,6.828,6.8265,0.014,0.079,0.0465,4.0,6.0,5.0,4.0,4.0,4.0,0.0,0.0,0.0,1.0138347530985736,0.46964285714285714,4.0,1.0,10.5,2.02,2.0949999999999998
PbHfCaGeO6,1.0,1.8,1.4,134.0,149.0,141.5,6.113,7.417,6.765000000000001,0.025,0.357,0.191,4.0,6.0,5.0,2.0,14.0,8.0,0.0,10.0,5.0,1.3,2.01,1.6549999999999998,53.0,71.0,62.0,6.825,7.899,7.362,0.014,1.233,0.6235,4.0,6.0,5.0,4.0,14.0,9.0,0.0,10.0,5.0,0.9853988064555104,0.44285714285714284,4.0,1.0,18.0,1.7850000000000001,2.04
PbHfCaSiO6,1.0,1.8,1.4,134.0,149.0,141.5,6.113,7.417,6.765000000000001,0.025,0.357,0.191,4.0,6.0,5.0,2.0,14.0,8.0,0.0,10.0,5.0,1.3,1.9,1.6,40.0,71.0,55.5,6.825,8.152,7.4885,0.014,1.39,0.702,3.0,6.0,4.5,4.0,14.0,9.0,0.0,0.0,0.0,1.018161426618993,0.3964285714285714,4.0,1.0,31.0,1.8399999999999999,2.04
PbHfCaSnO6,1.0,1.8,1.4,134.0,149.0,141.5,6.113,7.417,6.765000000000001,0.025,0.357,0.191,4.0,6.0,5.0,2.0,14.0,8.0,0.0,10.0,5.0,1.3,1.96,1.63,69.0,71.0,70.0,6.825,7.344,7.0845,0.014,1.112,0.5630000000000001,5.0,6.0,5.5,4.0,14.0,9.0,0.0,10.0,5.0,0.9478598043048244,0.5,4.0,1.0,2.0,1.81,2.04
PbHfCaTiO6,1.0,1.8,1.4,134.0,149.0,141.5,6.113,7.417,6.765000000000001,0.025,0.357,0.191,4.0,6.0,5.0,2.0,14.0,8.0,0.0,10.0,5.0,1.3,1.54,1.42,60.5,71.0,65.75,6.825,6.828,6.8265,0.014,0.079,0.0465,4.0,6.0,5.0,4.0,4.0,4.0,0.0,0.0,0.0,0.9674389254144016,0.46964285714285714,4.0,1.0,10.5,2.02,2.04
PbHfCsVO6,0.79,1.8,1.295,149.0,188.0,168.5,3.894,7.417,5.6555,0.357,0.472,0.4145,6.0,6.0,6.0,1.0,14.0,7.5,0.0,10.0,5.0,1.3,1.63,1.4649999999999999,54.0,71.0,62.5,6.746,6.825,6.785500000000001,0.014,0.525,0.2695,4.0,6.0,5.0,4.0,5.0,4.5,0.0,0.0,0.0,1.077246627140987,0.44642857142857145,3.0,1.0,17.0,1.975,2.145
PbHfGaNbO6,1.8,1.81,1.8050000000000002,120.0,149.0,134.5,5.999,7.417,6.708,0.357,0.43,0.39349999999999996,4.0,6.0,5.0,13.0,14.0,13.5,10.0,10.0,10.0,1.3,1.6,1.4500000000000002,64.0,71.0,67.5,6.759,6.825,6.792,0.014,0.917,0.4655,5.0,6.0,5.5,4.0,5.0,4.5,0.0,0.0,0.0,0.935425597280517,0.48214285714285715,3.0,2.0,7.0,1.9899999999999998,1.6349999999999998
PbHfGaTaO6,1.8,1.81,1.8050000000000002,120.0,149.0,134.5,5.999,7.417,6.708,0.357,0.43,0.39349999999999996,4.0,6.0,5.0,13.0,14.0,13.5,10.0,10.0,10.0,1.3,1.5,1.4,64.0,71.0,67.5,6.825,7.55,7.1875,0.014,0.322,0.168,6.0,6.0,6.0,4.0,5.0,4.5,0.0,0.0,0.0,0.935425597280517,0.48214285714285715,3.0,2.0,7.0,2.04,1.6349999999999998
PbHfInNbO6,1.78,1.8,1.79,140.0,149.0,144.5,5.786,7.417,6.6015,0.3,0.357,0.3285,5.0,6.0,5.5,13.0,14.0,13.5,10.0,10.0,10.0,1.3,1.6,1.4500000000000002,64.0,71.0,67.5,6.759,6.825,6.792,0.014,0.917,0.4655,5.0,6.0,5.5,4.0,5.0,4.5,0.0,0.0,0.0,0.9695030325184228,0.48214285714285715,3.0,2.0,7.0,1.9899999999999998,1.65
PbHfKNbO6,0.82,1.8,1.31,149.0,164.0,156.5,4.341,7.417,5.879,0.357,0.501,0.429,4.0,6.0,5.0,1.0,14.0,7.5,0.0,10.0,5.0,1.3,1.6,1.4500000000000002,64.0,71.0,67.5,6.759,6.825,6.792,0.014,0.917,0.4655,5.0,6.0,5.5,4.0,5.0,4.5,0.0,0.0,0.0,1.0103959548039099,0.48214285714285715,3.0,1.0,7.0,1.9899999999999998,2.13
PbHfKSbO6,0.82,1.8,1.31,149.0,164.0,156.5,4.341,7.417,5.879,0.357,0.501,0.429,4.0,6.0,5.0,1.0,14.0,7.5,0.0,10.0,5.0,1.3,2.05,1.6749999999999998,60.0,71.0,65.5,6.825,8.608,7.7165,0.014,1.046,0.53,5.0,6.0,5.5,4.0,15.0,9.5,0.0,10.0,5.0,1.0202294920769408,0.46785714285714286,3.0,1.0,11.0,1.7650000000000001,2.13
PbHfLaAlO6,1.1,1.8,1.4500000000000002,136.0,149.0,142.5,5.577,7.417,6.497,0.357,0.47,0.4135,6.0,6.0,6.0,3.0,14.0,8.5,0.0,10.0,5.0,1.3,1.61,1.455,53.5,71.0,62.25,5.986,6.825,6.4055,0.014,0.433,0.2235,3.0,6.0,4.5,4.0,13.0,8.5,0.0,0.0,0.0,0.9876769625967844,0.4446428571428571,5.0,1.0,17.5,1.9849999999999999,1.9899999999999998
PbHfLaGaO6,1.1,1.8,1.4500000000000002,136.0,149.0,142.5,5.577,7.417,6.497,0.357,0.47,0.4135,6.0,6.0,6.0,3.0,14.0,8.5,0.0,10.0,5.0,1.3,1.81,1.5550000000000002,62.0,71.0,66.5,5.999,6.825,6.412,0.014,0.43,0.222,4.0,6.0,5.0,4.0,13.0,8.5,0.0,10.0,5.0,0.9673494706305068,0.475,5.0,1.0,9.0,1.8849999999999998,1.9899999999999998
PbHfLaInO6,1.1,1.8,1.4500000000000002,136.0,149.0,142.5,5.577,7.417,6.497,0.357,0.47,0.4135,6.0,6.0,6.0,3.0,14.0,8.5,0.0,10.0,5.0,1.3,1.78,1.54,71.0,80.0,75.5,5.786,6.825,6.3055,0.014,0.3,0.157,5.0,6.0,5.5,4.0,13.0,8.5,0.0,10.0,5.0,0.9269497247573071,0.5392857142857143,5.0,1.0,9.0,1.9,1.9899999999999998
PbHfLiNbO6,0.98,1.8,1.3900000000000001,92.0,149.0,120.5,5.392,7.417,6.4045000000000005,0.357,0.618,0.4875,2.0,6.0,4.0,1.0,14.0,7.5,0.0,10.0,5.0,1.3,1.6,1.4500000000000002,64.0,71.0,67.5,6.759,6.825,6.792,0.014,0.917,0.4655,5.0,6.0,5.5,4.0,5.0,4.5,0.0,0.0,0.0,0.8877171879474487,0.48214285714285715,3.0,1.0,7.0,1.9899999999999998,2.05
PbHfLiVO6,0.98,1.8,1.3900000000000001,92.0,149.0,120.5,5.392,7.417,6.4045000000000005,0.357,0.618,0.4875,2.0,6.0,4.0,1.0,14.0,7.5,0.0,10.0,5.0,1.3,1.63,1.4649999999999999,54.0,71.0,62.5,6.746,6.825,6.785500000000001,0.014,0.525,0.2695,4.0,6.0,5.0,4.0,5.0,4.5,0.0,0.0,0.0,0.9096361308597314,0.44642857142857145,3.0,1.0,17.0,1.975,2.05
PbHfMgTiO6,1.31,1.8,1.5550000000000002,89.0,149.0,119.0,7.417,7.646,7.531499999999999,0.0,0.357,0.1785,3.0,6.0,4.5,2.0,14.0,8.0,0.0,10.0,5.0,1.3,1.54,1.42,60.5,71.0,65.75,6.825,6.828,6.8265,0.014,0.079,0.0465,4.0,6.0,5.0,4.0,4.0,4.0,0.0,0.0,0.0,0.8901125459407815,0.46964285714285714,4.0,1.0,10.5,2.02,1.8849999999999998
PbHfNaNbO6,0.93,1.8,1.365,139.0,149.0,144.0,5.139,7.417,6.2780000000000005,0.357,0.548,0.4525,3.0,6.0,4.5,1.0,14.0,7.5,0.0,10.0,5.0,1.3,1.6,1.4500000000000002,64.0,71.0,67.5,6.759,6.825,6.792,0.014,0.917,0.4655,5.0,6.0,5.5,4.0,5.0,4.5,0.0,0.0,0.0,0.9677991607565276,0.48214285714285715,3.0,1.0,7.0,1.9899999999999998,2.075
PbHfNaSbO6,0.93,1.8,1.365,139.0,149.0,144.0,5.139,7.417,6.2780000000000005,0.357,0.548,0.4525,3.0,6.0,4.5,1.0,14.0,7.5,0.0,10.0,5.0,1.3,2.05,1.6749999999999998,60.0,71.0,65.5,6.825,8.608,7.7165,0.014,1.046,0.53,5.0,6.0,5.5,4.0,15.0,9.5,0.0,10.0,5.0,0.9772181306908977,0.46785714285714286,3.0,1.0,11.0,1.7650000000000001,2.075
PbHfNaVO6,0.93,1.8,1.365,139.0,149.0,144.0,5.139,7.417,6.2780000000000005,0.357,0.548,0.4525,3.0,6.0,4.5,1.0,14.0,7.5,0.0,10.0,5.0,1.3,1.63,1.4649999999999999,54.0,71.0,62.5,6.746,6.825,6.785500000000001,0.014,0.525,0.2695,4.0,6.0,5.0,4.0,5.0,4.5,0.0,0.0,0.0,0.9916954363307628,0.44642857142857145,3.0,1.0,17.0,1.975,2.075
PbHfPbTiO6,1.8,1.8,1.8,149.0,149.0,149.0,7.417,7.417,7.417,0.357,0.357,0.357,6.0,6.0,6.0,14.0,14.0,14.0,10.0,10.0,10.0,1.3,1.54,1.42,60.5,71.0,65.75,6.825,6.828,6.8265,0.014,0.079,0.0465,4.0,6.0,5.0,4.0,4.0,4.0,0.0,0.0,0.0,0.9932143852389416,0.46964285714285714,4.0,2.0,10.5,2.02,1.64
PbHfPbZrO6,1.8,1.8,1.8,149.0,149.0,149.0,7.417,7.417,7.417,0.357,0.357,0.357,6.0,6.0,6.0,14.0,14.0,14.0,10.0,10.0,10.0,1.3,1.33,1.315,71.0,72.0,71.5,6.634,6.825,6.7295,0.014,0.426,0.22,5.0,6.0,5.5,4.0,4.0,4.0,0.0,0.0,0.0,0.9662121028979301,0.5107142857142857,4.0,2.0,1.0,2.125,1.64
PbHfRbNbO6,0.82,1.8,1.31,149.0,172.0,160.5,4.177,7.417,5.797,0.357,0.486,0.4215,5.0,6.0,5.5,1.0,14.0,7.5,0.0,10.0,5.0,1.3,1.6,1.4500000000000002,64.0,71.0,67.5,6.759,6.825,6.792,0.014,0.917,0.4655,5.0,6.0,5.5,4.0,5.0,4.5,0.0,0.0,0.0,1.0240269288990722,0.48214285714285715,3.0,1.0,7.0,1.9899999999999998,2.13
PbHfSnHfO6,1.8,1.96,1.88,118.0,149.0,133.5,7.344,7.417,7.3805,0.357,1.112,0.7345,5.0,6.0,5.5,14.0,14.0,14.0,10.0,10.0,10.0,1.3,1.3,1.3,71.0,71.0,71.0,6.825,6.825,6.825,0.014,0.014,0.014,6.0,6.0,6.0,4.0,4.0,4.0,0.0,0.0,0.0,0.9165578419645533,0.5071428571428571,4.0,2.0,0.0,2.1399999999999997,1.56
PbHfSnTiO6,1.8,1.96,1.88,118.0,149.0,133.5,7.344,7.417,7.3805,0.357,1.112,0.7345,5.0,6.0,5.5,14.0,14.0,14.0,10.0,10.0,10.0,1.3,1.54,1.42,60.5,71.0,65.75,6.825,6.828,6.8265,0.014,0.079,0.0465,4.0,6.0,5.0,4.0,4.0,4.0,0.0,0.0,0.0,0.9399451016015589,0.46964285714285714,4.0,2.0,10.5,2.02,1.56
PbHfSnZrO6,1.8,1.96,1.88,118.0,149.0,133.5,7.344,7.417,7.3805,0.357,1.112,0.7345,5.0,6.0,5.5,14.0,14.0,14.0,10.0,10.0,10.0,1.3,1.33,1.315,71.0,72.0,71.5,6.634,6.825,6.7295,0.014,0.426,0.22,5.0,6.0,5.5,4.0,4.0,4.0,0.0,0.0,0.0,0.9143910385556536,0.5107142857142857,4.0,2.0,1.0,2.125,1.56
PbHfSrGeO6,0.95,1.8,1.375,144.0,149.0,146.5,5.695,7.417,6.556,0.048,0.357,0.20249999999999999,5.0,6.0,5.5,2.0,14.0,8.0,0.0,10.0,5.0,1.3,2.01,1.6549999999999998,53.0,71.0,62.0,6.825,7.899,7.362,0.014,1.233,0.6235,4.0,6.0,5.0,4.0,14.0,9.0,0.0,10.0,5.0,1.0029014495541873,0.44285714285714284,4.0,1.0,18.0,1.7850000000000001,2.065
PbHfSrSiO6,0.95,1.8,1.375,144.0,149.0,146.5,5.695,7.417,6.556,0.048,0.357,0.20249999999999999,5.0,6.0,5.5,2.0,14.0,8.0,0.0,10.0,5.0,1.3,1.9,1.6,40.0,71.0,55.5,6.825,8.152,7.4885,0.014,1.39,0.702,3.0,6.0,4.5,4.0,14.0,9.0,0.0,0.0,0.0,1.036245999027856,0.3964285714285714,4.0,1.0,31.0,1.8399999999999999,2.065
PbHfSrSnO6,0.95,1.8,1.375,144.0,149.0,146.5,5.695,7.417,6.556,0.048,0.357,0.20249999999999999,5.0,6.0,5.5,2.0,14.0,8.0,0.0,10.0,5.0,1.3,1.96,1.63,69.0,71.0,70.0,6.825,7.344,7.0845,0.014,1.112,0.5630000000000001,5.0,6.0,5.5,4.0,14.0,9.0,0.0,10.0,5.0,0.9646956800473613,0.5,4.0,1.0,2.0,1.81,2.065
PbHfSrTiO6,0.95,1.8,1.375,144.0,149.0,146.5,5.695,7.417,6.556,0.048,0.357,0.20249999999999999,5.0,6.0,5.5,2.0,14.0,8.0,0.0,10.0,5.0,1.3,1.54,1.42,60.5,71.0,65.75,6.825,6.828,6.8265,0.014,0.079,0.0465,4.0,6.0,5.0,4.0,4.0,4.0,0.0,0.0,0.0,0.9846225652974282,0.46964285714285714,4.0,1.0,10.5,2.02,2.065
PbHfTlNbO6,1.8,1.8,1.8,149.0,170.0,159.5,6.108,7.417,6.762499999999999,0.357,0.377,0.367,6.0,6.0,6.0,13.0,14.0,13.5,10.0,10.0,10.0,1.3,1.6,1.4500000000000002,64.0,71.0,67.5,6.759,6.825,6.792,0.014,0.917,0.4655,5.0,6.0,5.5,4.0,5.0,4.5,0.0,0.0,0.0,1.0206191853752817,0.48214285714285715,3.0,2.0,7.0,1.9899999999999998,1.64
PbHfTlTaO6,1.8,1.8,1.8,149.0,170.0,159.5,6.108,7.417,6.762499999999999,0.357,0.377,0.367,6.0,6.0,6.0,13.0,14.0,13.5,10.0,10.0,10.0,1.3,1.5,1.4,64.0,71.0,67.5,6.825,7.55,7.1875,0.014,0.322,0.168,6.0,6.0,6.0,4.0,5.0,4.5,0.0,0.0,0.0,1.0206191853752817,0.48214285714285715,3.0,2.0,7.0,2.04,1.64
PbHfYAlO6,1.22,1.8,1.51,107.5,149.0,128.25,6.217,7.417,6.817,0.307,0.357,0.33199999999999996,5.0,6.0,5.5,3.0,14.0,8.5,0.0,10.0,5.0,1.3,1.61,1.455,53.5,71.0,62.25,5.986,6.825,6.4055,0.014,0.433,0.2235,3.0,6.0,4.5,4.0,13.0,8.5,0.0,0.0,0.0,0.9378560892622564,0.4446428571428571,5.0,1.0,17.5,1.9849999999999999,1.93
PbTiAgNbO6,1.8,1.93,1.865,128.0,149.0,138.5,7.417,7.576,7.496499999999999,0.357,1.302,0.8295,5.0,6.0,5.5,11.0,14.0,12.5,10.0,10.0,10.0,1.54,1.6,1.57,60.5,64.0,62.25,6.759,6.828,6.7935,0.079,0.917,0.498,4.0,5.0,4.5,4.0,5.0,4.5,0.0,0.0,0.0,0.9736921560467414,0.4446428571428571,3.0,1.0,3.5,1.8699999999999999,1.575
PbTiBaSnO6,0.89,1.8,1.345,149.0,161.0,155.0,5.212,7.417,6.3145,0.145,0.357,0.251,6.0,6.0,6.0,2.0,14.0,8.0,0.0,10.0,5.0,1.54,1.96,1.75,60.5,69.0,64.75,6.828,7.344,7.086,0.079,1.112,0.5955,4.0,5.0,4.5,4.0,14.0,9.0,0.0,10.0,5.0,1.018786326984281,0.4625,4.0,1.0,8.5,1.69,2.0949999999999998
PbTiBaTiO6,0.89,1.8,1.345,149.0,161.0,155.0,5.212,7.417,6.3145,0.145,0.357,0.251,6.0,6.0,6.0,2.0,14.0,8.0,0.0,10.0,5.0,1.54,1.54,1.54,60.5,60.5,60.5,6.828,6.828,6.828,0.079,0.079,0.079,4.0,4.0,4.0,4.0,4.0,4.0,0.0,0.0,0.0,1.0403815483792096,0.43214285714285716,4.0,1.0,0.0,1.9,2.0949999999999998
PbTiCaGeO6,1.0,1.8,1.4,134.0,149.0,141.5,6.113,7.417,6.765000000000001,0.025,0.357,0.191,4.0,6.0,5.0,2.0,14.0,8.0,0.0,10.0,5.0,1.54,2.01,1.775,53.0,60.5,56.75,6.828,7.899,7.3635,0.079,1.233,0.656,4.0,4.0,4.0,4.0,14.0,9.0,0.0,10.0,5.0,1.0116928025616931,0.40535714285714286,4.0,1.0,7.5,1.665,2.04
PbTiCaSiO6,1.0,1.8,1.4,134.0,149.0,141.5,6.113,7.417,6.765000000000001,0.025,0.357,0.191,4.0,6.0,5.0,2.0,14.0,8.0,0.0,10.0,5.0,1.54,1.9,1.72,40.0,60.5,50.25,6.828,8.152,7.49,0.079,1.39,0.7344999999999999,3.0,4.0,3.5,4.0,14.0,9.0,0.0,0.0,0.0,1.0462578654613042,0.35892857142857143,4.0,1.0,20.5,1.72,2.04
PbTiCaSnO6,1.0,1.8,1.4,134.0,149.0,141.5,6.113,7.417,6.765000000000001,0.025,0.357,0.191,4.0,6.0,5.0,2.0,14.0,8.0,0.0,10.0,5.0,1.54,1.96,1.75,60.5,69.0,64.75,6.828,7.344,7.086,0.079,1.112,0.5955,4.0,5.0,4.5,4.0,14.0,9.0,0.0,10.0,5.0,0.9721639018511019,0.4625,4.0,1.0,8.5,1.69,2.04
PbTiCaTiO6,1.0,1.8,1.4,134.0,149.0,141.5,6.113,7.417,6.765000000000001,0.025,0.357,0.191,4.0,6.0,5.0,2.0,14.0,8.0,0.0,10.0,5.0,1.54,1.54,1.54,60.5,60.5,60.5,6.828,6.828,6.828,0.079,0.079,0.079,4.0,4.0,4.0,4.0,4.0,4.0,0.0,0.0,0.0,0.9927708673516864,0.43214285714285716,4.0,1.0,0.0,1.9,2.04
PbTiLaAlO6,1.1,1.8,1.4500000000000002,136.0,149.0,142.5,5.577,7.417,6.497,0.357,0.47,0.4135,6.0,6.0,6.0,3.0,14.0,8.5,0.0,10.0,5.0,1.54,1.61,1.5750000000000002,53.5,60.5,57.0,5.986,6.828,6.407,0.079,0.433,0.256,3.0,4.0,3.5,4.0,13.0,8.5,0.0,0.0,0.0,1.0139983029705566,0.40714285714285714,5.0,1.0,7.0,1.8649999999999998,1.9899999999999998
PbTiLaGaO6,1.1,1.8,1.4500000000000002,136.0,149.0,142.5,5.577,7.417,6.497,0.357,0.47,0.4135,6.0,6.0,6.0,3.0,14.0,8.5,0.0,10.0,5.0,1.54,1.81,1.675,60.5,62.0,61.25,5.999,6.828,6.4135,0.079,0.43,0.2545,4.0,4.0,4.0,4.0,13.0,8.5,0.0,10.0,5.0,0.9925846742121722,0.4375,5.0,1.0,1.5,1.765,1.9899999999999998
PbTiLaInO6,1.1,1.8,1.4500000000000002,136.0,149.0,142.5,5.577,7.417,6.497,0.357,0.47,0.4135,6.0,6.0,6.0,3.0,14.0,8.5,0.0,10.0,5.0,1.54,1.78,1.6600000000000001,60.5,80.0,70.25,5.786,6.828,6.307,0.079,0.3,0.1895,4.0,5.0,4.5,4.0,13.0,8.5,0.0,10.0,5.0,0.950095912890367,0.5017857142857143,5.0,1.0,19.5,1.7799999999999998,1.9899999999999998
PbTiLiNbO6,0.98,1.8,1.3900000000000001,92.0,149.0,120.5,5.392,7.417,6.4045000000000005,0.357,0.618,0.4875,2.0,6.0,4.0,1.0,14.0,7.5,0.0,10.0,5.0,1.54,1.6,1.57,60.5,64.0,62.25,6.759,6.828,6.7935,0.079,0.917,0.498,4.0,5.0,4.5,4.0,5.0,4.5,0.0,0.0,0.0,0.9107605265715482,0.4446428571428571,3.0,1.0,3.5,1.8699999999999999,2.05
PbTiLiVO6,0.98,1.8,1.3900000000000001,92.0,149.0,120.5,5.392,7.417,6.4045000000000005,0.357,0.618,0.4875,2.0,6.0,4.0,1.0,14.0,7.5,0.0,10.0,5.0,1.54,1.63,1.585,54.0,60.5,57.25,6.746,6.828,6.787000000000001,0.079,0.525,0.302,4.0,4.0,4.0,4.0,5.0,4.5,0.0,0.0,0.0,0.9338469784491539,0.4089285714285714,3.0,1.0,6.5,1.855,2.05
PbTiMgTiO6,1.31,1.8,1.5550000000000002,89.0,149.0,119.0,7.417,7.646,7.531499999999999,0.0,0.357,0.1785,3.0,6.0,4.5,2.0,14.0,8.0,0.0,10.0,5.0,1.54,1.54,1.54,60.5,60.5,60.5,6.828,6.828,6.828,0.079,0.079,0.079,4.0,4.0,4.0,4.0,4.0,4.0,0.0,0.0,0.0,0.9134197323058144,0.43214285714285716,4.0,1.0,0.0,1.9,1.8849999999999998
PbTiNaNbO6,0.93,1.8,1.365,139.0,149.0,144.0,5.139,7.417,6.2780000000000005,0.357,0.548,0.4525,3.0,6.0,4.5,1.0,14.0,7.5,0.0,10.0,5.0,1.54,1.6,1.57,60.5,64.0,62.25,6.759,6.828,6.7935,0.079,0.917,0.498,4.0,5.0,4.5,4.0,5.0,4.5,0.0,0.0,0.0,0.9929212650530506,0.4446428571428571,3.0,1.0,3.5,1.8699999999999999,2.075
PbTiNaSbO6,0.93,1.8,1.365,139.0,149.0,144.0,5.139,7.417,6.2780000000000005,0.357,0.548,0.4525,3.0,6.0,4.5,1.0,14.0,7.5,0.0,10.0,5.0,1.54,2.05,1.795,60.0,60.5,60.25,6.828,8.608,7.718,0.079,1.046,0.5625,4.0,5.0,4.5,4.0,15.0,9.5,0.0,10.0,5.0,1.002838081682794,0.4303571428571429,3.0,1.0,0.5,1.645,2.075
PbTiNaVO6,0.93,1.8,1.365,139.0,149.0,144.0,5.139,7.417,6.2780000000000005,0.357,0.548,0.4525,3.0,6.0,4.5,1.0,14.0,7.5,0.0,10.0,5.0,1.54,1.63,1.585,54.0,60.5,57.25,6.746,6.828,6.787000000000001,0.079,0.525,0.302,4.0,4.0,4.0,4.0,5.0,4.5,0.0,0.0,0.0,1.0180903718985017,0.4089285714285714,3.0,1.0,6.5,1.855,2.075
PbTiSnTiO6,1.8,1.96,1.88,118.0,149.0,133.5,7.344,7.417,7.3805,0.357,1.112,0.7345,5.0,6.0,5.5,14.0,14.0,14.0,10.0,10.0,10.0,1.54,1.54,1.54,60.5,60.5,60.5,6.828,6.828,6.828,0.079,0.079,0.079,4.0,4.0,4.0,4.0,4.0,4.0,0.0,0.0,0.0,0.9645571304464875,0.43214285714285716,4.0,2.0,0.0,1.9,1.56
PbTiSrGeO6,0.95,1.8,1.375,144.0,149.0,146.5,5.695,7.417,6.556,0.048,0.357,0.20249999999999999,5.0,6.0,5.5,2.0,14.0,8.0,0.0,10.0,5.0,1.54,2.01,1.775,53.0,60.5,56.75,6.828,7.899,7.3635,0.079,1.233,0.656,4.0,4.0,4.0,4.0,14.0,9.0,0.0,10.0,5.0,1.0296624793389877,0.40535714285714286,4.0,1.0,7.5,1.665,2.065
PbTiSrSiO6,0.95,1.8,1.375,144.0,149.0,146.5,5.695,7.417,6.556,0.048,0.357,0.20249999999999999,5.0,6.0,5.5,2.0,14.0,8.0,0.0,10.0,5.0,1.54,1.9,1.72,40.0,60.5,50.25,6.828,8.152,7.49,0.079,1.39,0.7344999999999999,3.0,4.0,3.5,4.0,14.0,9.0,0.0,0.0,0.0,1.0648414865174551,0.35892857142857143,4.0,1.0,20.5,1.72,2.065
PbTiSrSnO6,0.95,1.8,1.375,144.0,149.0,146.5,5.695,7.417,6.556,0.048,0.357,0.20249999999999999,5.0,6.0,5.5,2.0,14.0,8.0,0.0,10.0,5.0,1.54,1.96,1.75,60.5,69.0,64.75,6.828,7.344,7.086,0.079,1.112,0.5955,4.0,5.0,4.5,4.0,14.0,9.0,0.0,10.0,5.0,0.9894314667152423,0.4625,4.0,1.0,8.5,1.69,2.065
PbTiSrTiO6,0.95,1.8,1.375,144.0,149.0,146.5,5.695,7.417,6.556,0.048,0.357,0.20249999999999999,5.0,6.0,5.5,2.0,14.0,8.0,0.0,10.0,5.0,1.54,1.54,1.54,60.5,60.5,60.5,6.828,6.828,6.828,0.079,0.079,0.079,4.0,4.0,4.0,4.0,4.0,4.0,0.0,0.0,0.0,1.0104044529174356,0.43214285714285716,4.0,1.0,0.0,1.9,2.065
PbTiTlNbO6,1.8,1.8,1.8,149.0,170.0,159.5,6.108,7.417,6.762499999999999,0.357,0.377,0.367,6.0,6.0,6.0,13.0,14.0,13.5,10.0,10.0,10.0,1.54,1.6,1.57,60.5,64.0,62.25,6.759,6.828,6.7935,0.079,0.917,0.498,4.0,5.0,4.5,4.0,5.0,4.5,0.0,0.0,0.0,1.047112390434467,0.4446428571428571,3.0,2.0,3.5,1.8699999999999999,1.64
PbTiYAlO6,1.22,1.8,1.51,107.5,149.0,128.25,6.217,7.417,6.817,0.307,0.357,0.33199999999999996,5.0,6.0,5.5,3.0,14.0,8.5,0.0,10.0,5.0,1.54,1.61,1.5750000000000002,53.5,60.5,57.0,5.986,6.828,6.407,0.079,0.433,0.256,3.0,4.0,3.5,4.0,13.0,8.5,0.0,0.0,0.0,0.9628497160065551,0.40714285714285714,5.0,1.0,7.0,1.8649999999999998,1.93
PbZrAgNbO6,1.8,1.93,1.865,128.0,149.0,138.5,7.417,7.576,7.496499999999999,0.357,1.302,0.8295,5.0,6.0,5.5,11.0,14.0,12.5,10.0,10.0,10.0,1.33,1.6,1.465,64.0,72.0,68.0,6.634,6.759,6.6965,0.426,0.917,0.6715,5.0,5.0,5.0,4.0,5.0,4.5,0.0,0.0,0.0,0.9467751853867955,0.4857142857142857,3.0,1.0,8.0,1.9749999999999999,1.575
PbZrBaSnO6,0.89,1.8,1.345,149.0,161.0,155.0,5.212,7.417,6.3145,0.145,0.357,0.251,6.0,6.0,6.0,2.0,14.0,8.0,0.0,10.0,5.0,1.33,1.96,1.645,69.0,72.0,70.5,6.634,7.344,6.989000000000001,0.426,1.112,0.769,5.0,5.0,5.0,4.0,14.0,9.0,0.0,10.0,5.0,0.9909572467934988,0.5035714285714286,4.0,1.0,3.0,1.795,2.0949999999999998
PbZrBaTiO6,0.89,1.8,1.345,149.0,161.0,155.0,5.212,7.417,6.3145,0.145,0.357,0.251,6.0,6.0,6.0,2.0,14.0,8.0,0.0,10.0,5.0,1.33,1.54,1.435,60.5,72.0,66.25,6.634,6.828,6.731,0.079,0.426,0.2525,4.0,5.0,4.5,4.0,4.0,4.0,0.0,0.0,0.0,1.0113769718789407,0.4732142857142857,4.0,1.0,11.5,2.005,2.0949999999999998
PbZrCaGeO6,1.0,1.8,1.4,134.0,149.0,141.5,6.113,7.417,6.765000000000001,0.025,0.357,0.191,4.0,6.0,5.0,2.0,14.0,8.0,0.0,10.0,5.0,1.33,2.01,1.67,53.0,72.0,62.5,6.634,7.899,7.266500000000001,0.426,1.233,0.8295,4.0,5.0,4.5,4.0,14.0,9.0,0.0,10.0,5.0,0.9829657229827807,0.44642857142857145,4.0,1.0,19.0,1.77,2.04
PbZrCaSiO6,1.0,1.8,1.4,134.0,149.0,141.5,6.113,7.417,6.765000000000001,0.025,0.357,0.191,4.0,6.0,5.0,2.0,14.0,8.0,0.0,10.0,5.0,1.33,1.9,1.615,40.0,72.0,56.0,6.634,8.152,7.393,0.426,1.39,0.9079999999999999,3.0,5.0,4.0,4.0,14.0,9.0,0.0,0.0,0.0,1.0155640760408833,0.4,4.0,1.0,32.0,1.825,2.04
PbZrCaSnO6,1.0,1.8,1.4,134.0,149.0,141.5,6.113,7.417,6.765000000000001,0.025,0.357,0.191,4.0,6.0,5.0,2.0,14.0,8.0,0.0,10.0,5.0,1.33,1.96,1.645,69.0,72.0,70.5,6.634,7.344,6.989000000000001,0.426,1.112,0.769,5.0,5.0,5.0,4.0,14.0,9.0,0.0,10.0,5.0,0.9456083558385421,0.5035714285714286,4.0,1.0,3.0,1.795,2.04
PbZrCaTiO6,1.0,1.8,1.4,134.0,149.0,141.5,6.113,7.417,6.765000000000001,0.025,0.357,0.191,4.0,6.0,5.0,2.0,14.0,8.0,0.0,10.0,5.0,1.33,1.54,1.435,60.5,72.0,66.25,6.634,6.828,6.731,0.079,0.426,0.2525,4.0,5.0,4.5,4.0,4.0,4.0,0.0,0.0,0.0,0.9650936189285484,0.4732142857142857,4.0,1.0,11.5,2.005,2.04
PbZrCsVO6,0.79,1.8,1.295,149.0,188.0,168.5,3.894,7.417,5.6555,0.357,0.472,0.4145,6.0,6.0,6.0,1.0,14.0,7.5,0.0,10.0,5.0,1.33,1.63,1.48,54.0,72.0,63.0,6.634,6.746,6.69,0.426,0.525,0.47550000000000003,4.0,5.0,4.5,4.0,5.0,4.5,0.0,0.0,0.0,1.0745933103253689,0.45,3.0,1.0,18.0,1.96,2.145
PbZrGaNbO6,1.8,1.81,1.8050000000000002,120.0,149.0,134.5,5.999,7.417,6.708,0.357,0.43,0.39349999999999996,4.0,6.0,5.0,13.0,14.0,13.5,10.0,10.0,10.0,1.33,1.6,1.465,64.0,72.0,68.0,6.634,6.759,6.6965,0.426,0.917,0.6715,5.0,5.0,5.0,4.0,5.0,4.5,0.0,0.0,0.0,0.933176978056285,0.4857142857142857,3.0,2.0,8.0,1.9749999999999999,1.6349999999999998
PbZrInNbO6,1.78,1.8,1.79,140.0,149.0,144.5,5.786,7.417,6.6015,0.3,0.357,0.3285,5.0,6.0,5.5,13.0,14.0,13.5,10.0,10.0,10.0,1.33,1.6,1.465,64.0,72.0,68.0,6.634,6.759,6.6965,0.426,0.917,0.6715,5.0,5.0,5.0,4.0,5.0,4.5,0.0,0.0,0.0,0.9671724963825612,0.4857142857142857,3.0,2.0,8.0,1.9749999999999999,1.65
PbZrKNbO6,0.82,1.8,1.31,149.0,164.0,156.5,4.341,7.417,5.879,0.357,0.501,0.429,4.0,6.0,5.0,1.0,14.0,7.5,0.0,10.0,5.0,1.33,1.6,1.465,64.0,72.0,68.0,6.634,6.759,6.6965,0.426,0.917,0.6715,5.0,5.0,5.0,4.0,5.0,4.5,0.0,0.0,0.0,1.0079671183740928,0.4857142857142857,3.0,1.0,8.0,1.9749999999999999,2.13
PbZrKSbO6,0.82,1.8,1.31,149.0,164.0,156.5,4.341,7.417,5.879,0.357,0.501,0.429,4.0,6.0,5.0,1.0,14.0,7.5,0.0,10.0,5.0,1.33,2.05,1.69,60.0,72.0,66.0,6.634,8.608,7.621,0.426,1.046,0.736,5.0,5.0,5.0,4.0,15.0,9.5,0.0,10.0,5.0,1.0177532069019968,0.4714285714285714,3.0,1.0,12.0,1.75,2.13
PbZrLaAlO6,1.1,1.8,1.4500000000000002,136.0,149.0,142.5,5.577,7.417,6.497,0.357,0.47,0.4135,6.0,6.0,6.0,3.0,14.0,8.5,0.0,10.0,5.0,1.33,1.61,1.4700000000000002,53.5,72.0,62.75,5.986,6.634,6.3100000000000005,0.426,0.433,0.4295,3.0,5.0,4.0,4.0,13.0,8.5,0.0,0.0,0.0,0.9852412610860648,0.44821428571428573,5.0,1.0,18.5,1.9699999999999998,1.9899999999999998
PbZrLaGaO6,1.1,1.8,1.4500000000000002,136.0,149.0,142.5,5.577,7.417,6.497,0.357,0.47,0.4135,6.0,6.0,6.0,3.0,14.0,8.5,0.0,10.0,5.0,1.33,1.81,1.57,62.0,72.0,67.0,5.999,6.634,6.3165,0.426,0.43,0.428,4.0,5.0,4.5,4.0,13.0,8.5,0.0,10.0,5.0,0.9650128777062785,0.4785714285714286,5.0,1.0,10.0,1.8699999999999999,1.9899999999999998
PbZrLaInO6,1.1,1.8,1.4500000000000002,136.0,149.0,142.5,5.577,7.417,6.497,0.357,0.47,0.4135,6.0,6.0,6.0,3.0,14.0,8.5,0.0,10.0,5.0,1.33,1.78,1.5550000000000002,72.0,80.0,76.0,5.786,6.634,6.21,0.3,0.426,0.363,5.0,5.0,5.0,4.0,13.0,8.5,0.0,10.0,5.0,0.9248040078018502,0.5428571428571428,5.0,1.0,8.0,1.8849999999999998,1.9899999999999998
PbZrLiNbO6,0.98,1.8,1.3900000000000001,92.0,149.0,120.5,5.392,7.417,6.4045000000000005,0.357,0.618,0.4875,2.0,6.0,4.0,1.0,14.0,7.5,0.0,10.0,5.0,1.33,1.6,1.465,64.0,72.0,68.0,6.634,6.759,6.6965,0.426,0.917,0.6715,5.0,5.0,5.0,4.0,5.0,4.5,0.0,0.0,0.0,0.8855832523994981,0.4857142857142857,3.0,1.0,8.0,1.9749999999999999,2.05
PbZrLiVO6,0.98,1.8,1.3900000000000001,92.0,149.0,120.5,5.392,7.417,6.4045000000000005,0.357,0.618,0.4875,2.0,6.0,4.0,1.0,14.0,7.5,0.0,10.0,5.0,1.33,1.63,1.48,54.0,72.0,63.0,6.634,6.746,6.69,0.426,0.525,0.47550000000000003,4.0,5.0,4.5,4.0,5.0,4.5,0.0,0.0,0.0,0.9073956477787961,0.45,3.0,1.0,18.0,1.96,2.05
PbZrMgTiO6,1.31,1.8,1.5550000000000002,89.0,149.0,119.0,7.417,7.646,7.531499999999999,0.0,0.357,0.1785,3.0,6.0,4.5,2.0,14.0,8.0,0.0,10.0,5.0,1.33,1.54,1.435,60.5,72.0,66.25,6.634,6.828,6.731,0.079,0.426,0.2525,4.0,5.0,4.5,4.0,4.0,4.0,0.0,0.0,0.0,0.8879546973445614,0.4732142857142857,4.0,1.0,11.5,2.005,1.8849999999999998
PbZrNaNbO6,0.93,1.8,1.365,139.0,149.0,144.0,5.139,7.417,6.2780000000000005,0.357,0.548,0.4525,3.0,6.0,4.5,1.0,14.0,7.5,0.0,10.0,5.0,1.33,1.6,1.465,64.0,72.0,68.0,6.634,6.759,6.6965,0.426,0.917,0.6715,5.0,5.0,5.0,4.0,5.0,4.5,0.0,0.0,0.0,0.9654727204662474,0.4857142857142857,3.0,1.0,8.0,1.9749999999999999,2.075
PbZrNaSbO6,0.93,1.8,1.365,139.0,149.0,144.0,5.139,7.417,6.2780000000000005,0.357,0.548,0.4525,3.0,6.0,4.5,1.0,14.0,7.5,0.0,10.0,5.0,1.33,2.05,1.69,60.0,72.0,66.0,6.634,8.608,7.621,0.426,1.046,0.736,5.0,5.0,5.0,4.0,15.0,9.5,0.0,10.0,5.0,0.9748462420241722,0.4714285714285714,3.0,1.0,12.0,1.75,2.075
PbZrNaVO6,0.93,1.8,1.365,139.0,149.0,144.0,5.139,7.417,6.2780000000000005,0.357,0.548,0.4525,3.0,6.0,4.5,1.0,14.0,7.5,0.0,10.0,5.0,1.33,1.63,1.48,54.0,72.0,63.0,6.634,6.746,6.69,0.426,0.525,0.47550000000000003,4.0,5.0,4.5,4.0,5.0,4.5,0.0,0.0,0.0,0.989252836733889,0.45,3.0,1.0,18.0,1.96,2.075
PbZrPbTiO6,1.8,1.8,1.8,149.0,149.0,149.0,7.417,7.417,7.417,0.357,0.357,0.357,6.0,6.0,6.0,14.0,14.0,14.0,10.0,10.0,10.0,1.33,1.54,1.435,60.5,72.0,66.25,6.634,6.828,6.731,0.079,0.426,0.2525,4.0,5.0,4.5,4.0,4.0,4.0,0.0,0.0,0.0,0.9908065927898774,0.4732142857142857,4.0,2.0,11.5,2.005,1.64
PbZrRbNbO6,0.82,1.8,1.31,149.0,172.0,160.5,4.177,7.417,5.797,0.357,0.486,0.4215,5.0,6.0,5.5,1.0,14.0,7.5,0.0,10.0,5.0,1.33,1.6,1.465,64.0,72.0,68.0,6.634,6.759,6.6965,0.426,0.917,0.6715,5.0,5.0,5.0,4.0,5.0,4.5,0.0,0.0,0.0,1.0215653257046033,0.4857142857142857,3.0,1.0,8.0,1.9749999999999999,2.13
PbZrSnHfO6,1.8,1.96,1.88,118.0,149.0,133.5,7.344,7.417,7.3805,0.357,1.112,0.7345,5.0,6.0,5.5,14.0,14.0,14.0,10.0,10.0,10.0,1.3,1.33,1.315,71.0,72.0,71.5,6.634,6.825,6.7295,0.014,0.426,0.22,5.0,6.0,5.5,4.0,4.0,4.0,0.0,0.0,0.0,0.9143910385556536,0.5107142857142857,4.0,2.0,1.0,2.125,1.56
PbZrSnTiO6,1.8,1.96,1.88,118.0,149.0,133.5,7.344,7.417,7.3805,0.357,1.112,0.7345,5.0,6.0,5.5,14.0,14.0,14.0,10.0,10.0,10.0,1.33,1.54,1.435,60.5,72.0,66.25,6.634,6.828,6.731,0.079,0.426,0.2525,4.0,5.0,4.5,4.0,4.0,4.0,0.0,0.0,0.0,0.9376664468097975,0.4732142857142857,4.0,2.0,11.5,2.005,1.56
PbZrSnZrO6,1.8,1.96,1.88,118.0,149.0,133.5,7.344,7.417,7.3805,0.357,1.112,0.7345,5.0,6.0,5.5,14.0,14.0,14.0,10.0,10.0,10.0,1.33,1.33,1.33,72.0,72.0,72.0,6.634,6.634,6.634,0.426,0.426,0.426,5.0,5.0,5.0,4.0,4.0,4.0,0.0,0.0,0.0,0.9122344559175506,0.5142857142857142,4.0,2.0,0.0,2.11,1.56
PbZrSrGeO6,0.95,1.8,1.375,144.0,149.0,146.5,5.695,7.417,6.556,0.048,0.357,0.20249999999999999,5.0,6.0,5.5,2.0,14.0,8.0,0.0,10.0,5.0,1.33,2.01,1.67,53.0,72.0,62.5,6.634,7.899,7.266500000000001,0.426,1.233,0.8295,4.0,5.0,4.5,4.0,14.0,9.0,0.0,10.0,5.0,1.0004251496787449,0.44642857142857145,4.0,1.0,19.0,1.77,2.065
PbZrSrSiO6,0.95,1.8,1.375,144.0,149.0,146.5,5.695,7.417,6.556,0.048,0.357,0.20249999999999999,5.0,6.0,5.5,2.0,14.0,8.0,0.0,10.0,5.0,1.33,1.9,1.615,40.0,72.0,56.0,6.634,8.152,7.393,0.426,1.39,0.9079999999999999,3.0,5.0,4.0,4.0,14.0,9.0,0.0,0.0,0.0,1.0336025143364584,0.4,4.0,1.0,32.0,1.825,2.065
PbZrSrSnO6,0.95,1.8,1.375,144.0,149.0,146.5,5.695,7.417,6.556,0.048,0.357,0.20249999999999999,5.0,6.0,5.5,2.0,14.0,8.0,0.0,10.0,5.0,1.33,1.96,1.645,69.0,72.0,70.5,6.634,7.344,6.989000000000001,0.426,1.112,0.769,5.0,5.0,5.0,4.0,14.0,9.0,0.0,10.0,5.0,0.962404241377415,0.5035714285714286,4.0,1.0,3.0,1.795,2.065
PbZrSrTiO6,0.95,1.8,1.375,144.0,149.0,146.5,5.695,7.417,6.556,0.048,0.357,0.20249999999999999,5.0,6.0,5.5,2.0,14.0,8.0,0.0,10.0,5.0,1.33,1.54,1.435,60.5,72.0,66.25,6.634,6.828,6.731,0.079,0.426,0.2525,4.0,5.0,4.5,4.0,4.0,4.0,0.0,0.0,0.0,0.9822356015027678,0.4732142857142857,4.0,1.0,11.5,2.005,2.065
PbZrTlNbO6,1.8,1.8,1.8,149.0,170.0,159.5,6.108,7.417,6.762499999999999,0.357,0.377,0.367,6.0,6.0,6.0,13.0,14.0,13.5,10.0,10.0,10.0,1.33,1.6,1.465,64.0,72.0,68.0,6.634,6.759,6.6965,0.426,0.917,0.6715,5.0,5.0,5.0,4.0,5.0,4.5,0.0,0.0,0.0,1.0181657738719758,0.4857142857142857,3.0,2.0,8.0,1.9749999999999999,1.64
PbZrYAlO6,1.22,1.8,1.51,107.5,149.0,128.25,6.217,7.417,6.817,0.307,0.357,0.33199999999999996,5.0,6.0,5.5,3.0,14.0,8.5,0.0,10.0,5.0,1.33,1.61,1.4700000000000002,53.5,72.0,62.75,5.986,6.634,6.3100000000000005,0.426,0.433,0.4295,3.0,5.0,4.0,4.0,13.0,8.5,0.0,0.0,0.0,0.9355432505711041,0.44821428571428573,5.0,1.0,18.5,1.9699999999999998,1.93
RbNbAgNbO6,0.82,1.93,1.375,128.0,172.0,150.0,4.177,7.576,5.8765,0.486,1.302,0.894,5.0,5.0,5.0,1.0,11.0,6.0,0.0,10.0,5.0,1.6,1.6,1.6,64.0,64.0,64.0,6.759,6.759,6.759,0.917,0.917,0.917,5.0,5.0,5.0,5.0,5.0,5.0,0.0,0.0,0.0,1.0052008163926411,0.45714285714285713,2.0,0.0,0.0,1.8399999999999999,2.065
RbNbBaSnO6,0.82,0.89,0.855,161.0,172.0,166.5,4.177,5.212,4.6945,0.145,0.486,0.3155,5.0,6.0,5.5,1.0,2.0,1.5,0.0,0.0,0.0,1.6,1.96,1.78,64.0,69.0,66.5,6.759,7.344,7.051500000000001,0.917,1.112,1.0145,5.0,5.0,5.0,5.0,14.0,9.5,0.0,10.0,5.0,1.0495313725601783,0.475,3.0,0.0,5.0,1.66,2.585
RbNbBaTiO6,0.82,0.89,0.855,161.0,172.0,166.5,4.177,5.212,4.6945,0.145,0.486,0.3155,5.0,6.0,5.5,1.0,2.0,1.5,0.0,0.0,0.0,1.54,1.6,1.57,60.5,64.0,62.25,6.759,6.828,6.7935,0.079,0.917,0.498,4.0,5.0,4.5,4.0,5.0,4.5,0.0,0.0,0.0,1.0715858018970421,0.4446428571428571,3.0,0.0,3.5,1.8699999999999999,2.585
RbNbCaGeO6,0.82,1.0,0.9099999999999999,134.0,172.0,153.0,4.177,6.113,5.145,0.025,0.486,0.2555,4.0,5.0,4.5,1.0,2.0,1.5,0.0,0.0,0.0,1.6,2.01,1.805,53.0,64.0,58.5,6.759,7.899,7.329000000000001,0.917,1.233,1.0750000000000002,4.0,5.0,4.5,5.0,14.0,9.5,0.0,10.0,5.0,1.0437394805423599,0.41785714285714287,3.0,0.0,11.0,1.635,2.5300000000000002
RbNbCaSiO6,0.82,1.0,0.9099999999999999,134.0,172.0,153.0,4.177,6.113,5.145,0.025,0.486,0.2555,4.0,5.0,4.5,1.0,2.0,1.5,0.0,0.0,0.0,1.6,1.9,1.75,40.0,64.0,52.0,6.759,8.152,7.4555,0.917,1.39,1.1535,3.0,5.0,4.0,5.0,14.0,9.5,0.0,0.0,0.0,1.0790744108732209,0.37142857142857144,3.0,0.0,24.0,1.69,2.5300000000000002
RbNbCaSnO6,0.82,1.0,0.9099999999999999,134.0,172.0,153.0,4.177,6.113,5.145,0.025,0.486,0.2555,4.0,5.0,4.5,1.0,2.0,1.5,0.0,0.0,0.0,1.6,1.96,1.78,64.0,69.0,66.5,6.759,7.344,7.051500000000001,0.917,1.112,1.0145,5.0,5.0,5.0,5.0,14.0,9.5,0.0,10.0,5.0,1.003304052724738,0.475,3.0,0.0,5.0,1.66,2.5300000000000002
RbNbCaTiO6,0.82,1.0,0.9099999999999999,134.0,172.0,153.0,4.177,6.113,5.145,0.025,0.486,0.2555,4.0,5.0,4.5,1.0,2.0,1.5,0.0,0.0,0.0,1.54,1.6,1.57,60.5,64.0,62.25,6.759,6.828,6.7935,0.079,0.917,0.498,4.0,5.0,4.5,4.0,5.0,4.5,0.0,0.0,0.0,1.0243870797906471,0.4446428571428571,3.0,0.0,3.5,1.8699999999999999,2.5300000000000002
RbNbGaNbO6,0.82,1.81,1.315,120.0,172.0,146.0,4.177,5.999,5.087999999999999,0.43,0.486,0.45799999999999996,4.0,5.0,4.5,1.0,13.0,7.0,0.0,10.0,5.0,1.6,1.6,1.6,64.0,64.0,64.0,6.759,6.759,6.759,0.917,0.917,0.917,5.0,5.0,5.0,5.0,5.0,5.0,0.0,0.0,0.0,0.991335977545846,0.45714285714285713,2.0,1.0,0.0,1.8399999999999999,2.125
RbNbLaAlO6,0.82,1.1,0.96,136.0,172.0,154.0,4.177,5.577,4.877,0.47,0.486,0.478,5.0,6.0,5.5,1.0,3.0,2.0,0.0,0.0,0.0,1.6,1.61,1.605,53.5,64.0,58.75,5.986,6.759,6.3725000000000005,0.433,0.917,0.675,3.0,5.0,4.0,5.0,13.0,9.0,0.0,0.0,0.0,1.0459843706608551,0.41964285714285715,4.0,0.0,10.5,1.835,2.48
RbNbLaGaO6,0.82,1.1,0.96,136.0,172.0,154.0,4.177,5.577,4.877,0.47,0.486,0.478,5.0,6.0,5.5,1.0,3.0,2.0,0.0,0.0,0.0,1.6,1.81,1.705,62.0,64.0,63.0,5.999,6.759,6.379,0.43,0.917,0.6735,4.0,5.0,4.5,5.0,13.0,9.0,0.0,10.0,5.0,1.0240856830977583,0.45,4.0,0.0,2.0,1.7349999999999999,2.48
RbNbLaInO6,0.82,1.1,0.96,136.0,172.0,154.0,4.177,5.577,4.877,0.47,0.486,0.478,5.0,6.0,5.5,1.0,3.0,2.0,0.0,0.0,0.0,1.6,1.78,1.69,64.0,80.0,72.0,5.786,6.759,6.2725,0.3,0.917,0.6085,5.0,5.0,5.0,5.0,13.0,9.0,0.0,10.0,5.0,0.9806103474945517,0.5142857142857142,4.0,0.0,16.0,1.75,2.48
RbNbLiNbO6,0.82,0.98,0.8999999999999999,92.0,172.0,132.0,4.177,5.392,4.7844999999999995,0.486,0.618,0.552,2.0,5.0,3.5,1.0,1.0,1.0,0.0,0.0,0.0,1.6,1.6,1.6,64.0,64.0,64.0,6.759,6.759,6.759,0.917,0.917,0.917,5.0,5.0,5.0,5.0,5.0,5.0,0.0,0.0,0.0,0.9428090415820634,0.45714285714285713,2.0,0.0,0.0,1.8399999999999999,2.54
RbNbMgTiO6,0.82,1.31,1.065,89.0,172.0,130.5,4.177,7.646,5.9115,0.0,0.486,0.243,3.0,5.0,4.0,1.0,2.0,1.5,0.0,0.0,0.0,1.54,1.6,1.57,60.5,64.0,62.25,6.759,6.828,6.7935,0.079,0.917,0.498,4.0,5.0,4.5,4.0,5.0,4.5,0.0,0.0,0.0,0.9457225429466556,0.4446428571428571,3.0,0.0,3.5,1.8699999999999999,2.375
RbNbNaNbO6,0.82,0.93,0.875,139.0,172.0,155.5,4.177,5.139,4.6579999999999995,0.486,0.548,0.517,3.0,5.0,4.0,1.0,1.0,1.0,0.0,0.0,0.0,1.6,1.6,1.6,64.0,64.0,64.0,6.759,6.759,6.759,0.917,0.917,0.917,5.0,5.0,5.0,5.0,5.0,5.0,0.0,0.0,0.0,1.0242649698069843,0.45714285714285713,2.0,0.0,0.0,1.8399999999999999,2.565
RbNbNaSbO6,0.82,0.93,0.875,139.0,172.0,155.5,4.177,5.139,4.6579999999999995,0.486,0.548,0.517,3.0,5.0,4.0,1.0,1.0,1.0,0.0,0.0,0.0,1.6,2.05,1.825,60.0,64.0,62.0,6.759,8.608,7.6835,0.917,1.046,0.9815,5.0,5.0,5.0,5.0,15.0,10.0,0.0,10.0,5.0,1.0344062071318059,0.44285714285714284,2.0,0.0,4.0,1.615,2.565
RbNbPbTiO6,0.82,1.8,1.31,149.0,172.0,160.5,4.177,7.417,5.797,0.357,0.486,0.4215,5.0,6.0,5.5,1.0,14.0,7.5,0.0,10.0,5.0,1.54,1.6,1.57,60.5,64.0,62.25,6.759,6.828,6.7935,0.079,0.917,0.498,4.0,5.0,4.5,4.0,5.0,4.5,0.0,0.0,0.0,1.0506085920719779,0.4446428571428571,3.0,1.0,3.5,1.8699999999999999,2.13
RbNbSnTiO6,0.82,1.96,1.39,118.0,172.0,145.0,4.177,7.344,5.7605,0.486,1.112,0.799,5.0,5.0,5.0,1.0,14.0,7.5,0.0,10.0,5.0,1.54,1.6,1.57,60.5,64.0,62.25,6.759,6.828,6.7935,0.079,0.917,0.498,4.0,5.0,4.5,4.0,5.0,4.5,0.0,0.0,0.0,0.9964174666905613,0.4446428571428571,3.0,1.0,3.5,1.8699999999999999,2.05
RbNbSnZrO6,0.82,1.96,1.39,118.0,172.0,145.0,4.177,7.344,5.7605,0.486,1.112,0.799,5.0,5.0,5.0,1.0,14.0,7.5,0.0,10.0,5.0,1.33,1.6,1.465,64.0,72.0,68.0,6.634,6.759,6.6965,0.426,0.917,0.6715,5.0,5.0,5.0,4.0,5.0,4.5,0.0,0.0,0.0,0.9688722722988751,0.4857142857142857,3.0,1.0,8.0,1.9749999999999999,2.05
RbNbSrGeO6,0.82,0.95,0.885,144.0,172.0,158.0,4.177,5.695,4.936,0.048,0.486,0.267,5.0,5.0,5.0,1.0,2.0,1.5,0.0,0.0,0.0,1.6,2.01,1.805,53.0,64.0,58.5,6.759,7.899,7.329000000000001,0.917,1.233,1.0750000000000002,4.0,5.0,4.5,5.0,14.0,9.5,0.0,10.0,5.0,1.0615507344765298,0.41785714285714287,3.0,0.0,11.0,1.635,2.5549999999999997
RbNbSrSiO6,0.82,0.95,0.885,144.0,172.0,158.0,4.177,5.695,4.936,0.048,0.486,0.267,5.0,5.0,5.0,1.0,2.0,1.5,0.0,0.0,0.0,1.6,1.9,1.75,40.0,64.0,52.0,6.759,8.152,7.4555,0.917,1.39,1.1535,3.0,5.0,4.0,5.0,14.0,9.5,0.0,0.0,0.0,1.0974886499666205,0.37142857142857144,3.0,0.0,24.0,1.69,2.5549999999999997
RbNbSrSnO6,0.82,0.95,0.885,144.0,172.0,158.0,4.177,5.695,4.936,0.048,0.486,0.267,5.0,5.0,5.0,1.0,2.0,1.5,0.0,0.0,0.0,1.6,1.96,1.78,64.0,69.0,66.5,6.759,7.344,7.051500000000001,0.917,1.112,1.0145,5.0,5.0,5.0,5.0,14.0,9.5,0.0,10.0,5.0,1.0204252822934197,0.475,3.0,0.0,5.0,1.66,2.5549999999999997
RbNbSrTiO6,0.82,0.95,0.885,144.0,172.0,158.0,4.177,5.695,4.936,0.048,0.486,0.267,5.0,5.0,5.0,1.0,2.0,1.5,0.0,0.0,0.0,1.54,1.6,1.57,60.5,64.0,62.25,6.759,6.828,6.7935,0.079,0.917,0.498,4.0,5.0,4.5,4.0,5.0,4.5,0.0,0.0,0.0,1.041868087978201,0.4446428571428571,3.0,0.0,3.5,1.8699999999999999,2.5549999999999997
RbNbTlNbO6,0.82,1.8,1.31,170.0,172.0,171.0,4.177,6.108,5.1425,0.377,0.486,0.4315,5.0,6.0,5.5,1.0,13.0,7.0,0.0,10.0,5.0,1.6,1.6,1.6,64.0,64.0,64.0,6.759,6.759,6.759,0.917,0.917,0.917,5.0,5.0,5.0,5.0,5.0,5.0,0.0,0.0,0.0,1.077991220338315,0.45714285714285713,2.0,1.0,0.0,1.8399999999999999,2.13
RbNbTlTaO6,0.82,1.8,1.31,170.0,172.0,171.0,4.177,6.108,5.1425,0.377,0.486,0.4315,5.0,6.0,5.5,1.0,13.0,7.0,0.0,10.0,5.0,1.5,1.6,1.55,64.0,64.0,64.0,6.759,7.55,7.1545000000000005,0.322,0.917,0.6195,5.0,6.0,5.5,5.0,5.0,5.0,0.0,0.0,0.0,1.077991220338315,0.45714285714285713,2.0,1.0,0.0,1.89,2.13
RbNbYAlO6,0.82,1.22,1.02,107.5,172.0,139.75,4.177,6.217,5.196999999999999,0.307,0.486,0.39649999999999996,5.0,5.0,5.0,1.0,3.0,2.0,0.0,0.0,0.0,1.6,1.61,1.605,53.5,64.0,58.75,5.986,6.759,6.3725000000000005,0.433,0.917,0.675,3.0,5.0,4.0,5.0,13.0,9.0,0.0,0.0,0.0,0.9952861486135178,0.41964285714285715,4.0,0.0,10.5,1.835,2.42
RbTaAgNbO6,0.82,1.93,1.375,128.0,172.0,150.0,4.177,7.576,5.8765,0.486,1.302,0.894,5.0,5.0,5.0,1.0,11.0,6.0,0.0,10.0,5.0,1.5,1.6,1.55,64.0,64.0,64.0,6.759,7.55,7.1545000000000005,0.322,0.917,0.6195,5.0,6.0,5.5,5.0,5.0,5.0,0.0,0.0,0.0,1.0052008163926411,0.45714285714285713,2.0,0.0,0.0,1.89,2.065
RbTaAgTaO6,0.82,1.93,1.375,128.0,172.0,150.0,4.177,7.576,5.8765,0.486,1.302,0.894,5.0,5.0,5.0,1.0,11.0,6.0,0.0,10.0,5.0,1.5,1.5,1.5,64.0,64.0,64.0,7.55,7.55,7.55,0.322,0.322,0.322,6.0,6.0,6.0,5.0,5.0,5.0,0.0,0.0,0.0,1.0052008163926411,0.45714285714285713,2.0,0.0,0.0,1.94,2.065
RbTaBaSnO6,0.82,0.89,0.855,161.0,172.0,166.5,4.177,5.212,4.6945,0.145,0.486,0.3155,5.0,6.0,5.5,1.0,2.0,1.5,0.0,0.0,0.0,1.5,1.96,1.73,64.0,69.0,66.5,7.344,7.55,7.447,0.322,1.112,0.7170000000000001,5.0,6.0,5.5,5.0,14.0,9.5,0.0,10.0,5.0,1.0495313725601783,0.475,3.0,0.0,5.0,1.71,2.585
RbTaBaTiO6,0.82,0.89,0.855,161.0,172.0,166.5,4.177,5.212,4.6945,0.145,0.486,0.3155,5.0,6.0,5.5,1.0,2.0,1.5,0.0,0.0,0.0,1.5,1.54,1.52,60.5,64.0,62.25,6.828,7.55,7.189,0.079,0.322,0.2005,4.0,6.0,5.0,4.0,5.0,4.5,0.0,0.0,0.0,1.0715858018970421,0.4446428571428571,3.0,0.0,3.5,1.92,2.585
RbTaCaGeO6,0.82,1.0,0.9099999999999999,134.0,172.0,153.0,4.177,6.113,5.145,0.025,0.486,0.2555,4.0,5.0,4.5,1.0,2.0,1.5,0.0,0.0,0.0,1.5,2.01,1.755,53.0,64.0,58.5,7.55,7.899,7.7245,0.322,1.233,0.7775000000000001,4.0,6.0,5.0,5.0,14.0,9.5,0.0,10.0,5.0,1.0437394805423599,0.41785714285714287,3.0,0.0,11.0,1.685,2.5300000000000002
RbTaCaHfO6,0.82,1.0,0.9099999999999999,134.0,172.0,153.0,4.177,6.113,5.145,0.025,0.486,0.2555,4.0,5.0,4.5,1.0,2.0,1.5,0.0,0.0,0.0,1.3,1.5,1.4,64.0,71.0,67.5,6.825,7.55,7.1875,0.014,0.322,0.168,6.0,6.0,6.0,4.0,5.0,4.5,0.0,0.0,0.0,0.9984688524706429,0.48214285714285715,3.0,0.0,7.0,2.04,2.5300000000000002
RbTaCaSiO6,0.82,1.0,0.9099999999999999,134.0,172.0,153.0,4.177,6.113,5.145,0.025,0.486,0.2555,4.0,5.0,4.5,1.0,2.0,1.5,0.0,0.0,0.0,1.5,1.9,1.7,40.0,64.0,52.0,7.55,8.152,7.850999999999999,0.322,1.39,0.856,3.0,6.0,4.5,5.0,14.0,9.5,0.0,0.0,0.0,1.0790744108732209,0.37142857142857144,3.0,0.0,24.0,1.74,2.5300000000000002
RbTaCaSnO6,0.82,1.0,0.9099999999999999,134.0,172.0,153.0,4.177,6.113,5.145,0.025,0.486,0.2555,4.0,5.0,4.5,1.0,2.0,1.5,0.0,0.0,0.0,1.5,1.96,1.73,64.0,69.0,66.5,7.344,7.55,7.447,0.322,1.112,0.7170000000000001,5.0,6.0,5.5,5.0,14.0,9.5,0.0,10.0,5.0,1.003304052724738,0.475,3.0,0.0,5.0,1.71,2.5300000000000002
RbTaCaTiO6,0.82,1.0,0.9099999999999999,134.0,172.0,153.0,4.177,6.113,5.145,0.025,0.486,0.2555,4.0,5.0,4.5,1.0,2.0,1.5,0.0,0.0,0.0,1.5,1.54,1.52,60.5,64.0,62.25,6.828,7.55,7.189,0.079,0.322,0.2005,4.0,6.0,5.0,4.0,5.0,4.5,0.0,0.0,0.0,1.0243870797906471,0.4446428571428571,3.0,0.0,3.5,1.92,2.5300000000000002
RbTaCaZrO6,0.82,1.0,0.9099999999999999,134.0,172.0,153.0,4.177,6.113,5.145,0.025,0.486,0.2555,4.0,5.0,4.5,1.0,2.0,1.5,0.0,0.0,0.0,1.33,1.5,1.415,64.0,72.0,68.0,6.634,7.55,7.0920000000000005,0.322,0.426,0.374,5.0,6.0,5.5,4.0,5.0,4.5,0.0,0.0,0.0,0.9960686869598961,0.4857142857142857,3.0,0.0,8.0,2.025,2.5300000000000002
RbTaCsNbO6,0.79,0.82,0.8049999999999999,172.0,188.0,180.0,3.894,4.177,4.0355,0.472,0.486,0.479,5.0,6.0,5.5,1.0,1.0,1.0,0.0,0.0,0.0,1.5,1.6,1.55,64.0,64.0,64.0,6.759,7.55,7.1545000000000005,0.322,0.917,0.6195,5.0,6.0,5.5,5.0,5.0,5.0,0.0,0.0,0.0,1.109187107743604,0.45714285714285713,2.0,0.0,0.0,1.89,2.635
RbTaCsVO6,0.79,0.82,0.8049999999999999,172.0,188.0,180.0,3.894,4.177,4.0355,0.472,0.486,0.479,5.0,6.0,5.5,1.0,1.0,1.0,0.0,0.0,0.0,1.5,1.63,1.565,54.0,64.0,59.0,6.746,7.55,7.148,0.322,0.525,0.4235,4.0,6.0,5.0,5.0,5.0,5.0,0.0,0.0,0.0,1.1370561305512321,0.42142857142857143,2.0,0.0,10.0,1.875,2.635
RbTaGaNbO6,0.82,1.81,1.315,120.0,172.0,146.0,4.177,5.999,5.087999999999999,0.43,0.486,0.45799999999999996,4.0,5.0,4.5,1.0,13.0,7.0,0.0,10.0,5.0,1.5,1.6,1.55,64.0,64.0,64.0,6.759,7.55,7.1545000000000005,0.322,0.917,0.6195,5.0,6.0,5.5,5.0,5.0,5.0,0.0,0.0,0.0,0.991335977545846,0.45714285714285713,2.0,1.0,0.0,1.89,2.125
RbTaGaTaO6,0.82,1.81,1.315,120.0,172.0,146.0,4.177,5.999,5.087999999999999,0.43,0.486,0.45799999999999996,4.0,5.0,4.5,1.0,13.0,7.0,0.0,10.0,5.0,1.5,1.5,1.5,64.0,64.0,64.0,7.55,7.55,7.55,0.322,0.322,0.322,6.0,6.0,6.0,5.0,5.0,5.0,0.0,0.0,0.0,0.991335977545846,0.45714285714285713,2.0,1.0,0.0,1.94,2.125
RbTaKNbO6,0.82,0.82,0.82,164.0,172.0,168.0,4.177,4.341,4.259,0.486,0.501,0.4935,4.0,5.0,4.5,1.0,1.0,1.0,0.0,0.0,0.0,1.5,1.6,1.55,64.0,64.0,64.0,6.759,7.55,7.1545000000000005,0.322,0.917,0.6195,5.0,6.0,5.5,5.0,5.0,5.0,0.0,0.0,0.0,1.067592591203219,0.45714285714285713,2.0,0.0,0.0,1.89,2.62
RbTaKSbO6,0.82,0.82,0.82,164.0,172.0,168.0,4.177,4.341,4.259,0.486,0.501,0.4935,4.0,5.0,4.5,1.0,1.0,1.0,0.0,0.0,0.0,1.5,2.05,1.775,60.0,64.0,62.0,7.55,8.608,8.079,0.322,1.046,0.684,5.0,6.0,5.5,5.0,15.0,10.0,0.0,10.0,5.0,1.078162814878498,0.44285714285714284,2.0,0.0,4.0,1.665,2.62
RbTaLaAlO6,0.82,1.1,0.96,136.0,172.0,154.0,4.177,5.577,4.877,0.47,0.486,0.478,5.0,6.0,5.5,1.0,3.0,2.0,0.0,0.0,0.0,1.5,1.61,1.5550000000000002,53.5,64.0,58.75,5.986,7.55,6.768,0.322,0.433,0.3775,3.0,6.0,4.5,5.0,13.0,9.0,0.0,0.0,0.0,1.0459843706608551,0.41964285714285715,4.0,0.0,10.5,1.8849999999999998,2.48
RbTaLaGaO6,0.82,1.1,0.96,136.0,172.0,154.0,4.177,5.577,4.877,0.47,0.486,0.478,5.0,6.0,5.5,1.0,3.0,2.0,0.0,0.0,0.0,1.5,1.81,1.655,62.0,64.0,63.0,5.999,7.55,6.7745,0.322,0.43,0.376,4.0,6.0,5.0,5.0,13.0,9.0,0.0,10.0,5.0,1.0240856830977583,0.45,4.0,0.0,2.0,1.785,2.48
RbTaLaInO6,0.82,1.1,0.96,136.0,172.0,154.0,4.177,5.577,4.877,0.47,0.486,0.478,5.0,6.0,5.5,1.0,3.0,2.0,0.0,0.0,0.0,1.5,1.78,1.6400000000000001,64.0,80.0,72.0,5.786,7.55,6.667999999999999,0.3,0.322,0.311,5.0,6.0,5.5,5.0,13.0,9.0,0.0,10.0,5.0,0.9806103474945517,0.5142857142857142,4.0,0.0,16.0,1.7999999999999998,2.48
RbTaLaScO6,0.82,1.1,0.96,136.0,172.0,154.0,4.177,5.577,4.877,0.47,0.486,0.478,5.0,6.0,5.5,1.0,3.0,2.0,0.0,0.0,0.0,1.36,1.5,1.4300000000000002,64.0,74.5,69.25,6.561,7.55,7.0555,0.188,0.322,0.255,4.0,6.0,5.0,3.0,5.0,4.0,0.0,0.0,0.0,0.9934976997316367,0.49464285714285716,4.0,0.0,10.5,2.01,2.48
RbTaLiNbO6,0.82,0.98,0.8999999999999999,92.0,172.0,132.0,4.177,5.392,4.7844999999999995,0.486,0.618,0.552,2.0,5.0,3.5,1.0,1.0,1.0,0.0,0.0,0.0,1.5,1.6,1.55,64.0,64.0,64.0,6.759,7.55,7.1545000000000005,0.322,0.917,0.6195,5.0,6.0,5.5,5.0,5.0,5.0,0.0,0.0,0.0,0.9428090415820634,0.45714285714285713,2.0,0.0,0.0,1.89,2.54
RbTaLiTaO6,0.82,0.98,0.8999999999999999,92.0,172.0,132.0,4.177,5.392,4.7844999999999995,0.486,0.618,0.552,2.0,5.0,3.5,1.0,1.0,1.0,0.0,0.0,0.0,1.5,1.5,1.5,64.0,64.0,64.0,7.55,7.55,7.55,0.322,0.322,0.322,6.0,6.0,6.0,5.0,5.0,5.0,0.0,0.0,0.0,0.9428090415820634,0.45714285714285713,2.0,0.0,0.0,1.94,2.54
RbTaLiVO6,0.82,0.98,0.8999999999999999,92.0,172.0,132.0,4.177,5.392,4.7844999999999995,0.486,0.618,0.552,2.0,5.0,3.5,1.0,1.0,1.0,0.0,0.0,0.0,1.5,1.63,1.565,54.0,64.0,59.0,6.746,7.55,7.148,0.322,0.525,0.4235,4.0,6.0,5.0,5.0,5.0,5.0,0.0,0.0,0.0,0.9664977109685474,0.42142857142857143,2.0,0.0,10.0,1.875,2.54
RbTaMgTiO6,0.82,1.31,1.065,89.0,172.0,130.5,4.177,7.646,5.9115,0.0,0.486,0.243,3.0,5.0,4.0,1.0,2.0,1.5,0.0,0.0,0.0,1.5,1.54,1.52,60.5,64.0,62.25,6.828,7.55,7.189,0.079,0.322,0.2005,4.0,6.0,5.0,4.0,5.0,4.5,0.0,0.0,0.0,0.9457225429466556,0.4446428571428571,3.0,0.0,3.5,1.92,2.375
RbTaMgZrO6,0.82,1.31,1.065,89.0,172.0,130.5,4.177,7.646,5.9115,0.0,0.486,0.243,3.0,5.0,4.0,1.0,2.0,1.5,0.0,0.0,0.0,1.33,1.5,1.415,64.0,72.0,68.0,6.634,7.55,7.0920000000000005,0.322,0.426,0.374,5.0,6.0,5.5,4.0,5.0,4.5,0.0,0.0,0.0,0.9195787707257744,0.4857142857142857,3.0,0.0,8.0,2.025,2.375
RbTaNaNbO6,0.82,0.93,0.875,139.0,172.0,155.5,4.177,5.139,4.6579999999999995,0.486,0.548,0.517,3.0,5.0,4.0,1.0,1.0,1.0,0.0,0.0,0.0,1.5,1.6,1.55,64.0,64.0,64.0,6.759,7.55,7.1545000000000005,0.322,0.917,0.6195,5.0,6.0,5.5,5.0,5.0,5.0,0.0,0.0,0.0,1.0242649698069843,0.45714285714285713,2.0,0.0,0.0,1.89,2.565
RbTaNaSbO6,0.82,0.93,0.875,139.0,172.0,155.5,4.177,5.139,4.6579999999999995,0.486,0.548,0.517,3.0,5.0,4.0,1.0,1.0,1.0,0.0,0.0,0.0,1.5,2.05,1.775,60.0,64.0,62.0,7.55,8.608,8.079,0.322,1.046,0.684,5.0,6.0,5.5,5.0,15.0,10.0,0.0,10.0,5.0,1.0344062071318059,0.44285714285714284,2.0,0.0,4.0,1.665,2.565
RbTaNaTaO6,0.82,0.93,0.875,139.0,172.0,155.5,4.177,5.139,4.6579999999999995,0.486,0.548,0.517,3.0,5.0,4.0,1.0,1.0,1.0,0.0,0.0,0.0,1.5,1.5,1.5,64.0,64.0,64.0,7.55,7.55,7.55,0.322,0.322,0.322,6.0,6.0,6.0,5.0,5.0,5.0,0.0,0.0,0.0,1.0242649698069843,0.45714285714285713,2.0,0.0,0.0,1.94,2.565
RbTaNaVO6,0.82,0.93,0.875,139.0,172.0,155.5,4.177,5.139,4.6579999999999995,0.486,0.548,0.517,3.0,5.0,4.0,1.0,1.0,1.0,0.0,0.0,0.0,1.5,1.63,1.565,54.0,64.0,59.0,6.746,7.55,7.148,0.322,0.525,0.4235,4.0,6.0,5.0,5.0,5.0,5.0,0.0,0.0,0.0,1.0500002705559035,0.42142857142857143,2.0,0.0,10.0,1.875,2.565
RbTaPbHfO6,0.82,1.8,1.31,149.0,172.0,160.5,4.177,7.417,5.797,0.357,0.486,0.4215,5.0,6.0,5.5,1.0,14.0,7.5,0.0,10.0,5.0,1.3,1.5,1.4,64.0,71.0,67.5,6.825,7.55,7.1875,0.014,0.322,0.168,6.0,6.0,6.0,4.0,5.0,4.5,0.0,0.0,0.0,1.0240269288990722,0.48214285714285715,3.0,1.0,7.0,2.04,2.13
RbTaPbTiO6,0.82,1.8,1.31,149.0,172.0,160.5,4.177,7.417,5.797,0.357,0.486,0.4215,5.0,6.0,5.5,1.0,14.0,7.5,0.0,10.0,5.0,1.5,1.54,1.52,60.5,64.0,62.25,6.828,7.55,7.189,0.079,0.322,0.2005,4.0,6.0,5.0,4.0,5.0,4.5,0.0,0.0,0.0,1.0506085920719779,0.4446428571428571,3.0,1.0,3.5,1.92,2.13
RbTaPbZrO6,0.82,1.8,1.31,149.0,172.0,160.5,4.177,7.417,5.797,0.357,0.486,0.4215,5.0,6.0,5.5,1.0,14.0,7.5,0.0,10.0,5.0,1.33,1.5,1.415,64.0,72.0,68.0,6.634,7.55,7.0920000000000005,0.322,0.426,0.374,5.0,6.0,5.5,4.0,5.0,4.5,0.0,0.0,0.0,1.0215653257046033,0.4857142857142857,3.0,1.0,8.0,2.025,2.13
RbTaRbNbO6,0.82,0.82,0.82,172.0,172.0,172.0,4.177,4.177,4.177,0.486,0.486,0.486,5.0,5.0,5.0,1.0,1.0,1.0,0.0,0.0,0.0,1.5,1.6,1.55,64.0,64.0,64.0,6.759,7.55,7.1545000000000005,0.322,0.917,0.6195,5.0,6.0,5.5,5.0,5.0,5.0,0.0,0.0,0.0,1.081457430050014,0.45714285714285713,2.0,0.0,0.0,1.89,2.62
RbTaSnHfO6,0.82,1.96,1.39,118.0,172.0,145.0,4.177,7.344,5.7605,0.486,1.112,0.799,5.0,5.0,5.0,1.0,14.0,7.5,0.0,10.0,5.0,1.3,1.5,1.4,64.0,71.0,67.5,6.825,7.55,7.1875,0.014,0.322,0.168,6.0,6.0,6.0,4.0,5.0,4.5,0.0,0.0,0.0,0.9712069042803182,0.48214285714285715,3.0,1.0,7.0,2.04,2.05
RbTaSnTiO6,0.82,1.96,1.39,118.0,172.0,145.0,4.177,7.344,5.7605,0.486,1.112,0.799,5.0,5.0,5.0,1.0,14.0,7.5,0.0,10.0,5.0,1.5,1.54,1.52,60.5,64.0,62.25,6.828,7.55,7.189,0.079,0.322,0.2005,4.0,6.0,5.0,4.0,5.0,4.5,0.0,0.0,0.0,0.9964174666905613,0.4446428571428571,3.0,1.0,3.5,1.92,2.05
RbTaSnZrO6,0.82,1.96,1.39,118.0,172.0,145.0,4.177,7.344,5.7605,0.486,1.112,0.799,5.0,5.0,5.0,1.0,14.0,7.5,0.0,10.0,5.0,1.33,1.5,1.415,64.0,72.0,68.0,6.634,7.55,7.0920000000000005,0.322,0.426,0.374,5.0,6.0,5.5,4.0,5.0,4.5,0.0,0.0,0.0,0.9688722722988751,0.4857142857142857,3.0,1.0,8.0,2.025,2.05
RbTaSrGeO6,0.82,0.95,0.885,144.0,172.0,158.0,4.177,5.695,4.936,0.048,0.486,0.267,5.0,5.0,5.0,1.0,2.0,1.5,0.0,0.0,0.0,1.5,2.01,1.755,53.0,64.0,58.5,7.55,7.899,7.7245,0.322,1.233,0.7775000000000001,4.0,6.0,5.0,5.0,14.0,9.5,0.0,10.0,5.0,1.0615507344765298,0.41785714285714287,3.0,0.0,11.0,1.685,2.5549999999999997
RbTaSrHfO6,0.82,0.95,0.885,144.0,172.0,158.0,4.177,5.695,4.936,0.048,0.486,0.267,5.0,5.0,5.0,1.0,2.0,1.5,0.0,0.0,0.0,1.3,1.5,1.4,64.0,71.0,67.5,6.825,7.55,7.1875,0.014,0.322,0.168,6.0,6.0,6.0,4.0,5.0,4.5,0.0,0.0,0.0,1.015507570089596,0.48214285714285715,3.0,0.0,7.0,2.04,2.5549999999999997
RbTaSrSiO6,0.82,0.95,0.885,144.0,172.0,158.0,4.177,5.695,4.936,0.048,0.486,0.267,5.0,5.0,5.0,1.0,2.0,1.5,0.0,0.0,0.0,1.5,1.9,1.7,40.0,64.0,52.0,7.55,8.152,7.850999999999999,0.322,1.39,0.856,3.0,6.0,4.5,5.0,14.0,9.5,0.0,0.0,0.0,1.0974886499666205,0.37142857142857144,3.0,0.0,24.0,1.74,2.5549999999999997
RbTaSrSnO6,0.82,0.95,0.885,144.0,172.0,158.0,4.177,5.695,4.936,0.048,0.486,0.267,5.0,5.0,5.0,1.0,2.0,1.5,0.0,0.0,0.0,1.5,1.96,1.73,64.0,69.0,66.5,7.344,7.55,7.447,0.322,1.112,0.7170000000000001,5.0,6.0,5.5,5.0,14.0,9.5,0.0,10.0,5.0,1.0204252822934197,0.475,3.0,0.0,5.0,1.71,2.5549999999999997
RbTaSrTiO6,0.82,0.95,0.885,144.0,172.0,158.0,4.177,5.695,4.936,0.048,0.486,0.267,5.0,5.0,5.0,1.0,2.0,1.5,0.0,0.0,0.0,1.5,1.54,1.52,60.5,64.0,62.25,6.828,7.55,7.189,0.079,0.322,0.2005,4.0,6.0,5.0,4.0,5.0,4.5,0.0,0.0,0.0,1.041868087978201,0.4446428571428571,3.0,0.0,3.5,1.92,2.5549999999999997
RbTaSrZrO6,0.82,0.95,0.885,144.0,172.0,158.0,4.177,5.695,4.936,0.048,0.486,0.267,5.0,5.0,5.0,1.0,2.0,1.5,0.0,0.0,0.0,1.33,1.5,1.415,64.0,72.0,68.0,6.634,7.55,7.0920000000000005,0.322,0.426,0.374,5.0,6.0,5.5,4.0,5.0,4.5,0.0,0.0,0.0,1.0130664461230343,0.4857142857142857,3.0,0.0,8.0,2.025,2.5549999999999997
RbTaTlNbO6,0.82,1.8,1.31,170.0,172.0,171.0,4.177,6.108,5.1425,0.377,0.486,0.4315,5.0,6.0,5.5,1.0,13.0,7.0,0.0,10.0,5.0,1.5,1.6,1.55,64.0,64.0,64.0,6.759,7.55,7.1545000000000005,0.322,0.917,0.6195,5.0,6.0,5.5,5.0,5.0,5.0,0.0,0.0,0.0,1.077991220338315,0.45714285714285713,2.0,1.0,0.0,1.89,2.13
RbTaTlTaO6,0.82,1.8,1.31,170.0,172.0,171.0,4.177,6.108,5.1425,0.377,0.486,0.4315,5.0,6.0,5.5,1.0,13.0,7.0,0.0,10.0,5.0,1.5,1.5,1.5,64.0,64.0,64.0,7.55,7.55,7.55,0.322,0.322,0.322,6.0,6.0,6.0,5.0,5.0,5.0,0.0,0.0,0.0,1.077991220338315,0.45714285714285713,2.0,1.0,0.0,1.94,2.13
RbTaYAlO6,0.82,1.22,1.02,107.5,172.0,139.75,4.177,6.217,5.196999999999999,0.307,0.486,0.39649999999999996,5.0,5.0,5.0,1.0,3.0,2.0,0.0,0.0,0.0,1.5,1.61,1.5550000000000002,53.5,64.0,58.75,5.986,7.55,6.768,0.322,0.433,0.3775,3.0,6.0,4.5,5.0,13.0,9.0,0.0,0.0,0.0,0.9952861486135178,0.41964285714285715,4.0,0.0,10.5,1.8849999999999998,2.42
SnHfAgNbO6,1.93,1.96,1.9449999999999998,118.0,128.0,123.0,7.344,7.576,7.46,1.112,1.302,1.207,5.0,5.0,5.0,11.0,14.0,12.5,10.0,10.0,10.0,1.3,1.6,1.4500000000000002,64.0,71.0,67.5,6.759,6.825,6.792,0.014,0.917,0.4655,5.0,6.0,5.5,4.0,5.0,4.5,0.0,0.0,0.0,0.8962365467569252,0.48214285714285715,3.0,1.0,7.0,1.9899999999999998,1.495
SnHfBaSnO6,0.89,1.96,1.425,118.0,161.0,139.5,5.212,7.344,6.2780000000000005,0.145,1.112,0.6285000000000001,5.0,6.0,5.5,2.0,14.0,8.0,0.0,10.0,5.0,1.3,1.96,1.63,69.0,71.0,70.0,6.825,7.344,7.0845,0.014,1.112,0.5630000000000001,5.0,6.0,5.5,4.0,14.0,9.0,0.0,10.0,5.0,0.9411254540078097,0.5,4.0,1.0,2.0,1.81,2.0149999999999997
SnHfBaTiO6,0.89,1.96,1.425,118.0,161.0,139.5,5.212,7.344,6.2780000000000005,0.145,1.112,0.6285000000000001,5.0,6.0,5.5,2.0,14.0,8.0,0.0,10.0,5.0,1.3,1.54,1.42,60.5,71.0,65.75,6.825,6.828,6.8265,0.014,0.079,0.0465,4.0,6.0,5.0,4.0,4.0,4.0,0.0,0.0,0.0,0.9605654694611908,0.46964285714285714,4.0,1.0,10.5,2.02,2.0149999999999997
SnHfCaGeO6,1.0,1.96,1.48,118.0,134.0,126.0,6.113,7.344,6.7285,0.025,1.112,0.5685,4.0,5.0,4.5,2.0,14.0,8.0,0.0,10.0,5.0,1.3,2.01,1.6549999999999998,53.0,71.0,62.0,6.825,7.899,7.362,0.014,1.233,0.6235,4.0,6.0,5.0,4.0,14.0,9.0,0.0,10.0,5.0,0.931140612849612,0.44285714285714284,4.0,1.0,18.0,1.7850000000000001,1.96
SnHfCaSiO6,1.0,1.96,1.48,118.0,134.0,126.0,6.113,7.344,6.7285,0.025,1.112,0.5685,4.0,5.0,4.5,2.0,14.0,8.0,0.0,10.0,5.0,1.3,1.9,1.6,40.0,71.0,55.5,6.825,8.152,7.4885,0.014,1.39,0.702,3.0,6.0,4.5,4.0,14.0,9.0,0.0,0.0,0.0,0.9620992521515173,0.3964285714285714,4.0,1.0,31.0,1.8399999999999999,1.96
SnHfCaSnO6,1.0,1.96,1.48,118.0,134.0,126.0,6.113,7.344,6.7285,0.025,1.112,0.5685,4.0,5.0,4.5,2.0,14.0,8.0,0.0,10.0,5.0,1.3,1.96,1.63,69.0,71.0,70.0,6.825,7.344,7.0845,0.014,1.112,0.5630000000000001,5.0,6.0,5.5,4.0,14.0,9.0,0.0,10.0,5.0,0.8956685895029601,0.5,4.0,1.0,2.0,1.81,1.96
SnHfCaTiO6,1.0,1.96,1.48,118.0,134.0,126.0,6.113,7.344,6.7285,0.025,1.112,0.5685,4.0,5.0,4.5,2.0,14.0,8.0,0.0,10.0,5.0,1.3,1.54,1.42,60.5,71.0,65.75,6.825,6.828,6.8265,0.014,0.079,0.0465,4.0,6.0,5.0,4.0,4.0,4.0,0.0,0.0,0.0,0.9141696417770189,0.46964285714285714,4.0,1.0,10.5,2.02,1.96
SnHfCsVO6,0.79,1.96,1.375,118.0,188.0,153.0,3.894,7.344,5.619,0.472,1.112,0.792,5.0,6.0,5.5,1.0,14.0,7.5,0.0,10.0,5.0,1.3,1.63,1.4649999999999999,54.0,71.0,62.5,6.746,6.825,6.785500000000001,0.014,0.525,0.2695,4.0,6.0,5.0,4.0,5.0,4.5,0.0,0.0,0.0,1.0231224043834983,0.44642857142857145,3.0,1.0,17.0,1.975,2.065
SnHfGaNbO6,1.81,1.96,1.885,118.0,120.0,119.0,5.999,7.344,6.6715,0.43,1.112,0.771,4.0,5.0,4.5,13.0,14.0,13.5,10.0,10.0,10.0,1.3,1.6,1.4500000000000002,64.0,71.0,67.5,6.759,6.825,6.792,0.014,0.917,0.4655,5.0,6.0,5.5,4.0,5.0,4.5,0.0,0.0,0.0,0.8826055726617628,0.48214285714285715,3.0,2.0,7.0,1.9899999999999998,1.555
SnHfGaTaO6,1.81,1.96,1.885,118.0,120.0,119.0,5.999,7.344,6.6715,0.43,1.112,0.771,4.0,5.0,4.5,13.0,14.0,13.5,10.0,10.0,10.0,1.3,1.5,1.4,64.0,71.0,67.5,6.825,7.55,7.1875,0.014,0.322,0.168,6.0,6.0,6.0,4.0,5.0,4.5,0.0,0.0,0.0,0.8826055726617628,0.48214285714285715,3.0,2.0,7.0,2.04,1.555
SnHfInNbO6,1.78,1.96,1.87,118.0,140.0,129.0,5.786,7.344,6.5649999999999995,0.3,1.112,0.7060000000000001,5.0,5.0,5.0,13.0,14.0,13.5,10.0,10.0,10.0,1.3,1.6,1.4500000000000002,64.0,71.0,67.5,6.759,6.825,6.792,0.014,0.917,0.4655,5.0,6.0,5.5,4.0,5.0,4.5,0.0,0.0,0.0,0.9166830078996687,0.48214285714285715,3.0,2.0,7.0,1.9899999999999998,1.5699999999999998
SnHfKNbO6,0.82,1.96,1.39,118.0,164.0,141.0,4.341,7.344,5.8425,0.501,1.112,0.8065,4.0,5.0,4.5,1.0,14.0,7.5,0.0,10.0,5.0,1.3,1.6,1.4500000000000002,64.0,71.0,67.5,6.759,6.825,6.792,0.014,0.917,0.4655,5.0,6.0,5.5,4.0,5.0,4.5,0.0,0.0,0.0,0.9575759301851557,0.48214285714285715,3.0,1.0,7.0,1.9899999999999998,2.05
SnHfLaAlO6,1.1,1.96,1.53,118.0,136.0,127.0,5.577,7.344,6.4605,0.47,1.112,0.791,5.0,6.0,5.5,3.0,14.0,8.5,0.0,10.0,5.0,1.3,1.61,1.455,53.5,71.0,62.25,5.986,6.825,6.4055,0.014,0.433,0.2235,3.0,6.0,4.5,4.0,13.0,8.5,0.0,0.0,0.0,0.9334858372153679,0.4446428571428571,5.0,1.0,17.5,1.9849999999999999,1.91
SnHfLaGaO6,1.1,1.96,1.53,118.0,136.0,127.0,5.577,7.344,6.4605,0.47,1.112,0.791,5.0,6.0,5.5,3.0,14.0,8.5,0.0,10.0,5.0,1.3,1.81,1.5550000000000002,62.0,71.0,66.5,5.999,6.825,6.412,0.014,0.43,0.222,4.0,6.0,5.0,4.0,13.0,8.5,0.0,10.0,5.0,0.914273658967594,0.475,5.0,1.0,9.0,1.8849999999999998,1.91
SnHfLaInO6,1.1,1.96,1.53,118.0,136.0,127.0,5.577,7.344,6.4605,0.47,1.112,0.791,5.0,6.0,5.5,3.0,14.0,8.5,0.0,10.0,5.0,1.3,1.78,1.54,71.0,80.0,75.5,5.786,6.825,6.3055,0.014,0.3,0.157,5.0,6.0,5.5,4.0,13.0,8.5,0.0,10.0,5.0,0.8760905363192955,0.5392857142857143,5.0,1.0,9.0,1.9,1.91
SnHfLiNbO6,0.98,1.96,1.47,92.0,118.0,105.0,5.392,7.344,6.368,0.618,1.112,0.865,2.0,5.0,3.5,1.0,14.0,7.5,0.0,10.0,5.0,1.3,1.6,1.4500000000000002,64.0,71.0,67.5,6.759,6.825,6.792,0.014,0.917,0.4655,5.0,6.0,5.5,4.0,5.0,4.5,0.0,0.0,0.0,0.8348971633286946,0.48214285714285715,3.0,1.0,7.0,1.9899999999999998,1.97
SnHfLiVO6,0.98,1.96,1.47,92.0,118.0,105.0,5.392,7.344,6.368,0.618,1.112,0.865,2.0,5.0,3.5,1.0,14.0,7.5,0.0,10.0,5.0,1.3,1.63,1.4649999999999999,54.0,71.0,62.5,6.746,6.825,6.785500000000001,0.014,0.525,0.2695,4.0,6.0,5.0,4.0,5.0,4.5,0.0,0.0,0.0,0.8555119081022425,0.44642857142857145,3.0,1.0,17.0,1.975,1.97
SnHfMgTiO6,1.31,1.96,1.635,89.0,118.0,103.5,7.344,7.646,7.495,0.0,1.112,0.556,3.0,5.0,4.0,2.0,14.0,8.0,0.0,10.0,5.0,1.3,1.54,1.42,60.5,71.0,65.75,6.825,6.828,6.8265,0.014,0.079,0.0465,4.0,6.0,5.0,4.0,4.0,4.0,0.0,0.0,0.0,0.8368432623033988,0.46964285714285714,4.0,1.0,10.5,2.02,1.805
SnHfNaNbO6,0.93,1.96,1.445,118.0,139.0,128.5,5.139,7.344,6.2415,0.548,1.112,0.8300000000000001,3.0,5.0,4.0,1.0,14.0,7.5,0.0,10.0,5.0,1.3,1.6,1.4500000000000002,64.0,71.0,67.5,6.759,6.825,6.792,0.014,0.917,0.4655,5.0,6.0,5.5,4.0,5.0,4.5,0.0,0.0,0.0,0.9149791361377734,0.48214285714285715,3.0,1.0,7.0,1.9899999999999998,1.9949999999999999
SnHfNaSbO6,0.93,1.96,1.445,118.0,139.0,128.5,5.139,7.344,6.2415,0.548,1.112,0.8300000000000001,3.0,5.0,4.0,1.0,14.0,7.5,0.0,10.0,5.0,1.3,2.05,1.6749999999999998,60.0,71.0,65.5,6.825,8.608,7.7165,0.014,1.046,0.53,5.0,6.0,5.5,4.0,15.0,9.5,0.0,10.0,5.0,0.9238840425722044,0.46785714285714286,3.0,1.0,11.0,1.7650000000000001,1.9949999999999999
SnHfNaVO6,0.93,1.96,1.445,118.0,139.0,128.5,5.139,7.344,6.2415,0.548,1.112,0.8300000000000001,3.0,5.0,4.0,1.0,14.0,7.5,0.0,10.0,5.0,1.3,1.63,1.4649999999999999,54.0,71.0,62.5,6.746,6.825,6.785500000000001,0.014,0.525,0.2695,4.0,6.0,5.0,4.0,5.0,4.5,0.0,0.0,0.0,0.937571213573274,0.44642857142857145,3.0,1.0,17.0,1.975,1.9949999999999999
SnHfPbTiO6,1.8,1.96,1.88,118.0,149.0,133.5,7.344,7.417,7.3805,0.357,1.112,0.7345,5.0,6.0,5.5,14.0,14.0,14.0,10.0,10.0,10.0,1.3,1.54,1.42,60.5,71.0,65.75,6.825,6.828,6.8265,0.014,0.079,0.0465,4.0,6.0,5.0,4.0,4.0,4.0,0.0,0.0,0.0,0.9399451016015589,0.46964285714285714,4.0,2.0,10.5,2.02,1.56
SnHfRbNbO6,0.82,1.96,1.39,118.0,172.0,145.0,4.177,7.344,5.7605,0.486,1.112,0.799,5.0,5.0,5.0,1.0,14.0,7.5,0.0,10.0,5.0,1.3,1.6,1.4500000000000002,64.0,71.0,67.5,6.759,6.825,6.792,0.014,0.917,0.4655,5.0,6.0,5.5,4.0,5.0,4.5,0.0,0.0,0.0,0.9712069042803182,0.48214285714285715,3.0,1.0,7.0,1.9899999999999998,2.05
SnHfSnTiO6,1.96,1.96,1.96,118.0,118.0,118.0,7.344,7.344,7.344,1.112,1.112,1.112,5.0,5.0,5.0,14.0,14.0,14.0,10.0,10.0,10.0,1.3,1.54,1.42,60.5,71.0,65.75,6.825,6.828,6.8265,0.014,0.079,0.0465,4.0,6.0,5.0,4.0,4.0,4.0,0.0,0.0,0.0,0.8866758179641762,0.46964285714285714,4.0,2.0,10.5,2.02,1.48
SnHfSnZrO6,1.96,1.96,1.96,118.0,118.0,118.0,7.344,7.344,7.344,1.112,1.112,1.112,5.0,5.0,5.0,14.0,14.0,14.0,10.0,10.0,10.0,1.3,1.33,1.315,71.0,72.0,71.5,6.634,6.825,6.7295,0.014,0.426,0.22,5.0,6.0,5.5,4.0,4.0,4.0,0.0,0.0,0.0,0.862569974213377,0.5107142857142857,4.0,2.0,1.0,2.125,1.48
SnHfSrGeO6,0.95,1.96,1.455,118.0,144.0,131.0,5.695,7.344,6.519500000000001,0.048,1.112,0.5800000000000001,5.0,5.0,5.0,2.0,14.0,8.0,0.0,10.0,5.0,1.3,2.01,1.6549999999999998,53.0,71.0,62.0,6.825,7.899,7.362,0.014,1.233,0.6235,4.0,6.0,5.0,4.0,14.0,9.0,0.0,10.0,5.0,0.9486432559482889,0.44285714285714284,4.0,1.0,18.0,1.7850000000000001,1.9849999999999999
SnHfSrSiO6,0.95,1.96,1.455,118.0,144.0,131.0,5.695,7.344,6.519500000000001,0.048,1.112,0.5800000000000001,5.0,5.0,5.0,2.0,14.0,8.0,0.0,10.0,5.0,1.3,1.9,1.6,40.0,71.0,55.5,6.825,8.152,7.4885,0.014,1.39,0.702,3.0,6.0,4.5,4.0,14.0,9.0,0.0,0.0,0.0,0.9801838245603804,0.3964285714285714,4.0,1.0,31.0,1.8399999999999999,1.9849999999999999
SnHfSrSnO6,0.95,1.96,1.455,118.0,144.0,131.0,5.695,7.344,6.519500000000001,0.048,1.112,0.5800000000000001,5.0,5.0,5.0,2.0,14.0,8.0,0.0,10.0,5.0,1.3,1.96,1.63,69.0,71.0,70.0,6.825,7.344,7.0845,0.014,1.112,0.5630000000000001,5.0,6.0,5.5,4.0,14.0,9.0,0.0,10.0,5.0,0.912504465245497,0.5,4.0,1.0,2.0,1.81,1.9849999999999999
SnHfSrTiO6,0.95,1.96,1.455,118.0,144.0,131.0,5.695,7.344,6.519500000000001,0.048,1.112,0.5800000000000001,5.0,5.0,5.0,2.0,14.0,8.0,0.0,10.0,5.0,1.3,1.54,1.42,60.5,71.0,65.75,6.825,6.828,6.8265,0.014,0.079,0.0465,4.0,6.0,5.0,4.0,4.0,4.0,0.0,0.0,0.0,0.9313532816600455,0.46964285714285714,4.0,1.0,10.5,2.02,1.9849999999999999
SnHfTlNbO6,1.8,1.96,1.88,118.0,170.0,144.0,6.108,7.344,6.726,0.377,1.112,0.7445,5.0,6.0,5.5,13.0,14.0,13.5,10.0,10.0,10.0,1.3,1.6,1.4500000000000002,64.0,71.0,67.5,6.759,6.825,6.792,0.014,0.917,0.4655,5.0,6.0,5.5,4.0,5.0,4.5,0.0,0.0,0.0,0.9677991607565276,0.48214285714285715,3.0,2.0,7.0,1.9899999999999998,1.56
SnHfYAlO6,1.22,1.96,1.5899999999999999,107.5,118.0,112.75,6.217,7.344,6.7805,0.307,1.112,0.7095,5.0,5.0,5.0,3.0,14.0,8.5,0.0,10.0,5.0,1.3,1.61,1.455,53.5,71.0,62.25,5.986,6.825,6.4055,0.014,0.433,0.2235,3.0,6.0,4.5,4.0,13.0,8.5,0.0,0.0,0.0,0.8836649638808399,0.4446428571428571,5.0,1.0,17.5,1.9849999999999999,1.85
SnTiYAlO6,1.22,1.96,1.5899999999999999,107.5,118.0,112.75,6.217,7.344,6.7805,0.307,1.112,0.7095,5.0,5.0,5.0,3.0,14.0,8.5,0.0,10.0,5.0,1.54,1.61,1.5750000000000002,53.5,60.5,57.0,5.986,6.828,6.407,0.079,0.433,0.256,3.0,4.0,3.5,4.0,13.0,8.5,0.0,0.0,0.0,0.9072144108878166,0.40714285714285714,5.0,1.0,7.0,1.8649999999999998,1.85
SnZrAgNbO6,1.93,1.96,1.9449999999999998,118.0,128.0,123.0,7.344,7.576,7.46,1.112,1.302,1.207,5.0,5.0,5.0,11.0,14.0,12.5,10.0,10.0,10.0,1.33,1.6,1.465,64.0,72.0,68.0,6.634,6.759,6.6965,0.426,0.917,0.6715,5.0,5.0,5.0,4.0,5.0,4.5,0.0,0.0,0.0,0.8940821319810671,0.4857142857142857,3.0,1.0,8.0,1.9749999999999999,1.495
SnZrBaSnO6,0.89,1.96,1.425,118.0,161.0,139.5,5.212,7.344,6.2780000000000005,0.145,1.112,0.6285000000000001,5.0,6.0,5.5,2.0,14.0,8.0,0.0,10.0,5.0,1.33,1.96,1.645,69.0,72.0,70.5,6.634,7.344,6.989000000000001,0.426,1.112,0.769,5.0,5.0,5.0,4.0,14.0,9.0,0.0,10.0,5.0,0.938890001622993,0.5035714285714286,4.0,1.0,3.0,1.795,2.0149999999999997
SnZrBaTiO6,0.89,1.96,1.425,118.0,161.0,139.5,5.212,7.344,6.2780000000000005,0.145,1.112,0.6285000000000001,5.0,6.0,5.5,2.0,14.0,8.0,0.0,10.0,5.0,1.33,1.54,1.435,60.5,72.0,66.25,6.634,6.828,6.731,0.079,0.426,0.2525,4.0,5.0,4.5,4.0,4.0,4.0,0.0,0.0,0.0,0.9582368258988607,0.4732142857142857,4.0,1.0,11.5,2.005,2.0149999999999997
SnZrCaGeO6,1.0,1.96,1.48,118.0,134.0,126.0,6.113,7.344,6.7285,0.025,1.112,0.5685,4.0,5.0,4.5,2.0,14.0,8.0,0.0,10.0,5.0,1.33,2.01,1.67,53.0,72.0,62.5,6.634,7.899,7.266500000000001,0.426,1.233,0.8295,4.0,5.0,4.5,4.0,14.0,9.0,0.0,10.0,5.0,0.9288415002252919,0.44642857142857145,4.0,1.0,19.0,1.77,1.96
SnZrCaSiO6,1.0,1.96,1.48,118.0,134.0,126.0,6.113,7.344,6.7285,0.025,1.112,0.5685,4.0,5.0,4.5,2.0,14.0,8.0,0.0,10.0,5.0,1.33,1.9,1.615,40.0,72.0,56.0,6.634,8.152,7.393,0.426,1.39,0.9079999999999999,3.0,5.0,4.0,4.0,14.0,9.0,0.0,0.0,0.0,0.9596449173246001,0.4,4.0,1.0,32.0,1.825,1.96
SnZrCaSnO6,1.0,1.96,1.48,118.0,134.0,126.0,6.113,7.344,6.7285,0.025,1.112,0.5685,4.0,5.0,4.5,2.0,14.0,8.0,0.0,10.0,5.0,1.33,1.96,1.645,69.0,72.0,70.5,6.634,7.344,6.989000000000001,0.426,1.112,0.769,5.0,5.0,5.0,4.0,14.0,9.0,0.0,10.0,5.0,0.8935411106680362,0.5035714285714286,4.0,1.0,3.0,1.795,1.96
SnZrCaTiO6,1.0,1.96,1.48,118.0,134.0,126.0,6.113,7.344,6.7285,0.025,1.112,0.5685,4.0,5.0,4.5,2.0,14.0,8.0,0.0,10.0,5.0,1.33,1.54,1.435,60.5,72.0,66.25,6.634,6.828,6.731,0.079,0.426,0.2525,4.0,5.0,4.5,4.0,4.0,4.0,0.0,0.0,0.0,0.9119534729484685,0.4732142857142857,4.0,1.0,11.5,2.005,1.96
SnZrCaZrO6,1.0,1.96,1.48,118.0,134.0,126.0,6.113,7.344,6.7285,0.025,1.112,0.5685,4.0,5.0,4.5,2.0,14.0,8.0,0.0,10.0,5.0,1.33,1.33,1.33,72.0,72.0,72.0,6.634,6.634,6.634,0.426,0.426,0.426,5.0,5.0,5.0,4.0,4.0,4.0,0.0,0.0,0.0,0.8872188858284039,0.5142857142857142,4.0,1.0,0.0,2.11,1.96
SnZrCsVO6,0.79,1.96,1.375,118.0,188.0,153.0,3.894,7.344,5.619,0.472,1.112,0.792,5.0,6.0,5.5,1.0,14.0,7.5,0.0,10.0,5.0,1.33,1.63,1.48,54.0,72.0,63.0,6.634,6.746,6.69,0.426,0.525,0.47550000000000003,4.0,5.0,4.5,4.0,5.0,4.5,0.0,0.0,0.0,1.0206023984613715,0.45,3.0,1.0,18.0,1.96,2.065
SnZrGaNbO6,1.81,1.96,1.885,118.0,120.0,119.0,5.999,7.344,6.6715,0.43,1.112,0.771,4.0,5.0,4.5,13.0,14.0,13.5,10.0,10.0,10.0,1.33,1.6,1.465,64.0,72.0,68.0,6.634,6.759,6.6965,0.426,0.917,0.6715,5.0,5.0,5.0,4.0,5.0,4.5,0.0,0.0,0.0,0.8804839246505567,0.4857142857142857,3.0,2.0,8.0,1.9749999999999999,1.555
SnZrGaTaO6,1.81,1.96,1.885,118.0,120.0,119.0,5.999,7.344,6.6715,0.43,1.112,0.771,4.0,5.0,4.5,13.0,14.0,13.5,10.0,10.0,10.0,1.33,1.5,1.415,64.0,72.0,68.0,6.634,7.55,7.0920000000000005,0.322,0.426,0.374,5.0,6.0,5.5,4.0,5.0,4.5,0.0,0.0,0.0,0.8804839246505567,0.4857142857142857,3.0,2.0,8.0,2.025,1.555
SnZrInNbO6,1.78,1.96,1.87,118.0,140.0,129.0,5.786,7.344,6.5649999999999995,0.3,1.112,0.7060000000000001,5.0,5.0,5.0,13.0,14.0,13.5,10.0,10.0,10.0,1.33,1.6,1.465,64.0,72.0,68.0,6.634,6.759,6.6965,0.426,0.917,0.6715,5.0,5.0,5.0,4.0,5.0,4.5,0.0,0.0,0.0,0.9144794429768329,0.4857142857142857,3.0,2.0,8.0,1.9749999999999999,1.5699999999999998
SnZrKNbO6,0.82,1.96,1.39,118.0,164.0,141.0,4.341,7.344,5.8425,0.501,1.112,0.8065,4.0,5.0,4.5,1.0,14.0,7.5,0.0,10.0,5.0,1.33,1.6,1.465,64.0,72.0,68.0,6.634,6.759,6.6965,0.426,0.917,0.6715,5.0,5.0,5.0,4.0,5.0,4.5,0.0,0.0,0.0,0.9552740649683645,0.4857142857142857,3.0,1.0,8.0,1.9749999999999999,2.05
SnZrKSbO6,0.82,1.96,1.39,118.0,164.0,141.0,4.341,7.344,5.8425,0.501,1.112,0.8065,4.0,5.0,4.5,1.0,14.0,7.5,0.0,10.0,5.0,1.33,2.05,1.69,60.0,72.0,66.0,6.634,8.608,7.621,0.426,1.046,0.736,5.0,5.0,5.0,4.0,15.0,9.5,0.0,10.0,5.0,0.9645485704534944,0.4714285714285714,3.0,1.0,12.0,1.75,2.05
SnZrLaAlO6,1.1,1.96,1.53,118.0,136.0,127.0,5.577,7.344,6.4605,0.47,1.112,0.791,5.0,6.0,5.5,3.0,14.0,8.5,0.0,10.0,5.0,1.33,1.61,1.4700000000000002,53.5,72.0,62.75,5.986,6.634,6.3100000000000005,0.426,0.433,0.4295,3.0,5.0,4.0,4.0,13.0,8.5,0.0,0.0,0.0,0.9311837759645285,0.44821428571428573,5.0,1.0,18.5,1.9699999999999998,1.91
SnZrLaGaO6,1.1,1.96,1.53,118.0,136.0,127.0,5.577,7.344,6.4605,0.47,1.112,0.791,5.0,6.0,5.5,3.0,14.0,8.5,0.0,10.0,5.0,1.33,1.81,1.57,62.0,72.0,67.0,5.999,6.634,6.3165,0.426,0.43,0.428,4.0,5.0,4.5,4.0,13.0,8.5,0.0,10.0,5.0,0.912065268486996,0.4785714285714286,5.0,1.0,10.0,1.8699999999999999,1.91
SnZrLaInO6,1.1,1.96,1.53,118.0,136.0,127.0,5.577,7.344,6.4605,0.47,1.112,0.791,5.0,6.0,5.5,3.0,14.0,8.5,0.0,10.0,5.0,1.33,1.78,1.5550000000000002,72.0,80.0,76.0,5.786,6.634,6.21,0.3,0.426,0.363,5.0,5.0,5.0,4.0,13.0,8.5,0.0,10.0,5.0,0.8740625489667045,0.5428571428571428,5.0,1.0,8.0,1.8849999999999998,1.91
SnZrLiNbO6,0.98,1.96,1.47,92.0,118.0,105.0,5.392,7.344,6.368,0.618,1.112,0.865,2.0,5.0,3.5,1.0,14.0,7.5,0.0,10.0,5.0,1.33,1.6,1.465,64.0,72.0,68.0,6.634,6.759,6.6965,0.426,0.917,0.6715,5.0,5.0,5.0,4.0,5.0,4.5,0.0,0.0,0.0,0.8328901989937698,0.4857142857142857,3.0,1.0,8.0,1.9749999999999999,1.97
SnZrLiVO6,0.98,1.96,1.47,92.0,118.0,105.0,5.392,7.344,6.368,0.618,1.112,0.865,2.0,5.0,3.5,1.0,14.0,7.5,0.0,10.0,5.0,1.33,1.63,1.48,54.0,72.0,63.0,6.634,6.746,6.69,0.426,0.525,0.47550000000000003,4.0,5.0,4.5,4.0,5.0,4.5,0.0,0.0,0.0,0.8534047359147986,0.45,3.0,1.0,18.0,1.96,1.97
SnZrMgTiO6,1.31,1.96,1.635,89.0,118.0,103.5,7.344,7.646,7.495,0.0,1.112,0.556,3.0,5.0,4.0,2.0,14.0,8.0,0.0,10.0,5.0,1.33,1.54,1.435,60.5,72.0,66.25,6.634,6.828,6.731,0.079,0.426,0.2525,4.0,5.0,4.5,4.0,4.0,4.0,0.0,0.0,0.0,0.8348145513644815,0.4732142857142857,4.0,1.0,11.5,2.005,1.805
SnZrNaNbO6,0.93,1.96,1.445,118.0,139.0,128.5,5.139,7.344,6.2415,0.548,1.112,0.8300000000000001,3.0,5.0,4.0,1.0,14.0,7.5,0.0,10.0,5.0,1.33,1.6,1.465,64.0,72.0,68.0,6.634,6.759,6.6965,0.426,0.917,0.6715,5.0,5.0,5.0,4.0,5.0,4.5,0.0,0.0,0.0,0.9127796670605192,0.4857142857142857,3.0,1.0,8.0,1.9749999999999999,1.9949999999999999
SnZrNaSbO6,0.93,1.96,1.445,118.0,139.0,128.5,5.139,7.344,6.2415,0.548,1.112,0.8300000000000001,3.0,5.0,4.0,1.0,14.0,7.5,0.0,10.0,5.0,1.33,2.05,1.69,60.0,72.0,66.0,6.634,8.608,7.621,0.426,1.046,0.736,5.0,5.0,5.0,4.0,15.0,9.5,0.0,10.0,5.0,0.9216416055756699,0.4714285714285714,3.0,1.0,12.0,1.75,1.9949999999999999
SnZrNaVO6,0.93,1.96,1.445,118.0,139.0,128.5,5.139,7.344,6.2415,0.548,1.112,0.8300000000000001,3.0,5.0,4.0,1.0,14.0,7.5,0.0,10.0,5.0,1.33,1.63,1.48,54.0,72.0,63.0,6.634,6.746,6.69,0.426,0.525,0.47550000000000003,4.0,5.0,4.5,4.0,5.0,4.5,0.0,0.0,0.0,0.9352619248698916,0.45,3.0,1.0,18.0,1.96,1.9949999999999999
SnZrPbTiO6,1.8,1.96,1.88,118.0,149.0,133.5,7.344,7.417,7.3805,0.357,1.112,0.7345,5.0,6.0,5.5,14.0,14.0,14.0,10.0,10.0,10.0,1.33,1.54,1.435,60.5,72.0,66.25,6.634,6.828,6.731,0.079,0.426,0.2525,4.0,5.0,4.5,4.0,4.0,4.0,0.0,0.0,0.0,0.9376664468097975,0.4732142857142857,4.0,2.0,11.5,2.005,1.56
SnZrSnTiO6,1.96,1.96,1.96,118.0,118.0,118.0,7.344,7.344,7.344,1.112,1.112,1.112,5.0,5.0,5.0,14.0,14.0,14.0,10.0,10.0,10.0,1.33,1.54,1.435,60.5,72.0,66.25,6.634,6.828,6.731,0.079,0.426,0.2525,4.0,5.0,4.5,4.0,4.0,4.0,0.0,0.0,0.0,0.8845263008297175,0.4732142857142857,4.0,2.0,11.5,2.005,1.48
SnZrSrGeO6,0.95,1.96,1.455,118.0,144.0,131.0,5.695,7.344,6.519500000000001,0.048,1.112,0.5800000000000001,5.0,5.0,5.0,2.0,14.0,8.0,0.0,10.0,5.0,1.33,2.01,1.67,53.0,72.0,62.5,6.634,7.899,7.266500000000001,0.426,1.233,0.8295,4.0,5.0,4.5,4.0,14.0,9.0,0.0,10.0,5.0,0.9463009269212561,0.44642857142857145,4.0,1.0,19.0,1.77,1.9849999999999999
SnZrSrSiO6,0.95,1.96,1.455,118.0,144.0,131.0,5.695,7.344,6.519500000000001,0.048,1.112,0.5800000000000001,5.0,5.0,5.0,2.0,14.0,8.0,0.0,10.0,5.0,1.33,1.9,1.615,40.0,72.0,56.0,6.634,8.152,7.393,0.426,1.39,0.9079999999999999,3.0,5.0,4.0,4.0,14.0,9.0,0.0,0.0,0.0,0.9776833556201753,0.4,4.0,1.0,32.0,1.825,1.9849999999999999
SnZrSrSnO6,0.95,1.96,1.455,118.0,144.0,131.0,5.695,7.344,6.519500000000001,0.048,1.112,0.5800000000000001,5.0,5.0,5.0,2.0,14.0,8.0,0.0,10.0,5.0,1.33,1.96,1.645,69.0,72.0,70.5,6.634,7.344,6.989000000000001,0.426,1.112,0.769,5.0,5.0,5.0,4.0,14.0,9.0,0.0,10.0,5.0,0.9103369962069091,0.5035714285714286,4.0,1.0,3.0,1.795,1.9849999999999999
SnZrSrTiO6,0.95,1.96,1.455,118.0,144.0,131.0,5.695,7.344,6.519500000000001,0.048,1.112,0.5800000000000001,5.0,5.0,5.0,2.0,14.0,8.0,0.0,10.0,5.0,1.33,1.54,1.435,60.5,72.0,66.25,6.634,6.828,6.731,0.079,0.426,0.2525,4.0,5.0,4.5,4.0,4.0,4.0,0.0,0.0,0.0,0.9290954555226878,0.4732142857142857,4.0,1.0,11.5,2.005,1.9849999999999999
SnZrTlNbO6,1.8,1.96,1.88,118.0,170.0,144.0,6.108,7.344,6.726,0.377,1.112,0.7445,5.0,6.0,5.5,13.0,14.0,13.5,10.0,10.0,10.0,1.33,1.6,1.465,64.0,72.0,68.0,6.634,6.759,6.6965,0.426,0.917,0.6715,5.0,5.0,5.0,4.0,5.0,4.5,0.0,0.0,0.0,0.9654727204662474,0.4857142857142857,3.0,2.0,8.0,1.9749999999999999,1.56
SnZrTlTaO6,1.8,1.96,1.88,118.0,170.0,144.0,6.108,7.344,6.726,0.377,1.112,0.7445,5.0,6.0,5.5,13.0,14.0,13.5,10.0,10.0,10.0,1.33,1.5,1.415,64.0,72.0,68.0,6.634,7.55,7.0920000000000005,0.322,0.426,0.374,5.0,6.0,5.5,4.0,5.0,4.5,0.0,0.0,0.0,0.9654727204662474,0.4857142857142857,3.0,2.0,8.0,2.025,1.56
SnZrYAlO6,1.22,1.96,1.5899999999999999,107.5,118.0,112.75,6.217,7.344,6.7805,0.307,1.112,0.7095,5.0,5.0,5.0,3.0,14.0,8.5,0.0,10.0,5.0,1.33,1.61,1.4700000000000002,53.5,72.0,62.75,5.986,6.634,6.3100000000000005,0.426,0.433,0.4295,3.0,5.0,4.0,4.0,13.0,8.5,0.0,0.0,0.0,0.8814857654495677,0.44821428571428573,5.0,1.0,18.5,1.9699999999999998,1.85
SrGeAgNbO6,0.95,1.93,1.44,128.0,144.0,136.0,5.695,7.576,6.6355,0.048,1.302,0.675,5.0,5.0,5.0,2.0,11.0,6.5,0.0,10.0,5.0,1.6,2.01,1.805,53.0,64.0,58.5,6.759,7.899,7.329000000000001,0.917,1.233,1.0750000000000002,4.0,5.0,4.5,5.0,14.0,9.5,0.0,10.0,5.0,0.983181217166182,0.41785714285714287,3.0,0.0,11.0,1.635,2.0
SrGeCaGeO6,0.95,1.0,0.975,134.0,144.0,139.0,5.695,6.113,5.904,0.025,0.048,0.036500000000000005,4.0,5.0,4.5,2.0,2.0,2.0,0.0,0.0,0.0,2.01,2.01,2.01,53.0,53.0,53.0,7.899,7.899,7.899,1.233,1.233,1.233,4.0,4.0,4.0,14.0,14.0,14.0,10.0,10.0,10.0,1.0221906318707084,0.37857142857142856,4.0,0.0,0.0,1.4300000000000002,2.465
SrGeCaSiO6,0.95,1.0,0.975,134.0,144.0,139.0,5.695,6.113,5.904,0.025,0.048,0.036500000000000005,4.0,5.0,4.5,2.0,2.0,2.0,0.0,0.0,0.0,1.9,2.01,1.9549999999999998,40.0,53.0,46.5,7.899,8.152,8.0255,1.233,1.39,1.3115,3.0,4.0,3.5,14.0,14.0,14.0,0.0,10.0,5.0,1.057816578825988,0.33214285714285713,4.0,0.0,13.0,1.485,2.465
SrGeCaSnO6,0.95,1.0,0.975,134.0,144.0,139.0,5.695,6.113,5.904,0.025,0.048,0.036500000000000005,4.0,5.0,4.5,2.0,2.0,2.0,0.0,0.0,0.0,1.96,2.01,1.9849999999999999,53.0,69.0,61.0,7.344,7.899,7.6215,1.112,1.233,1.1725,4.0,5.0,4.5,14.0,14.0,14.0,10.0,10.0,10.0,0.981506427617148,0.4357142857142857,4.0,0.0,16.0,1.455,2.465
SrGeCaTiO6,0.95,1.0,0.975,134.0,144.0,139.0,5.695,6.113,5.904,0.025,0.048,0.036500000000000005,4.0,5.0,4.5,2.0,2.0,2.0,0.0,0.0,0.0,1.54,2.01,1.775,53.0,60.5,56.75,6.828,7.899,7.3635,0.079,1.233,0.656,4.0,4.0,4.0,4.0,14.0,9.0,0.0,10.0,5.0,1.0027079641730456,0.40535714285714286,4.0,0.0,7.5,1.665,2.465
SrGeLaAlO6,0.95,1.1,1.025,136.0,144.0,140.0,5.577,5.695,5.636,0.048,0.47,0.259,5.0,6.0,5.5,2.0,3.0,2.5,0.0,0.0,0.0,1.61,2.01,1.81,53.0,53.5,53.25,5.986,7.899,6.9425,0.433,1.233,0.8330000000000001,3.0,4.0,3.5,13.0,14.0,13.5,0.0,10.0,5.0,1.0245272896881412,0.38035714285714284,5.0,0.0,0.5,1.63,2.415
SrGeLaGaO6,0.95,1.1,1.025,136.0,144.0,140.0,5.577,5.695,5.636,0.048,0.47,0.259,5.0,6.0,5.5,2.0,3.0,2.5,0.0,0.0,0.0,1.81,2.01,1.91,53.0,62.0,57.5,5.999,7.899,6.949,0.43,1.233,0.8315,4.0,4.0,4.0,13.0,14.0,13.5,10.0,10.0,10.0,1.0024804999100418,0.4107142857142857,5.0,0.0,9.0,1.53,2.415
SrGeLaInO6,0.95,1.1,1.025,136.0,144.0,140.0,5.577,5.695,5.636,0.048,0.47,0.259,5.0,6.0,5.5,2.0,3.0,2.5,0.0,0.0,0.0,1.78,2.01,1.895,53.0,80.0,66.5,5.786,7.899,6.842499999999999,0.3,1.233,0.7665000000000001,4.0,5.0,4.5,13.0,14.0,13.5,10.0,10.0,10.0,0.958788855846166,0.475,5.0,0.0,27.0,1.545,2.415
SrGeLiVO6,0.95,0.98,0.965,92.0,144.0,118.0,5.392,5.695,5.5435,0.048,0.618,0.333,2.0,5.0,3.5,1.0,2.0,1.5,0.0,0.0,0.0,1.63,2.01,1.8199999999999998,53.0,54.0,53.5,6.746,7.899,7.3225,0.525,1.233,0.879,4.0,4.0,4.0,5.0,14.0,9.5,0.0,10.0,5.0,0.9428090415820634,0.3821428571428571,3.0,0.0,1.0,1.62,2.475
SrGeMgTiO6,0.95,1.31,1.13,89.0,144.0,116.5,5.695,7.646,6.6705000000000005,0.0,0.048,0.024,3.0,5.0,4.0,2.0,2.0,2.0,0.0,0.0,0.0,1.54,2.01,1.775,53.0,60.5,56.75,6.828,7.899,7.3635,0.079,1.233,0.656,4.0,4.0,4.0,4.0,14.0,9.0,0.0,10.0,5.0,0.9218444186752194,0.40535714285714286,4.0,0.0,7.5,1.665,2.31
SrGeSnTiO6,0.95,1.96,1.455,118.0,144.0,131.0,5.695,7.344,6.519500000000001,0.048,1.112,0.5800000000000001,5.0,5.0,5.0,2.0,14.0,8.0,0.0,10.0,5.0,1.54,2.01,1.775,53.0,60.5,56.75,6.828,7.899,7.3635,0.079,1.233,0.656,4.0,4.0,4.0,4.0,14.0,9.0,0.0,10.0,5.0,0.9739564813293741,0.40535714285714286,4.0,1.0,7.5,1.665,1.9849999999999999
SrGeYAlO6,0.95,1.22,1.085,107.5,144.0,125.75,5.695,6.217,5.9559999999999995,0.048,0.307,0.1775,5.0,5.0,5.0,2.0,3.0,2.5,0.0,0.0,0.0,1.61,2.01,1.81,53.0,53.5,53.25,5.986,7.899,6.9425,0.433,1.233,0.8330000000000001,3.0,4.0,3.5,13.0,14.0,13.5,0.0,10.0,5.0,0.972386168695084,0.38035714285714284,5.0,0.0,0.5,1.63,2.355
SrHfAgNbO6,0.95,1.93,1.44,128.0,144.0,136.0,5.695,7.576,6.6355,0.048,1.302,0.675,5.0,5.0,5.0,2.0,11.0,6.5,0.0,10.0,5.0,1.3,1.6,1.4500000000000002,64.0,71.0,67.5,6.759,6.825,6.792,0.014,0.917,0.4655,5.0,6.0,5.5,4.0,5.0,4.5,0.0,0.0,0.0,0.9405372125662028,0.48214285714285715,3.0,0.0,7.0,1.9899999999999998,2.0
SrHfAgTaO6,0.95,1.93,1.44,128.0,144.0,136.0,5.695,7.576,6.6355,0.048,1.302,0.675,5.0,5.0,5.0,2.0,11.0,6.5,0.0,10.0,5.0,1.3,1.5,1.4,64.0,71.0,67.5,6.825,7.55,7.1875,0.014,0.322,0.168,6.0,6.0,6.0,4.0,5.0,4.5,0.0,0.0,0.0,0.9405372125662028,0.48214285714285715,3.0,0.0,7.0,2.04,2.0
SrHfBaSnO6,0.89,0.95,0.9199999999999999,144.0,161.0,152.5,5.212,5.695,5.4535,0.048,0.145,0.0965,5.0,6.0,5.5,2.0,2.0,2.0,0.0,0.0,0.0,1.3,1.96,1.63,69.0,71.0,70.0,6.825,7.344,7.0845,0.014,1.112,0.5630000000000001,5.0,6.0,5.5,4.0,14.0,9.0,0.0,10.0,5.0,0.9848987309384054,0.5,4.0,0.0,2.0,1.81,2.52
SrHfBaTiO6,0.89,0.95,0.9199999999999999,144.0,161.0,152.5,5.212,5.695,5.4535,0.048,0.145,0.0965,5.0,6.0,5.5,2.0,2.0,2.0,0.0,0.0,0.0,1.3,1.54,1.42,60.5,71.0,65.75,6.825,6.828,6.8265,0.014,0.079,0.0465,4.0,6.0,5.0,4.0,4.0,4.0,0.0,0.0,0.0,1.0052429331570603,0.46964285714285714,4.0,0.0,10.5,2.02,2.52
SrHfCaGeO6,0.95,1.0,0.975,134.0,144.0,139.0,5.695,6.113,5.904,0.025,0.048,0.036500000000000005,4.0,5.0,4.5,2.0,2.0,2.0,0.0,0.0,0.0,1.3,2.01,1.6549999999999998,53.0,71.0,62.0,6.825,7.899,7.362,0.014,1.233,0.6235,4.0,6.0,5.0,4.0,14.0,9.0,0.0,10.0,5.0,0.9766474849061719,0.44285714285714284,4.0,0.0,18.0,1.7850000000000001,2.465
SrHfCaSiO6,0.95,1.0,0.975,134.0,144.0,139.0,5.695,6.113,5.904,0.025,0.048,0.036500000000000005,4.0,5.0,4.5,2.0,2.0,2.0,0.0,0.0,0.0,1.3,1.9,1.6,40.0,71.0,55.5,6.825,8.152,7.4885,0.014,1.39,0.702,3.0,6.0,4.5,4.0,14.0,9.0,0.0,0.0,0.0,1.0091191404145614,0.3964285714285714,4.0,0.0,31.0,1.8399999999999999,2.465
SrHfCaSnO6,0.95,1.0,0.975,134.0,144.0,139.0,5.695,6.113,5.904,0.025,0.048,0.036500000000000005,4.0,5.0,4.5,2.0,2.0,2.0,0.0,0.0,0.0,1.3,1.96,1.63,69.0,71.0,70.0,6.825,7.344,7.0845,0.014,1.112,0.5630000000000001,5.0,6.0,5.5,4.0,14.0,9.0,0.0,10.0,5.0,0.939441866433556,0.5,4.0,0.0,2.0,1.81,2.465
SrHfCaTiO6,0.95,1.0,0.975,134.0,144.0,139.0,5.695,6.113,5.904,0.025,0.048,0.036500000000000005,4.0,5.0,4.5,2.0,2.0,2.0,0.0,0.0,0.0,1.3,1.54,1.42,60.5,71.0,65.75,6.825,6.828,6.8265,0.014,0.079,0.0465,4.0,6.0,5.0,4.0,4.0,4.0,0.0,0.0,0.0,0.9588471054728882,0.46964285714285714,4.0,0.0,10.5,2.02,2.465
SrHfCsNbO6,0.79,0.95,0.87,144.0,188.0,166.0,3.894,5.695,4.7945,0.048,0.472,0.26,5.0,6.0,5.5,1.0,2.0,1.5,0.0,0.0,0.0,1.3,1.6,1.4500000000000002,64.0,71.0,67.5,6.759,6.825,6.792,0.014,0.917,0.4655,5.0,6.0,5.5,4.0,5.0,4.5,0.0,0.0,0.0,1.0427695182799206,0.48214285714285715,3.0,0.0,7.0,1.9899999999999998,2.57
SrHfCsVO6,0.79,0.95,0.87,144.0,188.0,166.0,3.894,5.695,4.7945,0.048,0.472,0.26,5.0,6.0,5.5,1.0,2.0,1.5,0.0,0.0,0.0,1.3,1.63,1.4649999999999999,54.0,71.0,62.5,6.746,6.825,6.785500000000001,0.014,0.525,0.2695,4.0,6.0,5.0,4.0,5.0,4.5,0.0,0.0,0.0,1.068516913793005,0.44642857142857145,3.0,0.0,17.0,1.975,2.57
SrHfGaNbO6,0.95,1.81,1.38,120.0,144.0,132.0,5.695,5.999,5.8469999999999995,0.048,0.43,0.239,4.0,5.0,4.5,2.0,13.0,7.5,0.0,10.0,5.0,1.3,1.6,1.4500000000000002,64.0,71.0,67.5,6.759,6.825,6.792,0.014,0.917,0.4655,5.0,6.0,5.5,4.0,5.0,4.5,0.0,0.0,0.0,0.9269062384710405,0.48214285714285715,3.0,1.0,7.0,1.9899999999999998,2.06
SrHfGaTaO6,0.95,1.81,1.38,120.0,144.0,132.0,5.695,5.999,5.8469999999999995,0.048,0.43,0.239,4.0,5.0,4.5,2.0,13.0,7.5,0.0,10.0,5.0,1.3,1.5,1.4,64.0,71.0,67.5,6.825,7.55,7.1875,0.014,0.322,0.168,6.0,6.0,6.0,4.0,5.0,4.5,0.0,0.0,0.0,0.9269062384710405,0.48214285714285715,3.0,1.0,7.0,2.04,2.06
SrHfInNbO6,0.95,1.78,1.365,140.0,144.0,142.0,5.695,5.786,5.7405,0.048,0.3,0.174,5.0,5.0,5.0,2.0,13.0,7.5,0.0,10.0,5.0,1.3,1.6,1.4500000000000002,64.0,71.0,67.5,6.759,6.825,6.792,0.014,0.917,0.4655,5.0,6.0,5.5,4.0,5.0,4.5,0.0,0.0,0.0,0.9609836737089464,0.48214285714285715,3.0,1.0,7.0,1.9899999999999998,2.075
SrHfInTaO6,0.95,1.78,1.365,140.0,144.0,142.0,5.695,5.786,5.7405,0.048,0.3,0.174,5.0,5.0,5.0,2.0,13.0,7.5,0.0,10.0,5.0,1.3,1.5,1.4,64.0,71.0,67.5,6.825,7.55,7.1875,0.014,0.322,0.168,6.0,6.0,6.0,4.0,5.0,4.5,0.0,0.0,0.0,0.9609836737089464,0.48214285714285715,3.0,1.0,7.0,2.04,2.075
SrHfKNbO6,0.82,0.95,0.885,144.0,164.0,154.0,4.341,5.695,5.018000000000001,0.048,0.501,0.2745,4.0,5.0,4.5,1.0,2.0,1.5,0.0,0.0,0.0,1.3,1.6,1.4500000000000002,64.0,71.0,67.5,6.759,6.825,6.792,0.014,0.917,0.4655,5.0,6.0,5.5,4.0,5.0,4.5,0.0,0.0,0.0,1.0018765959944336,0.48214285714285715,3.0,0.0,7.0,1.9899999999999998,2.5549999999999997
SrHfKSbO6,0.82,0.95,0.885,144.0,164.0,154.0,4.341,5.695,5.018000000000001,0.048,0.501,0.2745,4.0,5.0,4.5,1.0,2.0,1.5,0.0,0.0,0.0,1.3,2.05,1.6749999999999998,60.0,71.0,65.5,6.825,8.608,7.7165,0.014,1.046,0.53,5.0,6.0,5.5,4.0,15.0,9.5,0.0,10.0,5.0,1.0116272197997322,0.46785714285714286,3.0,0.0,11.0,1.7650000000000001,2.5549999999999997
SrHfLaAlO6,0.95,1.1,1.025,136.0,144.0,140.0,5.577,5.695,5.636,0.048,0.47,0.259,5.0,6.0,5.5,2.0,3.0,2.5,0.0,0.0,0.0,1.3,1.61,1.455,53.5,71.0,62.25,5.986,6.825,6.4055,0.014,0.433,0.2235,3.0,6.0,4.5,4.0,13.0,8.5,0.0,0.0,0.0,0.9789364585030076,0.4446428571428571,5.0,0.0,17.5,1.9849999999999999,2.415
SrHfLaGaO6,0.95,1.1,1.025,136.0,144.0,140.0,5.577,5.695,5.636,0.048,0.47,0.259,5.0,6.0,5.5,2.0,3.0,2.5,0.0,0.0,0.0,1.3,1.81,1.5550000000000002,62.0,71.0,66.5,5.999,6.825,6.412,0.014,0.43,0.222,4.0,6.0,5.0,4.0,13.0,8.5,0.0,10.0,5.0,0.958788855846166,0.475,5.0,0.0,9.0,1.8849999999999998,2.415
SrHfLaInO6,0.95,1.1,1.025,136.0,144.0,140.0,5.577,5.695,5.636,0.048,0.47,0.259,5.0,6.0,5.5,2.0,3.0,2.5,0.0,0.0,0.0,1.3,1.78,1.54,71.0,80.0,75.5,5.786,6.825,6.3055,0.014,0.3,0.157,5.0,6.0,5.5,4.0,13.0,8.5,0.0,10.0,5.0,0.9187466298479503,0.5392857142857143,5.0,0.0,9.0,1.9,2.415
SrHfLiNbO6,0.95,0.98,0.965,92.0,144.0,118.0,5.392,5.695,5.5435,0.048,0.618,0.333,2.0,5.0,3.5,1.0,2.0,1.5,0.0,0.0,0.0,1.3,1.6,1.4500000000000002,64.0,71.0,67.5,6.759,6.825,6.792,0.014,0.917,0.4655,5.0,6.0,5.5,4.0,5.0,4.5,0.0,0.0,0.0,0.8791978291379722,0.48214285714285715,3.0,0.0,7.0,1.9899999999999998,2.475
SrHfLiVO6,0.95,0.98,0.965,92.0,144.0,118.0,5.392,5.695,5.5435,0.048,0.618,0.333,2.0,5.0,3.5,1.0,2.0,1.5,0.0,0.0,0.0,1.3,1.63,1.4649999999999999,54.0,71.0,62.5,6.746,6.825,6.785500000000001,0.014,0.525,0.2695,4.0,6.0,5.0,4.0,5.0,4.5,0.0,0.0,0.0,0.9009064175117493,0.44642857142857145,3.0,0.0,17.0,1.975,2.475
SrHfMgTiO6,0.95,1.31,1.13,89.0,144.0,116.5,5.695,7.646,6.6705000000000005,0.0,0.048,0.024,3.0,5.0,4.0,2.0,2.0,2.0,0.0,0.0,0.0,1.3,1.54,1.42,60.5,71.0,65.75,6.825,6.828,6.8265,0.014,0.079,0.0465,4.0,6.0,5.0,4.0,4.0,4.0,0.0,0.0,0.0,0.8815207259992682,0.46964285714285714,4.0,0.0,10.5,2.02,2.31
SrHfMgZrO6,0.95,1.31,1.13,89.0,144.0,116.5,5.695,7.646,6.6705000000000005,0.0,0.048,0.024,3.0,5.0,4.0,2.0,2.0,2.0,0.0,0.0,0.0,1.3,1.33,1.315,71.0,72.0,71.5,6.634,6.825,6.7295,0.014,0.426,0.22,5.0,6.0,5.5,4.0,4.0,4.0,0.0,0.0,0.0,0.8575550325028342,0.5107142857142857,4.0,0.0,1.0,2.125,2.31
SrHfNaNbO6,0.93,0.95,0.94,139.0,144.0,141.5,5.139,5.695,5.417,0.048,0.548,0.29800000000000004,3.0,5.0,4.0,1.0,2.0,1.5,0.0,0.0,0.0,1.3,1.6,1.4500000000000002,64.0,71.0,67.5,6.759,6.825,6.792,0.014,0.917,0.4655,5.0,6.0,5.5,4.0,5.0,4.5,0.0,0.0,0.0,0.9592798019470511,0.48214285714285715,3.0,0.0,7.0,1.9899999999999998,2.5
SrHfNaSbO6,0.93,0.95,0.94,139.0,144.0,141.5,5.139,5.695,5.417,0.048,0.548,0.29800000000000004,3.0,5.0,4.0,1.0,2.0,1.5,0.0,0.0,0.0,1.3,2.05,1.6749999999999998,60.0,71.0,65.5,6.825,8.608,7.7165,0.014,1.046,0.53,5.0,6.0,5.5,4.0,15.0,9.5,0.0,10.0,5.0,0.9686158584136891,0.46785714285714286,3.0,0.0,11.0,1.7650000000000001,2.5
SrHfNaVO6,0.93,0.95,0.94,139.0,144.0,141.5,5.139,5.695,5.417,0.048,0.548,0.29800000000000004,3.0,5.0,4.0,1.0,2.0,1.5,0.0,0.0,0.0,1.3,1.63,1.4649999999999999,54.0,71.0,62.5,6.746,6.825,6.785500000000001,0.014,0.525,0.2695,4.0,6.0,5.0,4.0,5.0,4.5,0.0,0.0,0.0,0.9829657229827807,0.44642857142857145,3.0,0.0,17.0,1.975,2.5
SrHfPbHfO6,0.95,1.8,1.375,144.0,149.0,146.5,5.695,7.417,6.556,0.048,0.357,0.20249999999999999,5.0,6.0,5.5,2.0,14.0,8.0,0.0,10.0,5.0,1.3,1.3,1.3,71.0,71.0,71.0,6.825,6.825,6.825,0.014,0.014,0.014,6.0,6.0,6.0,4.0,4.0,4.0,0.0,0.0,0.0,0.9601236626063785,0.5071428571428571,4.0,1.0,0.0,2.1399999999999997,2.065
SrHfPbTiO6,0.95,1.8,1.375,144.0,149.0,146.5,5.695,7.417,6.556,0.048,0.357,0.20249999999999999,5.0,6.0,5.5,2.0,14.0,8.0,0.0,10.0,5.0,1.3,1.54,1.42,60.5,71.0,65.75,6.825,6.828,6.8265,0.014,0.079,0.0465,4.0,6.0,5.0,4.0,4.0,4.0,0.0,0.0,0.0,0.9846225652974282,0.46964285714285714,4.0,1.0,10.5,2.02,2.065
SrHfPbZrO6,0.95,1.8,1.375,144.0,149.0,146.5,5.695,7.417,6.556,0.048,0.357,0.20249999999999999,5.0,6.0,5.5,2.0,14.0,8.0,0.0,10.0,5.0,1.3,1.33,1.315,71.0,72.0,71.5,6.634,6.825,6.7295,0.014,0.426,0.22,5.0,6.0,5.5,4.0,4.0,4.0,0.0,0.0,0.0,0.957853866713692,0.5107142857142857,4.0,1.0,1.0,2.125,2.065
SrHfRbNbO6,0.82,0.95,0.885,144.0,172.0,158.0,4.177,5.695,4.936,0.048,0.486,0.267,5.0,5.0,5.0,1.0,2.0,1.5,0.0,0.0,0.0,1.3,1.6,1.4500000000000002,64.0,71.0,67.5,6.759,6.825,6.792,0.014,0.917,0.4655,5.0,6.0,5.5,4.0,5.0,4.5,0.0,0.0,0.0,1.015507570089596,0.48214285714285715,3.0,0.0,7.0,1.9899999999999998,2.5549999999999997
SrHfSnHfO6,0.95,1.96,1.455,118.0,144.0,131.0,5.695,7.344,6.519500000000001,0.048,1.112,0.5800000000000001,5.0,5.0,5.0,2.0,14.0,8.0,0.0,10.0,5.0,1.3,1.3,1.3,71.0,71.0,71.0,6.825,6.825,6.825,0.014,0.014,0.014,6.0,6.0,6.0,4.0,4.0,4.0,0.0,0.0,0.0,0.908179799533433,0.5071428571428571,4.0,1.0,0.0,2.1399999999999997,1.9849999999999999
SrHfSnTiO6,0.95,1.96,1.455,118.0,144.0,131.0,5.695,7.344,6.519500000000001,0.048,1.112,0.5800000000000001,5.0,5.0,5.0,2.0,14.0,8.0,0.0,10.0,5.0,1.3,1.54,1.42,60.5,71.0,65.75,6.825,6.828,6.8265,0.014,0.079,0.0465,4.0,6.0,5.0,4.0,4.0,4.0,0.0,0.0,0.0,0.9313532816600455,0.46964285714285714,4.0,1.0,10.5,2.02,1.9849999999999999
SrHfSnZrO6,0.95,1.96,1.455,118.0,144.0,131.0,5.695,7.344,6.519500000000001,0.048,1.112,0.5800000000000001,5.0,5.0,5.0,2.0,14.0,8.0,0.0,10.0,5.0,1.3,1.33,1.315,71.0,72.0,71.5,6.634,6.825,6.7295,0.014,0.426,0.22,5.0,6.0,5.5,4.0,4.0,4.0,0.0,0.0,0.0,0.9060328023714154,0.5107142857142857,4.0,1.0,1.0,2.125,1.9849999999999999
SrHfSrGeO6,0.95,0.95,0.95,144.0,144.0,144.0,5.695,5.695,5.695,0.048,0.048,0.048,5.0,5.0,5.0,2.0,2.0,2.0,0.0,0.0,0.0,1.3,2.01,1.6549999999999998,53.0,71.0,62.0,6.825,7.899,7.362,0.014,1.233,0.6235,4.0,6.0,5.0,4.0,14.0,9.0,0.0,10.0,5.0,0.9941501280048489,0.44285714285714284,4.0,0.0,18.0,1.7850000000000001,2.49
SrHfSrSiO6,0.95,0.95,0.95,144.0,144.0,144.0,5.695,5.695,5.695,0.048,0.048,0.048,5.0,5.0,5.0,2.0,2.0,2.0,0.0,0.0,0.0,1.3,1.9,1.6,40.0,71.0,55.5,6.825,8.152,7.4885,0.014,1.39,0.702,3.0,6.0,4.5,4.0,14.0,9.0,0.0,0.0,0.0,1.0272037128234244,0.3964285714285714,4.0,0.0,31.0,1.8399999999999999,2.49
SrHfSrSnO6,0.95,0.95,0.95,144.0,144.0,144.0,5.695,5.695,5.695,0.048,0.048,0.048,5.0,5.0,5.0,2.0,2.0,2.0,0.0,0.0,0.0,1.3,1.96,1.63,69.0,71.0,70.0,6.825,7.344,7.0845,0.014,1.112,0.5630000000000001,5.0,6.0,5.5,4.0,14.0,9.0,0.0,10.0,5.0,0.9562777421760928,0.5,4.0,0.0,2.0,1.81,2.49
SrHfSrTiO6,0.95,0.95,0.95,144.0,144.0,144.0,5.695,5.695,5.695,0.048,0.048,0.048,5.0,5.0,5.0,2.0,2.0,2.0,0.0,0.0,0.0,1.3,1.54,1.42,60.5,71.0,65.75,6.825,6.828,6.8265,0.014,0.079,0.0465,4.0,6.0,5.0,4.0,4.0,4.0,0.0,0.0,0.0,0.9760307453559148,0.46964285714285714,4.0,0.0,10.5,2.02,2.49
SrHfSrZrO6,0.95,0.95,0.95,144.0,144.0,144.0,5.695,5.695,5.695,0.048,0.048,0.048,5.0,5.0,5.0,2.0,2.0,2.0,0.0,0.0,0.0,1.3,1.33,1.315,71.0,72.0,71.5,6.634,6.825,6.7295,0.014,0.426,0.22,5.0,6.0,5.5,4.0,4.0,4.0,0.0,0.0,0.0,0.9494956305294538,0.5107142857142857,4.0,0.0,1.0,2.125,2.49
SrHfTlNbO6,0.95,1.8,1.375,144.0,170.0,157.0,5.695,6.108,5.9015,0.048,0.377,0.2125,5.0,6.0,5.5,2.0,13.0,7.5,0.0,10.0,5.0,1.3,1.6,1.4500000000000002,64.0,71.0,67.5,6.759,6.825,6.792,0.014,0.917,0.4655,5.0,6.0,5.5,4.0,5.0,4.5,0.0,0.0,0.0,1.0120998265658052,0.48214285714285715,3.0,1.0,7.0,1.9899999999999998,2.065
SrHfTlTaO6,0.95,1.8,1.375,144.0,170.0,157.0,5.695,6.108,5.9015,0.048,0.377,0.2125,5.0,6.0,5.5,2.0,13.0,7.5,0.0,10.0,5.0,1.3,1.5,1.4,64.0,71.0,67.5,6.825,7.55,7.1875,0.014,0.322,0.168,6.0,6.0,6.0,4.0,5.0,4.5,0.0,0.0,0.0,1.0120998265658052,0.48214285714285715,3.0,1.0,7.0,2.04,2.065
SrHfYAlO6,0.95,1.22,1.085,107.5,144.0,125.75,5.695,6.217,5.9559999999999995,0.048,0.307,0.1775,5.0,5.0,5.0,2.0,3.0,2.5,0.0,0.0,0.0,1.3,1.61,1.455,53.5,71.0,62.25,5.986,6.825,6.4055,0.014,0.433,0.2235,3.0,6.0,4.5,4.0,13.0,8.5,0.0,0.0,0.0,0.9291155851684795,0.4446428571428571,5.0,0.0,17.5,1.9849999999999999,2.355
SrSiAgNbO6,0.95,1.93,1.44,128.0,144.0,136.0,5.695,7.576,6.6355,0.048,1.302,0.675,5.0,5.0,5.0,2.0,11.0,6.5,0.0,10.0,5.0,1.6,1.9,1.75,40.0,64.0,52.0,6.759,8.152,7.4555,0.917,1.39,1.1535,3.0,5.0,4.0,5.0,14.0,9.5,0.0,0.0,0.0,1.0164659979556618,0.37142857142857144,3.0,0.0,24.0,1.69,2.0
SrSiCaGeO6,0.95,1.0,0.975,134.0,144.0,139.0,5.695,6.113,5.904,0.025,0.048,0.036500000000000005,4.0,5.0,4.5,2.0,2.0,2.0,0.0,0.0,0.0,1.9,2.01,1.9549999999999998,40.0,53.0,46.5,7.899,8.152,8.0255,1.233,1.39,1.3115,3.0,4.0,3.5,14.0,14.0,14.0,0.0,10.0,5.0,1.057816578825988,0.33214285714285713,4.0,0.0,13.0,1.485,2.465
SrSiCaSiO6,0.95,1.0,0.975,134.0,144.0,139.0,5.695,6.113,5.904,0.025,0.048,0.036500000000000005,4.0,5.0,4.5,2.0,2.0,2.0,0.0,0.0,0.0,1.9,1.9,1.9,40.0,40.0,40.0,8.152,8.152,8.152,1.39,1.39,1.39,3.0,3.0,3.0,14.0,14.0,14.0,0.0,0.0,0.0,1.0960155108391487,0.2857142857142857,4.0,0.0,0.0,1.54,2.465
SrSiCaSnO6,0.95,1.0,0.975,134.0,144.0,139.0,5.695,6.113,5.904,0.025,0.048,0.036500000000000005,4.0,5.0,4.5,2.0,2.0,2.0,0.0,0.0,0.0,1.9,1.96,1.93,40.0,69.0,54.5,7.344,8.152,7.747999999999999,1.112,1.39,1.251,3.0,5.0,4.0,14.0,14.0,14.0,0.0,10.0,5.0,1.0143074136300605,0.3892857142857143,4.0,0.0,29.0,1.51,2.465
SrSiCaTiO6,0.95,1.0,0.975,134.0,144.0,139.0,5.695,6.113,5.904,0.025,0.048,0.036500000000000005,4.0,5.0,4.5,2.0,2.0,2.0,0.0,0.0,0.0,1.54,1.9,1.72,40.0,60.5,50.25,6.828,8.152,7.49,0.079,1.39,0.7344999999999999,3.0,4.0,3.5,4.0,14.0,9.0,0.0,0.0,0.0,1.0369660549332287,0.35892857142857143,4.0,0.0,20.5,1.72,2.465
SrSiLaAlO6,0.95,1.1,1.025,136.0,144.0,140.0,5.577,5.695,5.636,0.048,0.47,0.259,5.0,6.0,5.5,2.0,3.0,2.5,0.0,0.0,0.0,1.61,1.9,1.755,40.0,53.5,46.75,5.986,8.152,7.068999999999999,0.433,1.39,0.9115,3.0,3.0,3.0,13.0,14.0,13.5,0.0,0.0,0.0,1.0601868740681837,0.3339285714285714,5.0,0.0,13.5,1.685,2.415
SrSiLaGaO6,0.95,1.1,1.025,136.0,144.0,140.0,5.577,5.695,5.636,0.048,0.47,0.259,5.0,6.0,5.5,2.0,3.0,2.5,0.0,0.0,0.0,1.81,1.9,1.855,40.0,62.0,51.0,5.999,8.152,7.0755,0.43,1.39,0.9099999999999999,3.0,4.0,3.5,13.0,14.0,13.5,0.0,10.0,5.0,1.036596328441012,0.36428571428571427,5.0,0.0,22.0,1.585,2.415
SrSiLaInO6,0.95,1.1,1.025,136.0,144.0,140.0,5.577,5.695,5.636,0.048,0.47,0.259,5.0,6.0,5.5,2.0,3.0,2.5,0.0,0.0,0.0,1.78,1.9,1.8399999999999999,40.0,80.0,60.0,5.786,8.152,6.968999999999999,0.3,1.39,0.845,3.0,5.0,4.0,13.0,14.0,13.5,0.0,10.0,5.0,0.9899494936611665,0.42857142857142855,5.0,0.0,40.0,1.6,2.415
SrSiLiNbO6,0.95,0.98,0.965,92.0,144.0,118.0,5.392,5.695,5.5435,0.048,0.618,0.333,2.0,5.0,3.5,1.0,2.0,1.5,0.0,0.0,0.0,1.6,1.9,1.75,40.0,64.0,52.0,6.759,8.152,7.4555,0.917,1.39,1.1535,3.0,5.0,4.0,5.0,14.0,9.5,0.0,0.0,0.0,0.9501747372194231,0.37142857142857144,3.0,0.0,24.0,1.69,2.475
SrSiLiVO6,0.95,0.98,0.965,92.0,144.0,118.0,5.392,5.695,5.5435,0.048,0.618,0.333,2.0,5.0,3.5,1.0,2.0,1.5,0.0,0.0,0.0,1.63,1.9,1.765,40.0,54.0,47.0,6.746,8.152,7.449,0.525,1.39,0.9575,3.0,4.0,3.5,5.0,14.0,9.5,0.0,0.0,0.0,0.975580478856306,0.3357142857142857,3.0,0.0,14.0,1.675,2.475
SrSiMgTiO6,0.95,1.31,1.13,89.0,144.0,116.5,5.695,7.646,6.6705000000000005,0.0,0.048,0.024,3.0,5.0,4.0,2.0,2.0,2.0,0.0,0.0,0.0,1.54,1.9,1.72,40.0,60.5,50.25,6.828,8.152,7.49,0.079,1.39,0.7344999999999999,3.0,4.0,3.5,4.0,14.0,9.0,0.0,0.0,0.0,0.9533397601805489,0.35892857142857143,4.0,0.0,20.5,1.72,2.31
SrSiSnTiO6,0.95,1.96,1.455,118.0,144.0,131.0,5.695,7.344,6.519500000000001,0.048,1.112,0.5800000000000001,5.0,5.0,5.0,2.0,14.0,8.0,0.0,10.0,5.0,1.54,1.9,1.72,40.0,60.5,50.25,6.828,8.152,7.49,0.079,1.39,0.7344999999999999,3.0,4.0,3.5,4.0,14.0,9.0,0.0,0.0,0.0,1.007232261243387,0.35892857142857143,4.0,1.0,20.5,1.72,1.9849999999999999
SrSiSrGeO6,0.95,0.95,0.95,144.0,144.0,144.0,5.695,5.695,5.695,0.048,0.048,0.048,5.0,5.0,5.0,2.0,2.0,2.0,0.0,0.0,0.0,1.9,2.01,1.9549999999999998,40.0,53.0,46.5,7.899,8.152,8.0255,1.233,1.39,1.3115,3.0,4.0,3.5,14.0,14.0,14.0,0.0,10.0,5.0,1.0767738651848766,0.33214285714285713,4.0,0.0,13.0,1.485,2.49
SrSiSrSnO6,0.95,0.95,0.95,144.0,144.0,144.0,5.695,5.695,5.695,0.048,0.048,0.048,5.0,5.0,5.0,2.0,2.0,2.0,0.0,0.0,0.0,1.9,1.96,1.93,40.0,69.0,54.5,7.344,8.152,7.747999999999999,1.112,1.39,1.251,3.0,5.0,4.0,14.0,14.0,14.0,0.0,10.0,5.0,1.032484965845653,0.3892857142857143,4.0,0.0,29.0,1.51,2.49
SrSiSrTiO6,0.95,0.95,0.95,144.0,144.0,144.0,5.695,5.695,5.695,0.048,0.048,0.048,5.0,5.0,5.0,2.0,2.0,2.0,0.0,0.0,0.0,1.54,1.9,1.72,40.0,60.5,50.25,6.828,8.152,7.49,0.079,1.39,0.7344999999999999,3.0,4.0,3.5,4.0,14.0,9.0,0.0,0.0,0.0,1.0555496759893797,0.35892857142857143,4.0,0.0,20.5,1.72,2.49
SrSiYAlO6,0.95,1.22,1.085,107.5,144.0,125.75,5.695,6.217,5.9559999999999995,0.048,0.307,0.1775,5.0,5.0,5.0,2.0,3.0,2.5,0.0,0.0,0.0,1.61,1.9,1.755,40.0,53.5,46.75,5.986,8.152,7.068999999999999,0.433,1.39,0.9115,3.0,3.0,3.0,13.0,14.0,13.5,0.0,0.0,0.0,1.0062309349414993,0.3339285714285714,5.0,0.0,13.5,1.685,2.355
SrSnAgNbO6,0.95,1.93,1.44,128.0,144.0,136.0,5.695,7.576,6.6355,0.048,1.302,0.675,5.0,5.0,5.0,2.0,11.0,6.5,0.0,10.0,5.0,1.6,1.96,1.78,64.0,69.0,66.5,6.759,7.344,7.051500000000001,0.917,1.112,1.0145,5.0,5.0,5.0,5.0,14.0,9.5,0.0,10.0,5.0,0.9450918721912208,0.475,3.0,0.0,5.0,1.66,2.0
SrSnCaGeO6,0.95,1.0,0.975,134.0,144.0,139.0,5.695,6.113,5.904,0.025,0.048,0.036500000000000005,4.0,5.0,4.5,2.0,2.0,2.0,0.0,0.0,0.0,1.96,2.01,1.9849999999999999,53.0,69.0,61.0,7.344,7.899,7.6215,1.112,1.233,1.1725,4.0,5.0,4.5,14.0,14.0,14.0,10.0,10.0,10.0,0.981506427617148,0.4357142857142857,4.0,0.0,16.0,1.455,2.465
SrSnCaSiO6,0.95,1.0,0.975,134.0,144.0,139.0,5.695,6.113,5.904,0.025,0.048,0.036500000000000005,4.0,5.0,4.5,2.0,2.0,2.0,0.0,0.0,0.0,1.9,1.96,1.93,40.0,69.0,54.5,7.344,8.152,7.747999999999999,1.112,1.39,1.251,3.0,5.0,4.0,14.0,14.0,14.0,0.0,10.0,5.0,1.0143074136300605,0.3892857142857143,4.0,0.0,29.0,1.51,2.465
SrSnCaSnO6,0.95,1.0,0.975,134.0,144.0,139.0,5.695,6.113,5.904,0.025,0.048,0.036500000000000005,4.0,5.0,4.5,2.0,2.0,2.0,0.0,0.0,0.0,1.96,1.96,1.96,69.0,69.0,69.0,7.344,7.344,7.344,1.112,1.112,1.112,5.0,5.0,5.0,14.0,14.0,14.0,10.0,10.0,10.0,0.9439368035935252,0.4928571428571429,4.0,0.0,0.0,1.48,2.465
SrSnCaTiO6,0.95,1.0,0.975,134.0,144.0,139.0,5.695,6.113,5.904,0.025,0.048,0.036500000000000005,4.0,5.0,4.5,2.0,2.0,2.0,0.0,0.0,0.0,1.54,1.96,1.75,60.5,69.0,64.75,6.828,7.344,7.086,0.079,1.112,0.5955,4.0,5.0,4.5,4.0,14.0,9.0,0.0,10.0,5.0,0.9635301194190318,0.4625,4.0,0.0,8.5,1.69,2.465
SrSnLaAlO6,0.95,1.1,1.025,136.0,144.0,140.0,5.577,5.695,5.636,0.048,0.47,0.259,5.0,6.0,5.5,2.0,3.0,2.5,0.0,0.0,0.0,1.61,1.96,1.7850000000000001,53.5,69.0,61.25,5.986,7.344,6.665,0.433,1.112,0.7725000000000001,3.0,5.0,4.0,13.0,14.0,13.5,0.0,10.0,5.0,0.983800739042153,0.4375,5.0,0.0,15.5,1.6549999999999998,2.415
SrSnLaGaO6,0.95,1.1,1.025,136.0,144.0,140.0,5.577,5.695,5.636,0.048,0.47,0.259,5.0,6.0,5.5,2.0,3.0,2.5,0.0,0.0,0.0,1.81,1.96,1.885,62.0,69.0,65.5,5.999,7.344,6.6715,0.43,1.112,0.771,4.0,5.0,4.5,13.0,14.0,13.5,10.0,10.0,10.0,0.963454495047364,0.46785714285714286,5.0,0.0,7.0,1.555,2.415
SrSnLaInO6,0.95,1.1,1.025,136.0,144.0,140.0,5.577,5.695,5.636,0.048,0.47,0.259,5.0,6.0,5.5,2.0,3.0,2.5,0.0,0.0,0.0,1.78,1.96,1.87,69.0,80.0,74.5,5.786,7.344,6.5649999999999995,0.3,1.112,0.7060000000000001,5.0,5.0,5.0,13.0,14.0,13.5,10.0,10.0,10.0,0.9230298309195025,0.5321428571428571,5.0,0.0,11.0,1.5699999999999998,2.415
SrSnMgTiO6,0.95,1.31,1.13,89.0,144.0,116.5,5.695,7.646,6.6705000000000005,0.0,0.048,0.024,3.0,5.0,4.0,2.0,2.0,2.0,0.0,0.0,0.0,1.54,1.96,1.75,60.5,69.0,64.75,6.828,7.344,7.086,0.079,1.112,0.5955,4.0,5.0,4.5,4.0,14.0,9.0,0.0,10.0,5.0,0.8858260775304002,0.4625,4.0,0.0,8.5,1.69,2.31
SrSnSnTiO6,0.95,1.96,1.455,118.0,144.0,131.0,5.695,7.344,6.519500000000001,0.048,1.112,0.5800000000000001,5.0,5.0,5.0,2.0,14.0,8.0,0.0,10.0,5.0,1.54,1.96,1.75,60.5,69.0,64.75,6.828,7.344,7.086,0.079,1.112,0.5955,4.0,5.0,4.5,4.0,14.0,9.0,0.0,10.0,5.0,0.9359020156364072,0.4625,4.0,1.0,8.5,1.69,1.9849999999999999
SrSnSrGeO6,0.95,0.95,0.95,144.0,144.0,144.0,5.695,5.695,5.695,0.048,0.048,0.048,5.0,5.0,5.0,2.0,2.0,2.0,0.0,0.0,0.0,1.96,2.01,1.9849999999999999,53.0,69.0,61.0,7.344,7.899,7.6215,1.112,1.233,1.1725,4.0,5.0,4.5,14.0,14.0,14.0,10.0,10.0,10.0,0.9990961485421864,0.4357142857142857,4.0,0.0,16.0,1.455,2.49
SrSnSrTiO6,0.95,0.95,0.95,144.0,144.0,144.0,5.695,5.695,5.695,0.048,0.048,0.048,5.0,5.0,5.0,2.0,2.0,2.0,0.0,0.0,0.0,1.54,1.96,1.75,60.5,69.0,64.75,6.828,7.344,7.086,0.079,1.112,0.5955,4.0,5.0,4.5,4.0,14.0,9.0,0.0,10.0,5.0,0.9807976842831722,0.4625,4.0,0.0,8.5,1.69,2.49
SrSnYAlO6,0.95,1.22,1.085,107.5,144.0,125.75,5.695,6.217,5.9559999999999995,0.048,0.307,0.1775,5.0,5.0,5.0,2.0,3.0,2.5,0.0,0.0,0.0,1.61,1.96,1.7850000000000001,53.5,69.0,61.25,5.986,7.344,6.665,0.433,1.112,0.7725000000000001,3.0,5.0,4.0,13.0,14.0,13.5,0.0,10.0,5.0,0.9337323085730435,0.4375,5.0,0.0,15.5,1.6549999999999998,2.355
SrTiAgNbO6,0.95,1.93,1.44,128.0,144.0,136.0,5.695,7.576,6.6355,0.048,1.302,0.675,5.0,5.0,5.0,2.0,11.0,6.5,0.0,10.0,5.0,1.54,1.6,1.57,60.5,64.0,62.25,6.759,6.828,6.7935,0.079,0.917,0.498,4.0,5.0,4.5,4.0,5.0,4.5,0.0,0.0,0.0,0.9649516519529646,0.4446428571428571,3.0,0.0,3.5,1.8699999999999999,2.0
SrTiCaGeO6,0.95,1.0,0.975,134.0,144.0,139.0,5.695,6.113,5.904,0.025,0.048,0.036500000000000005,4.0,5.0,4.5,2.0,2.0,2.0,0.0,0.0,0.0,1.54,2.01,1.775,53.0,60.5,56.75,6.828,7.899,7.3635,0.079,1.233,0.656,4.0,4.0,4.0,4.0,14.0,9.0,0.0,10.0,5.0,1.0027079641730456,0.40535714285714286,4.0,0.0,7.5,1.665,2.465
SrTiCaSiO6,0.95,1.0,0.975,134.0,144.0,139.0,5.695,6.113,5.904,0.025,0.048,0.036500000000000005,4.0,5.0,4.5,2.0,2.0,2.0,0.0,0.0,0.0,1.54,1.9,1.72,40.0,60.5,50.25,6.828,8.152,7.49,0.079,1.39,0.7344999999999999,3.0,4.0,3.5,4.0,14.0,9.0,0.0,0.0,0.0,1.0369660549332287,0.35892857142857143,4.0,0.0,20.5,1.72,2.465
SrTiCaSnO6,0.95,1.0,0.975,134.0,144.0,139.0,5.695,6.113,5.904,0.025,0.048,0.036500000000000005,4.0,5.0,4.5,2.0,2.0,2.0,0.0,0.0,0.0,1.54,1.96,1.75,60.5,69.0,64.75,6.828,7.344,7.086,0.079,1.112,0.5955,4.0,5.0,4.5,4.0,14.0,9.0,0.0,10.0,5.0,0.9635301194190318,0.4625,4.0,0.0,8.5,1.69,2.465
SrTiCaTiO6,0.95,1.0,0.975,134.0,144.0,139.0,5.695,6.113,5.904,0.025,0.048,0.036500000000000005,4.0,5.0,4.5,2.0,2.0,2.0,0.0,0.0,0.0,1.54,1.54,1.54,60.5,60.5,60.5,6.828,6.828,6.828,0.079,0.079,0.079,4.0,4.0,4.0,4.0,4.0,4.0,0.0,0.0,0.0,0.9839540745688117,0.43214285714285716,4.0,0.0,0.0,1.9,2.465
SrTiLaAlO6,0.95,1.1,1.025,136.0,144.0,140.0,5.577,5.695,5.636,0.048,0.47,0.259,5.0,6.0,5.5,2.0,3.0,2.5,0.0,0.0,0.0,1.54,1.61,1.5750000000000002,53.5,60.5,57.0,5.986,6.828,6.407,0.079,0.433,0.256,3.0,4.0,3.5,4.0,13.0,8.5,0.0,0.0,0.0,1.0050248666610826,0.40714285714285714,5.0,0.0,7.0,1.8649999999999998,2.415
SrTiLaGaO6,0.95,1.1,1.025,136.0,144.0,140.0,5.577,5.695,5.636,0.048,0.47,0.259,5.0,6.0,5.5,2.0,3.0,2.5,0.0,0.0,0.0,1.54,1.81,1.675,60.5,62.0,61.25,5.999,6.828,6.4135,0.079,0.43,0.2545,4.0,4.0,4.0,4.0,13.0,8.5,0.0,10.0,5.0,0.983800739042153,0.4375,5.0,0.0,1.5,1.765,2.415
SrTiLaInO6,0.95,1.1,1.025,136.0,144.0,140.0,5.577,5.695,5.636,0.048,0.47,0.259,5.0,6.0,5.5,2.0,3.0,2.5,0.0,0.0,0.0,1.54,1.78,1.6600000000000001,60.5,80.0,70.25,5.786,6.828,6.307,0.079,0.3,0.1895,4.0,5.0,4.5,4.0,13.0,8.5,0.0,10.0,5.0,0.941687984457709,0.5017857142857143,5.0,0.0,19.5,1.7799999999999998,2.415
SrTiLiNbO6,0.95,0.98,0.965,92.0,144.0,118.0,5.392,5.695,5.5435,0.048,0.618,0.333,2.0,5.0,3.5,1.0,2.0,1.5,0.0,0.0,0.0,1.54,1.6,1.57,60.5,64.0,62.25,6.759,6.828,6.7935,0.079,0.917,0.498,4.0,5.0,4.5,4.0,5.0,4.5,0.0,0.0,0.0,0.9020200224777712,0.4446428571428571,3.0,0.0,3.5,1.8699999999999999,2.475
SrTiLiVO6,0.95,0.98,0.965,92.0,144.0,118.0,5.392,5.695,5.5435,0.048,0.618,0.333,2.0,5.0,3.5,1.0,2.0,1.5,0.0,0.0,0.0,1.54,1.63,1.585,54.0,60.5,57.25,6.746,6.828,6.787000000000001,0.079,0.525,0.302,4.0,4.0,4.0,4.0,5.0,4.5,0.0,0.0,0.0,0.9248849153162445,0.4089285714285714,3.0,0.0,6.5,1.855,2.475
SrTiMgTiO6,0.95,1.31,1.13,89.0,144.0,116.5,5.695,7.646,6.6705000000000005,0.0,0.048,0.024,3.0,5.0,4.0,2.0,2.0,2.0,0.0,0.0,0.0,1.54,1.54,1.54,60.5,60.5,60.5,6.828,6.828,6.828,0.079,0.079,0.079,4.0,4.0,4.0,4.0,4.0,4.0,0.0,0.0,0.0,0.9046029395229398,0.43214285714285716,4.0,0.0,0.0,1.9,2.31
SrTiSnTiO6,0.95,1.96,1.455,118.0,144.0,131.0,5.695,7.344,6.519500000000001,0.048,1.112,0.5800000000000001,5.0,5.0,5.0,2.0,14.0,8.0,0.0,10.0,5.0,1.54,1.54,1.54,60.5,60.5,60.5,6.828,6.828,6.828,0.079,0.079,0.079,4.0,4.0,4.0,4.0,4.0,4.0,0.0,0.0,0.0,0.9557403376636128,0.43214285714285716,4.0,1.0,0.0,1.9,1.9849999999999999
SrTiSrGeO6,0.95,0.95,0.95,144.0,144.0,144.0,5.695,5.695,5.695,0.048,0.048,0.048,5.0,5.0,5.0,2.0,2.0,2.0,0.0,0.0,0.0,1.54,2.01,1.775,53.0,60.5,56.75,6.828,7.899,7.3635,0.079,1.233,0.656,4.0,4.0,4.0,4.0,14.0,9.0,0.0,10.0,5.0,1.0206776409503404,0.40535714285714286,4.0,0.0,7.5,1.665,2.49
SrTiYAlO6,0.95,1.22,1.085,107.5,144.0,125.75,5.695,6.217,5.9559999999999995,0.048,0.307,0.1775,5.0,5.0,5.0,2.0,3.0,2.5,0.0,0.0,0.0,1.54,1.61,1.5750000000000002,53.5,60.5,57.0,5.986,6.828,6.407,0.079,0.433,0.256,3.0,4.0,3.5,4.0,13.0,8.5,0.0,0.0,0.0,0.9538762796970811,0.40714285714285714,5.0,0.0,7.0,1.8649999999999998,2.355
SrZrAgNbO6,0.95,1.93,1.44,128.0,144.0,136.0,5.695,7.576,6.6355,0.048,1.302,0.675,5.0,5.0,5.0,2.0,11.0,6.5,0.0,10.0,5.0,1.33,1.6,1.465,64.0,72.0,68.0,6.634,6.759,6.6965,0.426,0.917,0.6715,5.0,5.0,5.0,4.0,5.0,4.5,0.0,0.0,0.0,0.9382763058052264,0.4857142857142857,3.0,0.0,8.0,1.9749999999999999,2.0
SrZrAgTaO6,0.95,1.93,1.44,128.0,144.0,136.0,5.695,7.576,6.6355,0.048,1.302,0.675,5.0,5.0,5.0,2.0,11.0,6.5,0.0,10.0,5.0,1.33,1.5,1.415,64.0,72.0,68.0,6.634,7.55,7.0920000000000005,0.322,0.426,0.374,5.0,6.0,5.5,4.0,5.0,4.5,0.0,0.0,0.0,0.9382763058052264,0.4857142857142857,3.0,0.0,8.0,2.025,2.0
SrZrBaSnO6,0.89,0.95,0.9199999999999999,144.0,161.0,152.5,5.212,5.695,5.4535,0.048,0.145,0.0965,5.0,6.0,5.5,2.0,2.0,2.0,0.0,0.0,0.0,1.33,1.96,1.645,69.0,72.0,70.5,6.634,7.344,6.989000000000001,0.426,1.112,0.769,5.0,5.0,5.0,4.0,14.0,9.0,0.0,10.0,5.0,0.9825593040240624,0.5035714285714286,4.0,0.0,3.0,1.795,2.52
SrZrBaTiO6,0.89,0.95,0.9199999999999999,144.0,161.0,152.5,5.212,5.695,5.4535,0.048,0.145,0.0965,5.0,6.0,5.5,2.0,2.0,2.0,0.0,0.0,0.0,1.33,1.54,1.435,60.5,72.0,66.25,6.634,6.828,6.731,0.079,0.426,0.2525,4.0,5.0,4.5,4.0,4.0,4.0,0.0,0.0,0.0,1.002805980591831,0.4732142857142857,4.0,0.0,11.5,2.005,2.52
SrZrCaGeO6,0.95,1.0,0.975,134.0,144.0,139.0,5.695,6.113,5.904,0.025,0.048,0.036500000000000005,4.0,5.0,4.5,2.0,2.0,2.0,0.0,0.0,0.0,1.33,2.01,1.67,53.0,72.0,62.5,6.634,7.899,7.266500000000001,0.426,1.233,0.8295,4.0,5.0,4.5,4.0,14.0,9.0,0.0,10.0,5.0,0.9742360096347987,0.44642857142857145,4.0,0.0,19.0,1.77,2.465
SrZrCaSiO6,0.95,1.0,0.975,134.0,144.0,139.0,5.695,6.113,5.904,0.025,0.048,0.036500000000000005,4.0,5.0,4.5,2.0,2.0,2.0,0.0,0.0,0.0,1.33,1.9,1.615,40.0,72.0,56.0,6.634,8.152,7.393,0.426,1.39,0.9079999999999999,3.0,5.0,4.0,4.0,14.0,9.0,0.0,0.0,0.0,1.0065448568930957,0.4,4.0,0.0,32.0,1.825,2.465
SrZrCaSnO6,0.95,1.0,0.975,134.0,144.0,139.0,5.695,6.113,5.904,0.025,0.048,0.036500000000000005,4.0,5.0,4.5,2.0,2.0,2.0,0.0,0.0,0.0,1.33,1.96,1.645,69.0,72.0,70.5,6.634,7.344,6.989000000000001,0.426,1.112,0.769,5.0,5.0,5.0,4.0,14.0,9.0,0.0,10.0,5.0,0.9372104130691057,0.5035714285714286,4.0,0.0,3.0,1.795,2.465
SrZrCaTiO6,0.95,1.0,0.975,134.0,144.0,139.0,5.695,6.113,5.904,0.025,0.048,0.036500000000000005,4.0,5.0,4.5,2.0,2.0,2.0,0.0,0.0,0.0,1.33,1.54,1.435,60.5,72.0,66.25,6.634,6.828,6.731,0.079,0.426,0.2525,4.0,5.0,4.5,4.0,4.0,4.0,0.0,0.0,0.0,0.9565226276414388,0.4732142857142857,4.0,0.0,11.5,2.005,2.465
SrZrCsNbO6,0.79,0.95,0.87,144.0,188.0,166.0,3.894,5.695,4.7945,0.048,0.472,0.26,5.0,6.0,5.5,1.0,2.0,1.5,0.0,0.0,0.0,1.33,1.6,1.465,64.0,72.0,68.0,6.634,6.759,6.6965,0.426,0.917,0.6715,5.0,5.0,5.0,4.0,5.0,4.5,0.0,0.0,0.0,1.0402628607840554,0.4857142857142857,3.0,0.0,8.0,1.9749999999999999,2.57
SrZrCsVO6,0.79,0.95,0.87,144.0,188.0,166.0,3.894,5.695,4.7945,0.048,0.472,0.26,5.0,6.0,5.5,1.0,2.0,1.5,0.0,0.0,0.0,1.33,1.63,1.48,54.0,72.0,63.0,6.634,6.746,6.69,0.426,0.525,0.47550000000000003,4.0,5.0,4.5,4.0,5.0,4.5,0.0,0.0,0.0,1.0658850987344015,0.45,3.0,0.0,18.0,1.96,2.57
SrZrGaNbO6,0.95,1.81,1.38,120.0,144.0,132.0,5.695,5.999,5.8469999999999995,0.048,0.43,0.239,4.0,5.0,4.5,2.0,13.0,7.5,0.0,10.0,5.0,1.33,1.6,1.465,64.0,72.0,68.0,6.634,6.759,6.6965,0.426,0.917,0.6715,5.0,5.0,5.0,4.0,5.0,4.5,0.0,0.0,0.0,0.9246780984747158,0.4857142857142857,3.0,1.0,8.0,1.9749999999999999,2.06
SrZrGaTaO6,0.95,1.81,1.38,120.0,144.0,132.0,5.695,5.999,5.8469999999999995,0.048,0.43,0.239,4.0,5.0,4.5,2.0,13.0,7.5,0.0,10.0,5.0,1.33,1.5,1.415,64.0,72.0,68.0,6.634,7.55,7.0920000000000005,0.322,0.426,0.374,5.0,6.0,5.5,4.0,5.0,4.5,0.0,0.0,0.0,0.9246780984747158,0.4857142857142857,3.0,1.0,8.0,2.025,2.06
SrZrInNbO6,0.95,1.78,1.365,140.0,144.0,142.0,5.695,5.786,5.7405,0.048,0.3,0.174,5.0,5.0,5.0,2.0,13.0,7.5,0.0,10.0,5.0,1.33,1.6,1.465,64.0,72.0,68.0,6.634,6.759,6.6965,0.426,0.917,0.6715,5.0,5.0,5.0,4.0,5.0,4.5,0.0,0.0,0.0,0.9586736168009922,0.4857142857142857,3.0,1.0,8.0,1.9749999999999999,2.075
SrZrInTaO6,0.95,1.78,1.365,140.0,144.0,142.0,5.695,5.786,5.7405,0.048,0.3,0.174,5.0,5.0,5.0,2.0,13.0,7.5,0.0,10.0,5.0,1.33,1.5,1.415,64.0,72.0,68.0,6.634,7.55,7.0920000000000005,0.322,0.426,0.374,5.0,6.0,5.5,4.0,5.0,4.5,0.0,0.0,0.0,0.9586736168009922,0.4857142857142857,3.0,1.0,8.0,2.025,2.075
SrZrKNbO6,0.82,0.95,0.885,144.0,164.0,154.0,4.341,5.695,5.018000000000001,0.048,0.501,0.2745,4.0,5.0,4.5,1.0,2.0,1.5,0.0,0.0,0.0,1.33,1.6,1.465,64.0,72.0,68.0,6.634,6.759,6.6965,0.426,0.917,0.6715,5.0,5.0,5.0,4.0,5.0,4.5,0.0,0.0,0.0,0.9994682387925238,0.4857142857142857,3.0,0.0,8.0,1.9749999999999999,2.5549999999999997
SrZrKSbO6,0.82,0.95,0.885,144.0,164.0,154.0,4.341,5.695,5.018000000000001,0.048,0.501,0.2745,4.0,5.0,4.5,1.0,2.0,1.5,0.0,0.0,0.0,1.33,2.05,1.69,60.0,72.0,66.0,6.634,8.608,7.621,0.426,1.046,0.736,5.0,5.0,5.0,4.0,15.0,9.5,0.0,10.0,5.0,1.0091718139264318,0.4714285714285714,3.0,0.0,12.0,1.75,2.5549999999999997
SrZrLaAlO6,0.95,1.1,1.025,136.0,144.0,140.0,5.577,5.695,5.636,0.048,0.47,0.259,5.0,6.0,5.5,2.0,3.0,2.5,0.0,0.0,0.0,1.33,1.61,1.4700000000000002,53.5,72.0,62.75,5.986,6.634,6.3100000000000005,0.426,0.433,0.4295,3.0,5.0,4.0,4.0,13.0,8.5,0.0,0.0,0.0,0.9765223118729138,0.44821428571428573,5.0,0.0,18.5,1.9699999999999998,2.415
SrZrLaGaO6,0.95,1.1,1.025,136.0,144.0,140.0,5.577,5.695,5.636,0.048,0.47,0.259,5.0,6.0,5.5,2.0,3.0,2.5,0.0,0.0,0.0,1.33,1.81,1.57,62.0,72.0,67.0,5.999,6.634,6.3165,0.426,0.43,0.428,4.0,5.0,4.5,4.0,13.0,8.5,0.0,10.0,5.0,0.9564729407354265,0.4785714285714286,5.0,0.0,10.0,1.8699999999999999,2.415
SrZrLaInO6,0.95,1.1,1.025,136.0,144.0,140.0,5.577,5.695,5.636,0.048,0.47,0.259,5.0,6.0,5.5,2.0,3.0,2.5,0.0,0.0,0.0,1.33,1.78,1.5550000000000002,72.0,80.0,76.0,5.786,6.634,6.21,0.3,0.426,0.363,5.0,5.0,5.0,4.0,13.0,8.5,0.0,10.0,5.0,0.9166199015381171,0.5428571428571428,5.0,0.0,8.0,1.8849999999999998,2.415
SrZrLiNbO6,0.95,0.98,0.965,92.0,144.0,118.0,5.392,5.695,5.5435,0.048,0.618,0.333,2.0,5.0,3.5,1.0,2.0,1.5,0.0,0.0,0.0,1.33,1.6,1.465,64.0,72.0,68.0,6.634,6.759,6.6965,0.426,0.917,0.6715,5.0,5.0,5.0,4.0,5.0,4.5,0.0,0.0,0.0,0.8770843728179291,0.4857142857142857,3.0,0.0,8.0,1.9749999999999999,2.475
SrZrLiTaO6,0.95,0.98,0.965,92.0,144.0,118.0,5.392,5.695,5.5435,0.048,0.618,0.333,2.0,5.0,3.5,1.0,2.0,1.5,0.0,0.0,0.0,1.33,1.5,1.415,64.0,72.0,68.0,6.634,7.55,7.0920000000000005,0.322,0.426,0.374,5.0,6.0,5.5,4.0,5.0,4.5,0.0,0.0,0.0,0.8770843728179291,0.4857142857142857,3.0,0.0,8.0,2.025,2.475
SrZrLiVO6,0.95,0.98,0.965,92.0,144.0,118.0,5.392,5.695,5.5435,0.048,0.618,0.333,2.0,5.0,3.5,1.0,2.0,1.5,0.0,0.0,0.0,1.33,1.63,1.48,54.0,72.0,63.0,6.634,6.746,6.69,0.426,0.525,0.47550000000000003,4.0,5.0,4.5,4.0,5.0,4.5,0.0,0.0,0.0,0.8986874361878288,0.45,3.0,0.0,18.0,1.96,2.475
SrZrMgTiO6,0.95,1.31,1.13,89.0,144.0,116.5,5.695,7.646,6.6705000000000005,0.0,0.048,0.024,3.0,5.0,4.0,2.0,2.0,2.0,0.0,0.0,0.0,1.33,1.54,1.435,60.5,72.0,66.25,6.634,6.828,6.731,0.079,0.426,0.2525,4.0,5.0,4.5,4.0,4.0,4.0,0.0,0.0,0.0,0.8793837060574518,0.4732142857142857,4.0,0.0,11.5,2.005,2.31
SrZrMgZrO6,0.95,1.31,1.13,89.0,144.0,116.5,5.695,7.646,6.6705000000000005,0.0,0.048,0.024,3.0,5.0,4.0,2.0,2.0,2.0,0.0,0.0,0.0,1.33,1.33,1.33,72.0,72.0,72.0,6.634,6.634,6.634,0.426,0.426,0.426,5.0,5.0,5.0,4.0,4.0,4.0,0.0,0.0,0.0,0.8555324970488181,0.5142857142857142,4.0,0.0,0.0,2.11,2.31
SrZrNaNbO6,0.93,0.95,0.94,139.0,144.0,141.5,5.139,5.695,5.417,0.048,0.548,0.29800000000000004,3.0,5.0,4.0,1.0,2.0,1.5,0.0,0.0,0.0,1.33,1.6,1.465,64.0,72.0,68.0,6.634,6.759,6.6965,0.426,0.917,0.6715,5.0,5.0,5.0,4.0,5.0,4.5,0.0,0.0,0.0,0.9569738408846784,0.4857142857142857,3.0,0.0,8.0,1.9749999999999999,2.5
SrZrNaSbO6,0.93,0.95,0.94,139.0,144.0,141.5,5.139,5.695,5.417,0.048,0.548,0.29800000000000004,3.0,5.0,4.0,1.0,2.0,1.5,0.0,0.0,0.0,1.33,2.05,1.69,60.0,72.0,66.0,6.634,8.608,7.621,0.426,1.046,0.736,5.0,5.0,5.0,4.0,15.0,9.5,0.0,10.0,5.0,0.9662648490486073,0.4714285714285714,3.0,0.0,12.0,1.75,2.5
SrZrNaVO6,0.93,0.95,0.94,139.0,144.0,141.5,5.139,5.695,5.417,0.048,0.548,0.29800000000000004,3.0,5.0,4.0,1.0,2.0,1.5,0.0,0.0,0.0,1.33,1.63,1.48,54.0,72.0,63.0,6.634,6.746,6.69,0.426,0.525,0.47550000000000003,4.0,5.0,4.5,4.0,5.0,4.5,0.0,0.0,0.0,0.9805446251429216,0.45,3.0,0.0,18.0,1.96,2.5
SrZrPbHfO6,0.95,1.8,1.375,144.0,149.0,146.5,5.695,7.417,6.556,0.048,0.357,0.20249999999999999,5.0,6.0,5.5,2.0,14.0,8.0,0.0,10.0,5.0,1.3,1.33,1.315,71.0,72.0,71.5,6.634,6.825,6.7295,0.014,0.426,0.22,5.0,6.0,5.5,4.0,4.0,4.0,0.0,0.0,0.0,0.957853866713692,0.5107142857142857,4.0,1.0,1.0,2.125,2.065
SrZrPbTiO6,0.95,1.8,1.375,144.0,149.0,146.5,5.695,7.417,6.556,0.048,0.357,0.20249999999999999,5.0,6.0,5.5,2.0,14.0,8.0,0.0,10.0,5.0,1.33,1.54,1.435,60.5,72.0,66.25,6.634,6.828,6.731,0.079,0.426,0.2525,4.0,5.0,4.5,4.0,4.0,4.0,0.0,0.0,0.0,0.9822356015027678,0.4732142857142857,4.0,1.0,11.5,2.005,2.065
SrZrPbZrO6,0.95,1.8,1.375,144.0,149.0,146.5,5.695,7.417,6.556,0.048,0.357,0.20249999999999999,5.0,6.0,5.5,2.0,14.0,8.0,0.0,10.0,5.0,1.33,1.33,1.33,72.0,72.0,72.0,6.634,6.634,6.634,0.426,0.426,0.426,5.0,5.0,5.0,4.0,4.0,4.0,0.0,0.0,0.0,0.9555947774054049,0.5142857142857142,4.0,1.0,0.0,2.11,2.065
SrZrRbNbO6,0.82,0.95,0.885,144.0,172.0,158.0,4.177,5.695,4.936,0.048,0.486,0.267,5.0,5.0,5.0,1.0,2.0,1.5,0.0,0.0,0.0,1.33,1.6,1.465,64.0,72.0,68.0,6.634,6.759,6.6965,0.426,0.917,0.6715,5.0,5.0,5.0,4.0,5.0,4.5,0.0,0.0,0.0,1.0130664461230343,0.4857142857142857,3.0,0.0,8.0,1.9749999999999999,2.5549999999999997
SrZrSnHfO6,0.95,1.96,1.455,118.0,144.0,131.0,5.695,7.344,6.519500000000001,0.048,1.112,0.5800000000000001,5.0,5.0,5.0,2.0,14.0,8.0,0.0,10.0,5.0,1.3,1.33,1.315,71.0,72.0,71.5,6.634,6.825,6.7295,0.014,0.426,0.22,5.0,6.0,5.5,4.0,4.0,4.0,0.0,0.0,0.0,0.9060328023714154,0.5107142857142857,4.0,1.0,1.0,2.125,1.9849999999999999
SrZrSnTiO6,0.95,1.96,1.455,118.0,144.0,131.0,5.695,7.344,6.519500000000001,0.048,1.112,0.5800000000000001,5.0,5.0,5.0,2.0,14.0,8.0,0.0,10.0,5.0,1.33,1.54,1.435,60.5,72.0,66.25,6.634,6.828,6.731,0.079,0.426,0.2525,4.0,5.0,4.5,4.0,4.0,4.0,0.0,0.0,0.0,0.9290954555226878,0.4732142857142857,4.0,1.0,11.5,2.005,1.9849999999999999
SrZrSnZrO6,0.95,1.96,1.455,118.0,144.0,131.0,5.695,7.344,6.519500000000001,0.048,1.112,0.5800000000000001,5.0,5.0,5.0,2.0,14.0,8.0,0.0,10.0,5.0,1.33,1.33,1.33,72.0,72.0,72.0,6.634,6.634,6.634,0.426,0.426,0.426,5.0,5.0,5.0,4.0,4.0,4.0,0.0,0.0,0.0,0.9038959325545017,0.5142857142857142,4.0,1.0,0.0,2.11,1.9849999999999999
SrZrSrGeO6,0.95,0.95,0.95,144.0,144.0,144.0,5.695,5.695,5.695,0.048,0.048,0.048,5.0,5.0,5.0,2.0,2.0,2.0,0.0,0.0,0.0,1.33,2.01,1.67,53.0,72.0,62.5,6.634,7.899,7.266500000000001,0.426,1.233,0.8295,4.0,5.0,4.5,4.0,14.0,9.0,0.0,10.0,5.0,0.9916954363307628,0.44642857142857145,4.0,0.0,19.0,1.77,2.49
SrZrSrSiO6,0.95,0.95,0.95,144.0,144.0,144.0,5.695,5.695,5.695,0.048,0.048,0.048,5.0,5.0,5.0,2.0,2.0,2.0,0.0,0.0,0.0,1.33,1.9,1.615,40.0,72.0,56.0,6.634,8.152,7.393,0.426,1.39,0.9079999999999999,3.0,5.0,4.0,4.0,14.0,9.0,0.0,0.0,0.0,1.0245832951886709,0.4,4.0,0.0,32.0,1.825,2.49
SrZrSrSnO6,0.95,0.95,0.95,144.0,144.0,144.0,5.695,5.695,5.695,0.048,0.048,0.048,5.0,5.0,5.0,2.0,2.0,2.0,0.0,0.0,0.0,1.33,1.96,1.645,69.0,72.0,70.5,6.634,7.344,6.989000000000001,0.426,1.112,0.769,5.0,5.0,5.0,4.0,14.0,9.0,0.0,10.0,5.0,0.9540062986079786,0.5035714285714286,4.0,0.0,3.0,1.795,2.49
SrZrSrTiO6,0.95,0.95,0.95,144.0,144.0,144.0,5.695,5.695,5.695,0.048,0.048,0.048,5.0,5.0,5.0,2.0,2.0,2.0,0.0,0.0,0.0,1.33,1.54,1.435,60.5,72.0,66.25,6.634,6.828,6.731,0.079,0.426,0.2525,4.0,5.0,4.5,4.0,4.0,4.0,0.0,0.0,0.0,0.9736646102156581,0.4732142857142857,4.0,0.0,11.5,2.005,2.49
SrZrTlNbO6,0.95,1.8,1.375,144.0,170.0,157.0,5.695,6.108,5.9015,0.048,0.377,0.2125,5.0,6.0,5.5,2.0,13.0,7.5,0.0,10.0,5.0,1.33,1.6,1.465,64.0,72.0,68.0,6.634,6.759,6.6965,0.426,0.917,0.6715,5.0,5.0,5.0,4.0,5.0,4.5,0.0,0.0,0.0,1.0096668942904066,0.4857142857142857,3.0,1.0,8.0,1.9749999999999999,2.065
SrZrTlTaO6,0.95,1.8,1.375,144.0,170.0,157.0,5.695,6.108,5.9015,0.048,0.377,0.2125,5.0,6.0,5.5,2.0,13.0,7.5,0.0,10.0,5.0,1.33,1.5,1.415,64.0,72.0,68.0,6.634,7.55,7.0920000000000005,0.322,0.426,0.374,5.0,6.0,5.5,4.0,5.0,4.5,0.0,0.0,0.0,1.0096668942904066,0.4857142857142857,3.0,1.0,8.0,2.025,2.065
SrZrYAlO6,0.95,1.22,1.085,107.5,144.0,125.75,5.695,6.217,5.9559999999999995,0.048,0.307,0.1775,5.0,5.0,5.0,2.0,3.0,2.5,0.0,0.0,0.0,1.33,1.61,1.4700000000000002,53.5,72.0,62.75,5.986,6.634,6.3100000000000005,0.426,0.433,0.4295,3.0,5.0,4.0,4.0,13.0,8.5,0.0,0.0,0.0,0.926824301357953,0.44821428571428573,5.0,0.0,18.5,1.9699999999999998,2.355
TlNbAgNbO6,1.8,1.93,1.865,128.0,170.0,149.0,6.108,7.576,6.842,0.377,1.302,0.8395,5.0,6.0,5.5,11.0,13.0,12.0,10.0,10.0,10.0,1.6,1.6,1.6,64.0,64.0,64.0,6.759,6.759,6.759,0.917,0.917,0.917,5.0,5.0,5.0,5.0,5.0,5.0,0.0,0.0,0.0,1.0017346066809423,0.45714285714285713,2.0,1.0,0.0,1.8399999999999999,1.575
TlNbBaSnO6,0.89,1.8,1.345,161.0,170.0,165.5,5.212,6.108,5.66,0.145,0.377,0.261,6.0,6.0,6.0,2.0,13.0,7.5,0.0,10.0,5.0,1.6,1.96,1.78,64.0,69.0,66.5,6.759,7.344,7.051500000000001,0.917,1.112,1.0145,5.0,5.0,5.0,5.0,14.0,9.5,0.0,10.0,5.0,1.046107126646442,0.475,3.0,1.0,5.0,1.66,2.0949999999999998
TlNbBaTiO6,0.89,1.8,1.345,161.0,170.0,165.5,5.212,6.108,5.66,0.145,0.377,0.261,6.0,6.0,6.0,2.0,13.0,7.5,0.0,10.0,5.0,1.54,1.6,1.57,60.5,64.0,62.25,6.759,6.828,6.7935,0.079,0.917,0.498,4.0,5.0,4.5,4.0,5.0,4.5,0.0,0.0,0.0,1.0680896002595315,0.4446428571428571,3.0,1.0,3.5,1.8699999999999999,2.0949999999999998
TlNbCaGeO6,1.0,1.8,1.4,134.0,170.0,152.0,6.108,6.113,6.1105,0.025,0.377,0.201,4.0,6.0,5.0,2.0,13.0,7.5,0.0,10.0,5.0,1.6,2.01,1.805,53.0,64.0,58.5,6.759,7.899,7.329000000000001,0.917,1.233,1.0750000000000002,4.0,5.0,4.5,5.0,14.0,9.5,0.0,10.0,5.0,1.0401772297555258,0.41785714285714287,3.0,1.0,11.0,1.635,2.04
TlNbCaSiO6,1.0,1.8,1.4,134.0,170.0,152.0,6.108,6.113,6.1105,0.025,0.377,0.201,4.0,6.0,5.0,2.0,13.0,7.5,0.0,10.0,5.0,1.6,1.9,1.75,40.0,64.0,52.0,6.759,8.152,7.4555,0.917,1.39,1.1535,3.0,5.0,4.0,5.0,14.0,9.5,0.0,0.0,0.0,1.075391563054541,0.37142857142857144,3.0,1.0,24.0,1.69,2.04
TlNbCaSnO6,1.0,1.8,1.4,134.0,170.0,152.0,6.108,6.113,6.1105,0.025,0.377,0.201,4.0,6.0,5.0,2.0,13.0,7.5,0.0,10.0,5.0,1.6,1.96,1.78,64.0,69.0,66.5,6.759,7.344,7.051500000000001,0.917,1.112,1.0145,5.0,5.0,5.0,5.0,14.0,9.5,0.0,10.0,5.0,0.9998798068110017,0.475,3.0,1.0,5.0,1.66,2.04
TlNbCaTiO6,1.0,1.8,1.4,134.0,170.0,152.0,6.108,6.113,6.1105,0.025,0.377,0.201,4.0,6.0,5.0,2.0,13.0,7.5,0.0,10.0,5.0,1.54,1.6,1.57,60.5,64.0,62.25,6.759,6.828,6.7935,0.079,0.917,0.498,4.0,5.0,4.5,4.0,5.0,4.5,0.0,0.0,0.0,1.0208908781531365,0.4446428571428571,3.0,1.0,3.5,1.8699999999999999,2.04
TlNbGaNbO6,1.8,1.81,1.8050000000000002,120.0,170.0,145.0,5.999,6.108,6.0535,0.377,0.43,0.40349999999999997,4.0,6.0,5.0,13.0,13.0,13.0,10.0,10.0,10.0,1.6,1.6,1.6,64.0,64.0,64.0,6.759,6.759,6.759,0.917,0.917,0.917,5.0,5.0,5.0,5.0,5.0,5.0,0.0,0.0,0.0,0.9878697678341473,0.45714285714285713,2.0,2.0,0.0,1.8399999999999999,1.6349999999999998
TlNbLaAlO6,1.1,1.8,1.4500000000000002,136.0,170.0,153.0,5.577,6.108,5.842499999999999,0.377,0.47,0.4235,6.0,6.0,6.0,3.0,13.0,8.0,0.0,10.0,5.0,1.6,1.61,1.605,53.5,64.0,58.75,5.986,6.759,6.3725000000000005,0.433,0.917,0.675,3.0,5.0,4.0,5.0,13.0,9.0,0.0,0.0,0.0,1.042426600692621,0.41964285714285715,4.0,1.0,10.5,1.835,1.9899999999999998
TlNbLaGaO6,1.1,1.8,1.4500000000000002,136.0,170.0,153.0,5.577,6.108,5.842499999999999,0.377,0.47,0.4235,6.0,6.0,6.0,3.0,13.0,8.0,0.0,10.0,5.0,1.6,1.81,1.705,62.0,64.0,63.0,5.999,6.759,6.379,0.43,0.917,0.6735,4.0,5.0,4.5,5.0,13.0,9.0,0.0,10.0,5.0,1.0206023984613715,0.45,4.0,1.0,2.0,1.7349999999999999,1.9899999999999998
TlNbLaInO6,1.1,1.8,1.4500000000000002,136.0,170.0,153.0,5.577,6.108,5.842499999999999,0.377,0.47,0.4235,6.0,6.0,6.0,3.0,13.0,8.0,0.0,10.0,5.0,1.6,1.78,1.69,64.0,80.0,72.0,5.786,6.759,6.2725,0.3,0.917,0.6085,5.0,5.0,5.0,5.0,13.0,9.0,0.0,10.0,5.0,0.9772749381493321,0.5142857142857142,4.0,1.0,16.0,1.75,1.9899999999999998
TlNbLiNbO6,0.98,1.8,1.3900000000000001,92.0,170.0,131.0,5.392,6.108,5.75,0.377,0.618,0.4975,2.0,6.0,4.0,1.0,13.0,7.0,0.0,10.0,5.0,1.6,1.6,1.6,64.0,64.0,64.0,6.759,6.759,6.759,0.917,0.917,0.917,5.0,5.0,5.0,5.0,5.0,5.0,0.0,0.0,0.0,0.9393428318703646,0.45714285714285713,2.0,1.0,0.0,1.8399999999999999,2.05
TlNbMgTiO6,1.31,1.8,1.5550000000000002,89.0,170.0,129.5,6.108,7.646,6.877,0.0,0.377,0.1885,3.0,6.0,4.5,2.0,13.0,7.5,0.0,10.0,5.0,1.54,1.6,1.57,60.5,64.0,62.25,6.759,6.828,6.7935,0.079,0.917,0.498,4.0,5.0,4.5,4.0,5.0,4.5,0.0,0.0,0.0,0.9422263413091448,0.4446428571428571,3.0,1.0,3.5,1.8699999999999999,1.8849999999999998
TlNbNaNbO6,0.93,1.8,1.365,139.0,170.0,154.5,5.139,6.108,5.6235,0.377,0.548,0.4625,3.0,6.0,4.5,1.0,13.0,7.0,0.0,10.0,5.0,1.6,1.6,1.6,64.0,64.0,64.0,6.759,6.759,6.759,0.917,0.917,0.917,5.0,5.0,5.0,5.0,5.0,5.0,0.0,0.0,0.0,1.0207987600952855,0.45714285714285713,2.0,1.0,0.0,1.8399999999999999,2.075
TlNbNaSbO6,0.93,1.8,1.365,139.0,170.0,154.5,5.139,6.108,5.6235,0.377,0.548,0.4625,3.0,6.0,4.5,1.0,13.0,7.0,0.0,10.0,5.0,1.6,2.05,1.825,60.0,64.0,62.0,6.759,8.608,7.6835,0.917,1.046,0.9815,5.0,5.0,5.0,5.0,15.0,10.0,0.0,10.0,5.0,1.0309056785120705,0.44285714285714284,2.0,1.0,4.0,1.615,2.075
TlNbSnTiO6,1.8,1.96,1.88,118.0,170.0,144.0,6.108,7.344,6.726,0.377,1.112,0.7445,5.0,6.0,5.5,13.0,14.0,13.5,10.0,10.0,10.0,1.54,1.6,1.57,60.5,64.0,62.25,6.759,6.828,6.7935,0.079,0.917,0.498,4.0,5.0,4.5,4.0,5.0,4.5,0.0,0.0,0.0,0.9929212650530506,0.4446428571428571,3.0,2.0,3.5,1.8699999999999999,1.56
TlNbSrGeO6,0.95,1.8,1.375,144.0,170.0,157.0,5.695,6.108,5.9015,0.048,0.377,0.2125,5.0,6.0,5.5,2.0,13.0,7.5,0.0,10.0,5.0,1.6,2.01,1.805,53.0,64.0,58.5,6.759,7.899,7.329000000000001,0.917,1.233,1.0750000000000002,4.0,5.0,4.5,5.0,14.0,9.5,0.0,10.0,5.0,1.0579884836896958,0.41785714285714287,3.0,1.0,11.0,1.635,2.065
TlNbSrSiO6,0.95,1.8,1.375,144.0,170.0,157.0,5.695,6.108,5.9015,0.048,0.377,0.2125,5.0,6.0,5.5,2.0,13.0,7.5,0.0,10.0,5.0,1.6,1.9,1.75,40.0,64.0,52.0,6.759,8.152,7.4555,0.917,1.39,1.1535,3.0,5.0,4.0,5.0,14.0,9.5,0.0,0.0,0.0,1.0938058021479407,0.37142857142857144,3.0,1.0,24.0,1.69,2.065
TlNbSrSnO6,0.95,1.8,1.375,144.0,170.0,157.0,5.695,6.108,5.9015,0.048,0.377,0.2125,5.0,6.0,5.5,2.0,13.0,7.5,0.0,10.0,5.0,1.6,1.96,1.78,64.0,69.0,66.5,6.759,7.344,7.051500000000001,0.917,1.112,1.0145,5.0,5.0,5.0,5.0,14.0,9.5,0.0,10.0,5.0,1.0170010363796833,0.475,3.0,1.0,5.0,1.66,2.065
TlNbSrTiO6,0.95,1.8,1.375,144.0,170.0,157.0,5.695,6.108,5.9015,0.048,0.377,0.2125,5.0,6.0,5.5,2.0,13.0,7.5,0.0,10.0,5.0,1.54,1.6,1.57,60.5,64.0,62.25,6.759,6.828,6.7935,0.079,0.917,0.498,4.0,5.0,4.5,4.0,5.0,4.5,0.0,0.0,0.0,1.03837188634069,0.4446428571428571,3.0,1.0,3.5,1.8699999999999999,2.065
TlNbTlTaO6,1.8,1.8,1.8,170.0,170.0,170.0,6.108,6.108,6.108,0.377,0.377,0.377,6.0,6.0,6.0,13.0,13.0,13.0,10.0,10.0,10.0,1.5,1.6,1.55,64.0,64.0,64.0,6.759,7.55,7.1545000000000005,0.322,0.917,0.6195,5.0,6.0,5.5,5.0,5.0,5.0,0.0,0.0,0.0,1.0745250106266164,0.45714285714285713,2.0,2.0,0.0,1.89,1.64
TlNbYAlO6,1.22,1.8,1.51,107.5,170.0,138.75,6.108,6.217,6.1625,0.307,0.377,0.34199999999999997,5.0,6.0,5.5,3.0,13.0,8.0,0.0,10.0,5.0,1.6,1.61,1.605,53.5,64.0,58.75,5.986,6.759,6.3725000000000005,0.433,0.917,0.675,3.0,5.0,4.0,5.0,13.0,9.0,0.0,0.0,0.0,0.9917283786452836,0.41964285714285715,4.0,1.0,10.5,1.835,1.93
TlTaAgNbO6,1.8,1.93,1.865,128.0,170.0,149.0,6.108,7.576,6.842,0.377,1.302,0.8395,5.0,6.0,5.5,11.0,13.0,12.0,10.0,10.0,10.0,1.5,1.6,1.55,64.0,64.0,64.0,6.759,7.55,7.1545000000000005,0.322,0.917,0.6195,5.0,6.0,5.5,5.0,5.0,5.0,0.0,0.0,0.0,1.0017346066809423,0.45714285714285713,2.0,1.0,0.0,1.89,1.575
TlTaAgTaO6,1.8,1.93,1.865,128.0,170.0,149.0,6.108,7.576,6.842,0.377,1.302,0.8395,5.0,6.0,5.5,11.0,13.0,12.0,10.0,10.0,10.0,1.5,1.5,1.5,64.0,64.0,64.0,7.55,7.55,7.55,0.322,0.322,0.322,6.0,6.0,6.0,5.0,5.0,5.0,0.0,0.0,0.0,1.0017346066809423,0.45714285714285713,2.0,1.0,0.0,1.94,1.575
TlTaBaSnO6,0.89,1.8,1.345,161.0,170.0,165.5,5.212,6.108,5.66,0.145,0.377,0.261,6.0,6.0,6.0,2.0,13.0,7.5,0.0,10.0,5.0,1.5,1.96,1.73,64.0,69.0,66.5,7.344,7.55,7.447,0.322,1.112,0.7170000000000001,5.0,6.0,5.5,5.0,14.0,9.5,0.0,10.0,5.0,1.046107126646442,0.475,3.0,1.0,5.0,1.71,2.0949999999999998
TlTaCaGeO6,1.0,1.8,1.4,134.0,170.0,152.0,6.108,6.113,6.1105,0.025,0.377,0.201,4.0,6.0,5.0,2.0,13.0,7.5,0.0,10.0,5.0,1.5,2.01,1.755,53.0,64.0,58.5,7.55,7.899,7.7245,0.322,1.233,0.7775000000000001,4.0,6.0,5.0,5.0,14.0,9.5,0.0,10.0,5.0,1.0401772297555258,0.41785714285714287,3.0,1.0,11.0,1.685,2.04
TlTaCaSiO6,1.0,1.8,1.4,134.0,170.0,152.0,6.108,6.113,6.1105,0.025,0.377,0.201,4.0,6.0,5.0,2.0,13.0,7.5,0.0,10.0,5.0,1.5,1.9,1.7,40.0,64.0,52.0,7.55,8.152,7.850999999999999,0.322,1.39,0.856,3.0,6.0,4.5,5.0,14.0,9.5,0.0,0.0,0.0,1.075391563054541,0.37142857142857144,3.0,1.0,24.0,1.74,2.04
TlTaCaSnO6,1.0,1.8,1.4,134.0,170.0,152.0,6.108,6.113,6.1105,0.025,0.377,0.201,4.0,6.0,5.0,2.0,13.0,7.5,0.0,10.0,5.0,1.5,1.96,1.73,64.0,69.0,66.5,7.344,7.55,7.447,0.322,1.112,0.7170000000000001,5.0,6.0,5.5,5.0,14.0,9.5,0.0,10.0,5.0,0.9998798068110017,0.475,3.0,1.0,5.0,1.71,2.04
TlTaCaTiO6,1.0,1.8,1.4,134.0,170.0,152.0,6.108,6.113,6.1105,0.025,0.377,0.201,4.0,6.0,5.0,2.0,13.0,7.5,0.0,10.0,5.0,1.5,1.54,1.52,60.5,64.0,62.25,6.828,7.55,7.189,0.079,0.322,0.2005,4.0,6.0,5.0,4.0,5.0,4.5,0.0,0.0,0.0,1.0208908781531365,0.4446428571428571,3.0,1.0,3.5,1.92,2.04
TlTaCsNbO6,0.79,1.8,1.295,170.0,188.0,179.0,3.894,6.108,5.0009999999999994,0.377,0.472,0.4245,6.0,6.0,6.0,1.0,13.0,7.0,0.0,10.0,5.0,1.5,1.6,1.55,64.0,64.0,64.0,6.759,7.55,7.1545000000000005,0.322,0.917,0.6195,5.0,6.0,5.5,5.0,5.0,5.0,0.0,0.0,0.0,1.105720898031905,0.45714285714285713,2.0,1.0,0.0,1.89,2.145
TlTaGaNbO6,1.8,1.81,1.8050000000000002,120.0,170.0,145.0,5.999,6.108,6.0535,0.377,0.43,0.40349999999999997,4.0,6.0,5.0,13.0,13.0,13.0,10.0,10.0,10.0,1.5,1.6,1.55,64.0,64.0,64.0,6.759,7.55,7.1545000000000005,0.322,0.917,0.6195,5.0,6.0,5.5,5.0,5.0,5.0,0.0,0.0,0.0,0.9878697678341473,0.45714285714285713,2.0,2.0,0.0,1.89,1.6349999999999998
TlTaKNbO6,0.82,1.8,1.31,164.0,170.0,167.0,4.341,6.108,5.2245,0.377,0.501,0.439,4.0,6.0,5.0,1.0,13.0,7.0,0.0,10.0,5.0,1.5,1.6,1.55,64.0,64.0,64.0,6.759,7.55,7.1545000000000005,0.322,0.917,0.6195,5.0,6.0,5.5,5.0,5.0,5.0,0.0,0.0,0.0,1.06412638149152,0.45714285714285713,2.0,1.0,0.0,1.89,2.13
TlTaKSbO6,0.82,1.8,1.31,164.0,170.0,167.0,4.341,6.108,5.2245,0.377,0.501,0.439,4.0,6.0,5.0,1.0,13.0,7.0,0.0,10.0,5.0,1.5,2.05,1.775,60.0,64.0,62.0,7.55,8.608,8.079,0.322,1.046,0.684,5.0,6.0,5.5,5.0,15.0,10.0,0.0,10.0,5.0,1.0746622862587627,0.44285714285714284,2.0,1.0,4.0,1.665,2.13
TlTaLaAlO6,1.1,1.8,1.4500000000000002,136.0,170.0,153.0,5.577,6.108,5.842499999999999,0.377,0.47,0.4235,6.0,6.0,6.0,3.0,13.0,8.0,0.0,10.0,5.0,1.5,1.61,1.5550000000000002,53.5,64.0,58.75,5.986,7.55,6.768,0.322,0.433,0.3775,3.0,6.0,4.5,5.0,13.0,9.0,0.0,0.0,0.0,1.042426600692621,0.41964285714285715,4.0,1.0,10.5,1.8849999999999998,1.9899999999999998
TlTaLaGaO6,1.1,1.8,1.4500000000000002,136.0,170.0,153.0,5.577,6.108,5.842499999999999,0.377,0.47,0.4235,6.0,6.0,6.0,3.0,13.0,8.0,0.0,10.0,5.0,1.5,1.81,1.655,62.0,64.0,63.0,5.999,7.55,6.7745,0.322,0.43,0.376,4.0,6.0,5.0,5.0,13.0,9.0,0.0,10.0,5.0,1.0206023984613715,0.45,4.0,1.0,2.0,1.785,1.9899999999999998
TlTaLaInO6,1.1,1.8,1.4500000000000002,136.0,170.0,153.0,5.577,6.108,5.842499999999999,0.377,0.47,0.4235,6.0,6.0,6.0,3.0,13.0,8.0,0.0,10.0,5.0,1.5,1.78,1.6400000000000001,64.0,80.0,72.0,5.786,7.55,6.667999999999999,0.3,0.322,0.311,5.0,6.0,5.5,5.0,13.0,9.0,0.0,10.0,5.0,0.9772749381493321,0.5142857142857142,4.0,1.0,16.0,1.7999999999999998,1.9899999999999998
TlTaLiNbO6,0.98,1.8,1.3900000000000001,92.0,170.0,131.0,5.392,6.108,5.75,0.377,0.618,0.4975,2.0,6.0,4.0,1.0,13.0,7.0,0.0,10.0,5.0,1.5,1.6,1.55,64.0,64.0,64.0,6.759,7.55,7.1545000000000005,0.322,0.917,0.6195,5.0,6.0,5.5,5.0,5.0,5.0,0.0,0.0,0.0,0.9393428318703646,0.45714285714285713,2.0,1.0,0.0,1.89,2.05
TlTaMgTiO6,1.31,1.8,1.5550000000000002,89.0,170.0,129.5,6.108,7.646,6.877,0.0,0.377,0.1885,3.0,6.0,4.5,2.0,13.0,7.5,0.0,10.0,5.0,1.5,1.54,1.52,60.5,64.0,62.25,6.828,7.55,7.189,0.079,0.322,0.2005,4.0,6.0,5.0,4.0,5.0,4.5,0.0,0.0,0.0,0.9422263413091448,0.4446428571428571,3.0,1.0,3.5,1.92,1.8849999999999998
TlTaNaNbO6,0.93,1.8,1.365,139.0,170.0,154.5,5.139,6.108,5.6235,0.377,0.548,0.4625,3.0,6.0,4.5,1.0,13.0,7.0,0.0,10.0,5.0,1.5,1.6,1.55,64.0,64.0,64.0,6.759,7.55,7.1545000000000005,0.322,0.917,0.6195,5.0,6.0,5.5,5.0,5.0,5.0,0.0,0.0,0.0,1.0207987600952855,0.45714285714285713,2.0,1.0,0.0,1.89,2.075
TlTaNaSbO6,0.93,1.8,1.365,139.0,170.0,154.5,5.139,6.108,5.6235,0.377,0.548,0.4625,3.0,6.0,4.5,1.0,13.0,7.0,0.0,10.0,5.0,1.5,2.05,1.775,60.0,64.0,62.0,7.55,8.608,8.079,0.322,1.046,0.684,5.0,6.0,5.5,5.0,15.0,10.0,0.0,10.0,5.0,1.0309056785120705,0.44285714285714284,2.0,1.0,4.0,1.665,2.075
TlTaPbTiO6,1.8,1.8,1.8,149.0,170.0,159.5,6.108,7.417,6.762499999999999,0.357,0.377,0.367,6.0,6.0,6.0,13.0,14.0,13.5,10.0,10.0,10.0,1.5,1.54,1.52,60.5,64.0,62.25,6.828,7.55,7.189,0.079,0.322,0.2005,4.0,6.0,5.0,4.0,5.0,4.5,0.0,0.0,0.0,1.047112390434467,0.4446428571428571,3.0,2.0,3.5,1.92,1.64
TlTaPbZrO6,1.8,1.8,1.8,149.0,170.0,159.5,6.108,7.417,6.762499999999999,0.357,0.377,0.367,6.0,6.0,6.0,13.0,14.0,13.5,10.0,10.0,10.0,1.33,1.5,1.415,64.0,72.0,68.0,6.634,7.55,7.0920000000000005,0.322,0.426,0.374,5.0,6.0,5.5,4.0,5.0,4.5,0.0,0.0,0.0,1.0181657738719758,0.4857142857142857,3.0,2.0,8.0,2.025,1.64
TlTaSnHfO6,1.8,1.96,1.88,118.0,170.0,144.0,6.108,7.344,6.726,0.377,1.112,0.7445,5.0,6.0,5.5,13.0,14.0,13.5,10.0,10.0,10.0,1.3,1.5,1.4,64.0,71.0,67.5,6.825,7.55,7.1875,0.014,0.322,0.168,6.0,6.0,6.0,4.0,5.0,4.5,0.0,0.0,0.0,0.9677991607565276,0.48214285714285715,3.0,2.0,7.0,2.04,1.56
TlTaSnTiO6,1.8,1.96,1.88,118.0,170.0,144.0,6.108,7.344,6.726,0.377,1.112,0.7445,5.0,6.0,5.5,13.0,14.0,13.5,10.0,10.0,10.0,1.5,1.54,1.52,60.5,64.0,62.25,6.828,7.55,7.189,0.079,0.322,0.2005,4.0,6.0,5.0,4.0,5.0,4.5,0.0,0.0,0.0,0.9929212650530506,0.4446428571428571,3.0,2.0,3.5,1.92,1.56
TlTaSrGeO6,0.95,1.8,1.375,144.0,170.0,157.0,5.695,6.108,5.9015,0.048,0.377,0.2125,5.0,6.0,5.5,2.0,13.0,7.5,0.0,10.0,5.0,1.5,2.01,1.755,53.0,64.0,58.5,7.55,7.899,7.7245,0.322,1.233,0.7775000000000001,4.0,6.0,5.0,5.0,14.0,9.5,0.0,10.0,5.0,1.0579884836896958,0.41785714285714287,3.0,1.0,11.0,1.685,2.065
TlTaSrSiO6,0.95,1.8,1.375,144.0,170.0,157.0,5.695,6.108,5.9015,0.048,0.377,0.2125,5.0,6.0,5.5,2.0,13.0,7.5,0.0,10.0,5.0,1.5,1.9,1.7,40.0,64.0,52.0,7.55,8.152,7.850999999999999,0.322,1.39,0.856,3.0,6.0,4.5,5.0,14.0,9.5,0.0,0.0,0.0,1.0938058021479407,0.37142857142857144,3.0,1.0,24.0,1.74,2.065
TlTaSrSnO6,0.95,1.8,1.375,144.0,170.0,157.0,5.695,6.108,5.9015,0.048,0.377,0.2125,5.0,6.0,5.5,2.0,13.0,7.5,0.0,10.0,5.0,1.5,1.96,1.73,64.0,69.0,66.5,7.344,7.55,7.447,0.322,1.112,0.7170000000000001,5.0,6.0,5.5,5.0,14.0,9.5,0.0,10.0,5.0,1.0170010363796833,0.475,3.0,1.0,5.0,1.71,2.065
TlTaSrTiO6,0.95,1.8,1.375,144.0,170.0,157.0,5.695,6.108,5.9015,0.048,0.377,0.2125,5.0,6.0,5.5,2.0,13.0,7.5,0.0,10.0,5.0,1.5,1.54,1.52,60.5,64.0,62.25,6.828,7.55,7.189,0.079,0.322,0.2005,4.0,6.0,5.0,4.0,5.0,4.5,0.0,0.0,0.0,1.03837188634069,0.4446428571428571,3.0,1.0,3.5,1.92,2.065
TlTaYAlO6,1.22,1.8,1.51,107.5,170.0,138.75,6.108,6.217,6.1625,0.307,0.377,0.34199999999999997,5.0,6.0,5.5,3.0,13.0,8.0,0.0,10.0,5.0,1.5,1.61,1.5550000000000002,53.5,64.0,58.75,5.986,7.55,6.768,0.322,0.433,0.3775,3.0,6.0,4.5,5.0,13.0,9.0,0.0,0.0,0.0,0.9917283786452836,0.41964285714285715,4.0,1.0,10.5,1.8849999999999998,1.93
